2025-01-05 19:12:26,658 - INFO - Starting spectral analysis pipeline
2025-01-05 19:12:26,658 - INFO - Configuration: AnalysisConfig(data_folder='/Users/tomsayada/spectral_analysis_project/data/obs', use_simulated=False, profile_type='sym', fit_type='standard', fit_baseline=False, use_weighted=True, parallel_processing=False, max_workers=4, save_intermediates=True, lines_to_fit={'He4026': 1.0, 'He4388': 1.0, 'He4471': 1.0, 'H4340': 0.7}, retry_failed=True, max_retries=3)
2025-01-05 19:12:26,658 - INFO - Processing 1 folder(s)
2025-01-05 19:12:26,659 - INFO - Running sequential analysis
2025-01-05 19:12:26,659 - ERROR - Error validating folder /Users/tomsayada/spectral_analysis_project/data/obs: No observation files found in /Users/tomsayada/spectral_analysis_project/data/obs
2025-01-05 19:12:26,659 - INFO - 
Analysis complete:
2025-01-05 19:12:26,659 - INFO -   Successful: 0/1
2025-01-05 19:12:26,659 - INFO -   Results saved in: /Users/tomsayada/spectral_analysis_project/data/obs/analysis_results_20250105_191226
2025-01-05 19:12:26,659 - WARNING - Some analyses failed. Check analysis_summary.json for details
2025-01-05 19:13:18,451 - INFO - Starting spectral analysis pipeline
2025-01-05 19:13:18,451 - INFO - Configuration: AnalysisConfig(data_folder='/Users/tomsayada/spectral_analysis_project/data/obs', use_simulated=False, profile_type='sym', fit_type='standard', fit_baseline=False, use_weighted=True, parallel_processing=False, max_workers=4, save_intermediates=True, lines_to_fit={'He4026': 1.0, 'He4388': 1.0, 'He4471': 1.0, 'H4340': 0.7}, retry_failed=True, max_retries=3)
2025-01-05 19:13:18,452 - INFO - Processing 1 folder(s)
2025-01-05 19:13:18,452 - INFO - Running sequential analysis
2025-01-05 19:13:18,452 - ERROR - Error validating folder /Users/tomsayada/spectral_analysis_project/data/obs: No observation files found in /Users/tomsayada/spectral_analysis_project/data/obs
2025-01-05 19:13:18,452 - INFO - 
Analysis complete:
2025-01-05 19:13:18,452 - INFO -   Successful: 0/1
2025-01-05 19:13:18,452 - INFO -   Results saved in: /Users/tomsayada/spectral_analysis_project/data/obs/analysis_results_20250105_191318
2025-01-05 19:13:18,452 - WARNING - Some analyses failed. Check analysis_summary.json for details
2025-01-05 19:14:24,392 - INFO - Starting spectral analysis pipeline
2025-01-05 19:14:24,392 - INFO - Configuration: AnalysisConfig(data_folder='/Users/tomsayada/Users/tomsayada/spectral_analysis_project/data/K_1_50.0_K_2_100.0_SNR_50.0_Q_0.5', use_simulated=False, profile_type='sym', fit_type='standard', fit_baseline=False, use_weighted=True, parallel_processing=False, max_workers=4, save_intermediates=True, lines_to_fit={'He4026': 1.0, 'He4388': 1.0, 'He4471': 1.0, 'H4340': 0.7}, retry_failed=True, max_retries=3)
2025-01-05 19:14:24,393 - INFO - Processing 1 folder(s)
2025-01-05 19:14:24,393 - INFO - Running sequential analysis
2025-01-05 19:14:24,393 - ERROR - Error validating folder /Users/tomsayada/Users/tomsayada/spectral_analysis_project/data/K_1_50.0_K_2_100.0_SNR_50.0_Q_0.5: No observation files found in /Users/tomsayada/Users/tomsayada/spectral_analysis_project/data/K_1_50.0_K_2_100.0_SNR_50.0_Q_0.5
2025-01-05 19:14:24,393 - INFO - 
Analysis complete:
2025-01-05 19:14:24,393 - INFO -   Successful: 0/1
2025-01-05 19:14:24,393 - INFO -   Results saved in: /Users/tomsayada/Users/tomsayada/spectral_analysis_project/data/K_1_50.0_K_2_100.0_SNR_50.0_Q_0.5/analysis_results_20250105_191424
2025-01-05 19:14:24,393 - WARNING - Some analyses failed. Check analysis_summary.json for details
2025-01-05 19:18:23,615 - INFO - Starting spectral analysis pipeline
2025-01-05 19:18:23,615 - INFO - Configuration: AnalysisConfig(data_folder='/Users/tomsayada/Users/tomsayada/spectral_analysis_project/data/K_1_50.0_K_2_100.0_SNR_50.0_Q_0.5/simulation_1', use_simulated=False, profile_type='sym', fit_type='standard', fit_baseline=False, use_weighted=True, parallel_processing=False, max_workers=4, save_intermediates=True, lines_to_fit={'He4026': 1.0, 'He4388': 1.0, 'He4471': 1.0, 'H4340': 0.7}, retry_failed=True, max_retries=3)
2025-01-05 19:18:23,615 - INFO - Processing 1 folder(s)
2025-01-05 19:18:23,615 - INFO - Running sequential analysis
2025-01-05 19:18:23,615 - ERROR - Error validating folder /Users/tomsayada/Users/tomsayada/spectral_analysis_project/data/K_1_50.0_K_2_100.0_SNR_50.0_Q_0.5/simulation_1: No observation files found in /Users/tomsayada/Users/tomsayada/spectral_analysis_project/data/K_1_50.0_K_2_100.0_SNR_50.0_Q_0.5/simulation_1
2025-01-05 19:18:23,616 - INFO - 
Analysis complete:
2025-01-05 19:18:23,616 - INFO -   Successful: 0/1
2025-01-05 19:18:23,616 - INFO -   Results saved in: /Users/tomsayada/Users/tomsayada/spectral_analysis_project/data/K_1_50.0_K_2_100.0_SNR_50.0_Q_0.5/simulation_1/analysis_results_20250105_191823
2025-01-05 19:18:23,616 - WARNING - Some analyses failed. Check analysis_summary.json for details
2025-01-05 19:27:29,565 - INFO - Starting spectral analysis pipeline
2025-01-05 19:27:29,566 - INFO - Configuration: AnalysisConfig(data_folder='/Users/tomsayada/spectral_analysis_project/data/K_1_50.0_K_2_100.0_SNR_50.0_Q_0.5', use_simulated=True, profile_type='sym', fit_type='standard', fit_baseline=False, use_weighted=True, parallel_processing=True, max_workers=4, save_intermediates=True, lines_to_fit={'He4026': 1.0, 'He4388': 1.0, 'He4471': 1.0}, retry_failed=True, max_retries=3)
2025-01-05 19:27:29,566 - INFO - Found 10 simulation folder(s)
2025-01-05 19:27:29,567 - INFO - Processing 10 folder(s)
2025-01-05 19:27:29,567 - INFO - Running parallel analysis with 4 workers
2025-01-05 19:27:29,649 - INFO - Running analysis for /Users/tomsayada/spectral_analysis_project/data/K_1_50.0_K_2_100.0_SNR_50.0_Q_0.5/simulation_1
2025-01-05 19:27:29,651 - INFO - Running analysis for /Users/tomsayada/spectral_analysis_project/data/K_1_50.0_K_2_100.0_SNR_50.0_Q_0.5/simulation_2
2025-01-05 19:27:29,652 - INFO - Running analysis for /Users/tomsayada/spectral_analysis_project/data/K_1_50.0_K_2_100.0_SNR_50.0_Q_0.5/simulation_3
2025-01-05 19:27:29,654 - INFO - Running analysis for /Users/tomsayada/spectral_analysis_project/data/K_1_50.0_K_2_100.0_SNR_50.0_Q_0.5/simulation_4
2025-01-05 19:27:30,370 - ERROR - Analysis failed: Command '['/usr/local/bin/python3.13', '/Users/tomsayada/spectral_analysis_project/src/run_standard_fit.py', '--data_dir', '/Users/tomsayada/spectral_analysis_project/data/K_1_50.0_K_2_100.0_SNR_50.0_Q_0.5/simulation_2', '--output_dir', '/Users/tomsayada/spectral_analysis_project/data/K_1_50.0_K_2_100.0_SNR_50.0_Q_0.5/analysis_results_20250105_192729/simulation_2/standard_sym_weighted_nobaseline_fit_results', '--profile_type', 'sym', '--lines', 'He4026,He4388,He4471', '--save_intermediates', '--line_weights', 'He4026:1.0,He4388:1.0,He4471:1.0']' returned non-zero exit status 1.
Output: 
2025-01-05 19:27:30,370 - INFO - Retrying analysis for /Users/tomsayada/spectral_analysis_project/data/K_1_50.0_K_2_100.0_SNR_50.0_Q_0.5/simulation_2 (attempt 1)
2025-01-05 19:27:30,370 - ERROR - Analysis failed: Command '['/usr/local/bin/python3.13', '/Users/tomsayada/spectral_analysis_project/src/run_standard_fit.py', '--data_dir', '/Users/tomsayada/spectral_analysis_project/data/K_1_50.0_K_2_100.0_SNR_50.0_Q_0.5/simulation_3', '--output_dir', '/Users/tomsayada/spectral_analysis_project/data/K_1_50.0_K_2_100.0_SNR_50.0_Q_0.5/analysis_results_20250105_192729/simulation_3/standard_sym_weighted_nobaseline_fit_results', '--profile_type', 'sym', '--lines', 'He4026,He4388,He4471', '--save_intermediates', '--line_weights', 'He4026:1.0,He4388:1.0,He4471:1.0']' returned non-zero exit status 1.
Output: 
2025-01-05 19:27:30,370 - INFO - Retrying analysis for /Users/tomsayada/spectral_analysis_project/data/K_1_50.0_K_2_100.0_SNR_50.0_Q_0.5/simulation_3 (attempt 1)
2025-01-05 19:27:30,370 - ERROR - Analysis failed: Command '['/usr/local/bin/python3.13', '/Users/tomsayada/spectral_analysis_project/src/run_standard_fit.py', '--data_dir', '/Users/tomsayada/spectral_analysis_project/data/K_1_50.0_K_2_100.0_SNR_50.0_Q_0.5/simulation_4', '--output_dir', '/Users/tomsayada/spectral_analysis_project/data/K_1_50.0_K_2_100.0_SNR_50.0_Q_0.5/analysis_results_20250105_192729/simulation_4/standard_sym_weighted_nobaseline_fit_results', '--profile_type', 'sym', '--lines', 'He4026,He4388,He4471', '--save_intermediates', '--line_weights', 'He4026:1.0,He4388:1.0,He4471:1.0']' returned non-zero exit status 1.
Output: 
2025-01-05 19:27:30,370 - INFO - Running analysis for /Users/tomsayada/spectral_analysis_project/data/K_1_50.0_K_2_100.0_SNR_50.0_Q_0.5/simulation_2
2025-01-05 19:27:30,370 - INFO - Retrying analysis for /Users/tomsayada/spectral_analysis_project/data/K_1_50.0_K_2_100.0_SNR_50.0_Q_0.5/simulation_4 (attempt 1)
2025-01-05 19:27:30,370 - INFO - Running analysis for /Users/tomsayada/spectral_analysis_project/data/K_1_50.0_K_2_100.0_SNR_50.0_Q_0.5/simulation_3
2025-01-05 19:27:30,370 - INFO - Running analysis for /Users/tomsayada/spectral_analysis_project/data/K_1_50.0_K_2_100.0_SNR_50.0_Q_0.5/simulation_4
2025-01-05 19:27:30,374 - ERROR - Analysis failed: Command '['/usr/local/bin/python3.13', '/Users/tomsayada/spectral_analysis_project/src/run_standard_fit.py', '--data_dir', '/Users/tomsayada/spectral_analysis_project/data/K_1_50.0_K_2_100.0_SNR_50.0_Q_0.5/simulation_1', '--output_dir', '/Users/tomsayada/spectral_analysis_project/data/K_1_50.0_K_2_100.0_SNR_50.0_Q_0.5/analysis_results_20250105_192729/simulation_1/standard_sym_weighted_nobaseline_fit_results', '--profile_type', 'sym', '--lines', 'He4026,He4388,He4471', '--save_intermediates', '--line_weights', 'He4026:1.0,He4388:1.0,He4471:1.0']' returned non-zero exit status 1.
Output: 
2025-01-05 19:27:30,375 - INFO - Retrying analysis for /Users/tomsayada/spectral_analysis_project/data/K_1_50.0_K_2_100.0_SNR_50.0_Q_0.5/simulation_1 (attempt 1)
2025-01-05 19:27:30,375 - INFO - Running analysis for /Users/tomsayada/spectral_analysis_project/data/K_1_50.0_K_2_100.0_SNR_50.0_Q_0.5/simulation_1
2025-01-05 19:27:30,887 - ERROR - Analysis failed: Command '['/usr/local/bin/python3.13', '/Users/tomsayada/spectral_analysis_project/src/run_standard_fit.py', '--data_dir', '/Users/tomsayada/spectral_analysis_project/data/K_1_50.0_K_2_100.0_SNR_50.0_Q_0.5/simulation_2', '--output_dir', '/Users/tomsayada/spectral_analysis_project/data/K_1_50.0_K_2_100.0_SNR_50.0_Q_0.5/analysis_results_20250105_192729/simulation_2/standard_sym_weighted_nobaseline_fit_results', '--profile_type', 'sym', '--lines', 'He4026,He4388,He4471', '--save_intermediates', '--line_weights', 'He4026:1.0,He4388:1.0,He4471:1.0']' returned non-zero exit status 1.
Output: 
2025-01-05 19:27:30,887 - INFO - Retrying analysis for /Users/tomsayada/spectral_analysis_project/data/K_1_50.0_K_2_100.0_SNR_50.0_Q_0.5/simulation_2 (attempt 2)
2025-01-05 19:27:30,887 - INFO - Running analysis for /Users/tomsayada/spectral_analysis_project/data/K_1_50.0_K_2_100.0_SNR_50.0_Q_0.5/simulation_2
2025-01-05 19:27:30,887 - ERROR - Analysis failed: Command '['/usr/local/bin/python3.13', '/Users/tomsayada/spectral_analysis_project/src/run_standard_fit.py', '--data_dir', '/Users/tomsayada/spectral_analysis_project/data/K_1_50.0_K_2_100.0_SNR_50.0_Q_0.5/simulation_4', '--output_dir', '/Users/tomsayada/spectral_analysis_project/data/K_1_50.0_K_2_100.0_SNR_50.0_Q_0.5/analysis_results_20250105_192729/simulation_4/standard_sym_weighted_nobaseline_fit_results', '--profile_type', 'sym', '--lines', 'He4026,He4388,He4471', '--save_intermediates', '--line_weights', 'He4026:1.0,He4388:1.0,He4471:1.0']' returned non-zero exit status 1.
Output: 
2025-01-05 19:27:30,888 - INFO - Retrying analysis for /Users/tomsayada/spectral_analysis_project/data/K_1_50.0_K_2_100.0_SNR_50.0_Q_0.5/simulation_4 (attempt 2)
2025-01-05 19:27:30,887 - ERROR - Analysis failed: Command '['/usr/local/bin/python3.13', '/Users/tomsayada/spectral_analysis_project/src/run_standard_fit.py', '--data_dir', '/Users/tomsayada/spectral_analysis_project/data/K_1_50.0_K_2_100.0_SNR_50.0_Q_0.5/simulation_3', '--output_dir', '/Users/tomsayada/spectral_analysis_project/data/K_1_50.0_K_2_100.0_SNR_50.0_Q_0.5/analysis_results_20250105_192729/simulation_3/standard_sym_weighted_nobaseline_fit_results', '--profile_type', 'sym', '--lines', 'He4026,He4388,He4471', '--save_intermediates', '--line_weights', 'He4026:1.0,He4388:1.0,He4471:1.0']' returned non-zero exit status 1.
Output: 
2025-01-05 19:27:30,888 - INFO - Retrying analysis for /Users/tomsayada/spectral_analysis_project/data/K_1_50.0_K_2_100.0_SNR_50.0_Q_0.5/simulation_3 (attempt 2)
2025-01-05 19:27:30,888 - INFO - Running analysis for /Users/tomsayada/spectral_analysis_project/data/K_1_50.0_K_2_100.0_SNR_50.0_Q_0.5/simulation_4
2025-01-05 19:27:30,888 - INFO - Running analysis for /Users/tomsayada/spectral_analysis_project/data/K_1_50.0_K_2_100.0_SNR_50.0_Q_0.5/simulation_3
2025-01-05 19:27:30,892 - ERROR - Analysis failed: Command '['/usr/local/bin/python3.13', '/Users/tomsayada/spectral_analysis_project/src/run_standard_fit.py', '--data_dir', '/Users/tomsayada/spectral_analysis_project/data/K_1_50.0_K_2_100.0_SNR_50.0_Q_0.5/simulation_1', '--output_dir', '/Users/tomsayada/spectral_analysis_project/data/K_1_50.0_K_2_100.0_SNR_50.0_Q_0.5/analysis_results_20250105_192729/simulation_1/standard_sym_weighted_nobaseline_fit_results', '--profile_type', 'sym', '--lines', 'He4026,He4388,He4471', '--save_intermediates', '--line_weights', 'He4026:1.0,He4388:1.0,He4471:1.0']' returned non-zero exit status 1.
Output: 
2025-01-05 19:27:30,892 - INFO - Retrying analysis for /Users/tomsayada/spectral_analysis_project/data/K_1_50.0_K_2_100.0_SNR_50.0_Q_0.5/simulation_1 (attempt 2)
2025-01-05 19:27:30,892 - INFO - Running analysis for /Users/tomsayada/spectral_analysis_project/data/K_1_50.0_K_2_100.0_SNR_50.0_Q_0.5/simulation_1
2025-01-05 19:27:31,391 - ERROR - Analysis failed: Command '['/usr/local/bin/python3.13', '/Users/tomsayada/spectral_analysis_project/src/run_standard_fit.py', '--data_dir', '/Users/tomsayada/spectral_analysis_project/data/K_1_50.0_K_2_100.0_SNR_50.0_Q_0.5/simulation_3', '--output_dir', '/Users/tomsayada/spectral_analysis_project/data/K_1_50.0_K_2_100.0_SNR_50.0_Q_0.5/analysis_results_20250105_192729/simulation_3/standard_sym_weighted_nobaseline_fit_results', '--profile_type', 'sym', '--lines', 'He4026,He4388,He4471', '--save_intermediates', '--line_weights', 'He4026:1.0,He4388:1.0,He4471:1.0']' returned non-zero exit status 1.
Output: 
2025-01-05 19:27:31,391 - ERROR - Analysis failed: Command '['/usr/local/bin/python3.13', '/Users/tomsayada/spectral_analysis_project/src/run_standard_fit.py', '--data_dir', '/Users/tomsayada/spectral_analysis_project/data/K_1_50.0_K_2_100.0_SNR_50.0_Q_0.5/simulation_2', '--output_dir', '/Users/tomsayada/spectral_analysis_project/data/K_1_50.0_K_2_100.0_SNR_50.0_Q_0.5/analysis_results_20250105_192729/simulation_2/standard_sym_weighted_nobaseline_fit_results', '--profile_type', 'sym', '--lines', 'He4026,He4388,He4471', '--save_intermediates', '--line_weights', 'He4026:1.0,He4388:1.0,He4471:1.0']' returned non-zero exit status 1.
Output: 
2025-01-05 19:27:31,391 - ERROR - Analysis failed: Command '['/usr/local/bin/python3.13', '/Users/tomsayada/spectral_analysis_project/src/run_standard_fit.py', '--data_dir', '/Users/tomsayada/spectral_analysis_project/data/K_1_50.0_K_2_100.0_SNR_50.0_Q_0.5/simulation_4', '--output_dir', '/Users/tomsayada/spectral_analysis_project/data/K_1_50.0_K_2_100.0_SNR_50.0_Q_0.5/analysis_results_20250105_192729/simulation_4/standard_sym_weighted_nobaseline_fit_results', '--profile_type', 'sym', '--lines', 'He4026,He4388,He4471', '--save_intermediates', '--line_weights', 'He4026:1.0,He4388:1.0,He4471:1.0']' returned non-zero exit status 1.
Output: 
2025-01-05 19:27:31,391 - INFO - Retrying analysis for /Users/tomsayada/spectral_analysis_project/data/K_1_50.0_K_2_100.0_SNR_50.0_Q_0.5/simulation_3 (attempt 3)
2025-01-05 19:27:31,391 - INFO - Retrying analysis for /Users/tomsayada/spectral_analysis_project/data/K_1_50.0_K_2_100.0_SNR_50.0_Q_0.5/simulation_2 (attempt 3)
2025-01-05 19:27:31,391 - INFO - Retrying analysis for /Users/tomsayada/spectral_analysis_project/data/K_1_50.0_K_2_100.0_SNR_50.0_Q_0.5/simulation_4 (attempt 3)
2025-01-05 19:27:31,391 - INFO - Running analysis for /Users/tomsayada/spectral_analysis_project/data/K_1_50.0_K_2_100.0_SNR_50.0_Q_0.5/simulation_4
2025-01-05 19:27:31,391 - INFO - Running analysis for /Users/tomsayada/spectral_analysis_project/data/K_1_50.0_K_2_100.0_SNR_50.0_Q_0.5/simulation_2
2025-01-05 19:27:31,391 - INFO - Running analysis for /Users/tomsayada/spectral_analysis_project/data/K_1_50.0_K_2_100.0_SNR_50.0_Q_0.5/simulation_3
2025-01-05 19:27:31,397 - ERROR - Analysis failed: Command '['/usr/local/bin/python3.13', '/Users/tomsayada/spectral_analysis_project/src/run_standard_fit.py', '--data_dir', '/Users/tomsayada/spectral_analysis_project/data/K_1_50.0_K_2_100.0_SNR_50.0_Q_0.5/simulation_1', '--output_dir', '/Users/tomsayada/spectral_analysis_project/data/K_1_50.0_K_2_100.0_SNR_50.0_Q_0.5/analysis_results_20250105_192729/simulation_1/standard_sym_weighted_nobaseline_fit_results', '--profile_type', 'sym', '--lines', 'He4026,He4388,He4471', '--save_intermediates', '--line_weights', 'He4026:1.0,He4388:1.0,He4471:1.0']' returned non-zero exit status 1.
Output: 
2025-01-05 19:27:31,397 - INFO - Retrying analysis for /Users/tomsayada/spectral_analysis_project/data/K_1_50.0_K_2_100.0_SNR_50.0_Q_0.5/simulation_1 (attempt 3)
2025-01-05 19:27:31,397 - INFO - Running analysis for /Users/tomsayada/spectral_analysis_project/data/K_1_50.0_K_2_100.0_SNR_50.0_Q_0.5/simulation_1
2025-01-05 19:27:31,898 - ERROR - Analysis failed: Command '['/usr/local/bin/python3.13', '/Users/tomsayada/spectral_analysis_project/src/run_standard_fit.py', '--data_dir', '/Users/tomsayada/spectral_analysis_project/data/K_1_50.0_K_2_100.0_SNR_50.0_Q_0.5/simulation_4', '--output_dir', '/Users/tomsayada/spectral_analysis_project/data/K_1_50.0_K_2_100.0_SNR_50.0_Q_0.5/analysis_results_20250105_192729/simulation_4/standard_sym_weighted_nobaseline_fit_results', '--profile_type', 'sym', '--lines', 'He4026,He4388,He4471', '--save_intermediates', '--line_weights', 'He4026:1.0,He4388:1.0,He4471:1.0']' returned non-zero exit status 1.
Output: 
2025-01-05 19:27:31,898 - ERROR - Analysis failed: Command '['/usr/local/bin/python3.13', '/Users/tomsayada/spectral_analysis_project/src/run_standard_fit.py', '--data_dir', '/Users/tomsayada/spectral_analysis_project/data/K_1_50.0_K_2_100.0_SNR_50.0_Q_0.5/simulation_3', '--output_dir', '/Users/tomsayada/spectral_analysis_project/data/K_1_50.0_K_2_100.0_SNR_50.0_Q_0.5/analysis_results_20250105_192729/simulation_3/standard_sym_weighted_nobaseline_fit_results', '--profile_type', 'sym', '--lines', 'He4026,He4388,He4471', '--save_intermediates', '--line_weights', 'He4026:1.0,He4388:1.0,He4471:1.0']' returned non-zero exit status 1.
Output: 
2025-01-05 19:27:31,898 - ERROR - Analysis failed: Command '['/usr/local/bin/python3.13', '/Users/tomsayada/spectral_analysis_project/src/run_standard_fit.py', '--data_dir', '/Users/tomsayada/spectral_analysis_project/data/K_1_50.0_K_2_100.0_SNR_50.0_Q_0.5/simulation_1', '--output_dir', '/Users/tomsayada/spectral_analysis_project/data/K_1_50.0_K_2_100.0_SNR_50.0_Q_0.5/analysis_results_20250105_192729/simulation_1/standard_sym_weighted_nobaseline_fit_results', '--profile_type', 'sym', '--lines', 'He4026,He4388,He4471', '--save_intermediates', '--line_weights', 'He4026:1.0,He4388:1.0,He4471:1.0']' returned non-zero exit status 1.
Output: 
2025-01-05 19:27:31,899 - INFO - Running analysis for /Users/tomsayada/spectral_analysis_project/data/K_1_50.0_K_2_100.0_SNR_50.0_Q_0.5/simulation_6
2025-01-05 19:27:31,899 - INFO - Running analysis for /Users/tomsayada/spectral_analysis_project/data/K_1_50.0_K_2_100.0_SNR_50.0_Q_0.5/simulation_7
2025-01-05 19:27:31,899 - INFO - Running analysis for /Users/tomsayada/spectral_analysis_project/data/K_1_50.0_K_2_100.0_SNR_50.0_Q_0.5/simulation_5
2025-01-05 19:27:31,902 - ERROR - Analysis failed: Command '['/usr/local/bin/python3.13', '/Users/tomsayada/spectral_analysis_project/src/run_standard_fit.py', '--data_dir', '/Users/tomsayada/spectral_analysis_project/data/K_1_50.0_K_2_100.0_SNR_50.0_Q_0.5/simulation_2', '--output_dir', '/Users/tomsayada/spectral_analysis_project/data/K_1_50.0_K_2_100.0_SNR_50.0_Q_0.5/analysis_results_20250105_192729/simulation_2/standard_sym_weighted_nobaseline_fit_results', '--profile_type', 'sym', '--lines', 'He4026,He4388,He4471', '--save_intermediates', '--line_weights', 'He4026:1.0,He4388:1.0,He4471:1.0']' returned non-zero exit status 1.
Output: 
2025-01-05 19:27:31,902 - INFO - Running analysis for /Users/tomsayada/spectral_analysis_project/data/K_1_50.0_K_2_100.0_SNR_50.0_Q_0.5/simulation_8
2025-01-05 19:27:32,388 - ERROR - Analysis failed: Command '['/usr/local/bin/python3.13', '/Users/tomsayada/spectral_analysis_project/src/run_standard_fit.py', '--data_dir', '/Users/tomsayada/spectral_analysis_project/data/K_1_50.0_K_2_100.0_SNR_50.0_Q_0.5/simulation_5', '--output_dir', '/Users/tomsayada/spectral_analysis_project/data/K_1_50.0_K_2_100.0_SNR_50.0_Q_0.5/analysis_results_20250105_192729/simulation_5/standard_sym_weighted_nobaseline_fit_results', '--profile_type', 'sym', '--lines', 'He4026,He4388,He4471', '--save_intermediates', '--line_weights', 'He4026:1.0,He4388:1.0,He4471:1.0']' returned non-zero exit status 1.
Output: 
2025-01-05 19:27:32,388 - ERROR - Analysis failed: Command '['/usr/local/bin/python3.13', '/Users/tomsayada/spectral_analysis_project/src/run_standard_fit.py', '--data_dir', '/Users/tomsayada/spectral_analysis_project/data/K_1_50.0_K_2_100.0_SNR_50.0_Q_0.5/simulation_6', '--output_dir', '/Users/tomsayada/spectral_analysis_project/data/K_1_50.0_K_2_100.0_SNR_50.0_Q_0.5/analysis_results_20250105_192729/simulation_6/standard_sym_weighted_nobaseline_fit_results', '--profile_type', 'sym', '--lines', 'He4026,He4388,He4471', '--save_intermediates', '--line_weights', 'He4026:1.0,He4388:1.0,He4471:1.0']' returned non-zero exit status 1.
Output: 
2025-01-05 19:27:32,388 - INFO - Retrying analysis for /Users/tomsayada/spectral_analysis_project/data/K_1_50.0_K_2_100.0_SNR_50.0_Q_0.5/simulation_5 (attempt 1)
2025-01-05 19:27:32,388 - INFO - Retrying analysis for /Users/tomsayada/spectral_analysis_project/data/K_1_50.0_K_2_100.0_SNR_50.0_Q_0.5/simulation_6 (attempt 1)
2025-01-05 19:27:32,388 - INFO - Running analysis for /Users/tomsayada/spectral_analysis_project/data/K_1_50.0_K_2_100.0_SNR_50.0_Q_0.5/simulation_5
2025-01-05 19:27:32,388 - INFO - Running analysis for /Users/tomsayada/spectral_analysis_project/data/K_1_50.0_K_2_100.0_SNR_50.0_Q_0.5/simulation_6
2025-01-05 19:27:32,390 - ERROR - Analysis failed: Command '['/usr/local/bin/python3.13', '/Users/tomsayada/spectral_analysis_project/src/run_standard_fit.py', '--data_dir', '/Users/tomsayada/spectral_analysis_project/data/K_1_50.0_K_2_100.0_SNR_50.0_Q_0.5/simulation_8', '--output_dir', '/Users/tomsayada/spectral_analysis_project/data/K_1_50.0_K_2_100.0_SNR_50.0_Q_0.5/analysis_results_20250105_192729/simulation_8/standard_sym_weighted_nobaseline_fit_results', '--profile_type', 'sym', '--lines', 'He4026,He4388,He4471', '--save_intermediates', '--line_weights', 'He4026:1.0,He4388:1.0,He4471:1.0']' returned non-zero exit status 1.
Output: 
2025-01-05 19:27:32,391 - INFO - Retrying analysis for /Users/tomsayada/spectral_analysis_project/data/K_1_50.0_K_2_100.0_SNR_50.0_Q_0.5/simulation_8 (attempt 1)
2025-01-05 19:27:32,391 - INFO - Running analysis for /Users/tomsayada/spectral_analysis_project/data/K_1_50.0_K_2_100.0_SNR_50.0_Q_0.5/simulation_8
2025-01-05 19:27:32,394 - ERROR - Analysis failed: Command '['/usr/local/bin/python3.13', '/Users/tomsayada/spectral_analysis_project/src/run_standard_fit.py', '--data_dir', '/Users/tomsayada/spectral_analysis_project/data/K_1_50.0_K_2_100.0_SNR_50.0_Q_0.5/simulation_7', '--output_dir', '/Users/tomsayada/spectral_analysis_project/data/K_1_50.0_K_2_100.0_SNR_50.0_Q_0.5/analysis_results_20250105_192729/simulation_7/standard_sym_weighted_nobaseline_fit_results', '--profile_type', 'sym', '--lines', 'He4026,He4388,He4471', '--save_intermediates', '--line_weights', 'He4026:1.0,He4388:1.0,He4471:1.0']' returned non-zero exit status 1.
Output: 
2025-01-05 19:27:32,394 - INFO - Retrying analysis for /Users/tomsayada/spectral_analysis_project/data/K_1_50.0_K_2_100.0_SNR_50.0_Q_0.5/simulation_7 (attempt 1)
2025-01-05 19:27:32,394 - INFO - Running analysis for /Users/tomsayada/spectral_analysis_project/data/K_1_50.0_K_2_100.0_SNR_50.0_Q_0.5/simulation_7
2025-01-05 19:27:32,889 - ERROR - Analysis failed: Command '['/usr/local/bin/python3.13', '/Users/tomsayada/spectral_analysis_project/src/run_standard_fit.py', '--data_dir', '/Users/tomsayada/spectral_analysis_project/data/K_1_50.0_K_2_100.0_SNR_50.0_Q_0.5/simulation_7', '--output_dir', '/Users/tomsayada/spectral_analysis_project/data/K_1_50.0_K_2_100.0_SNR_50.0_Q_0.5/analysis_results_20250105_192729/simulation_7/standard_sym_weighted_nobaseline_fit_results', '--profile_type', 'sym', '--lines', 'He4026,He4388,He4471', '--save_intermediates', '--line_weights', 'He4026:1.0,He4388:1.0,He4471:1.0']' returned non-zero exit status 1.
Output: 
2025-01-05 19:27:32,889 - ERROR - Analysis failed: Command '['/usr/local/bin/python3.13', '/Users/tomsayada/spectral_analysis_project/src/run_standard_fit.py', '--data_dir', '/Users/tomsayada/spectral_analysis_project/data/K_1_50.0_K_2_100.0_SNR_50.0_Q_0.5/simulation_5', '--output_dir', '/Users/tomsayada/spectral_analysis_project/data/K_1_50.0_K_2_100.0_SNR_50.0_Q_0.5/analysis_results_20250105_192729/simulation_5/standard_sym_weighted_nobaseline_fit_results', '--profile_type', 'sym', '--lines', 'He4026,He4388,He4471', '--save_intermediates', '--line_weights', 'He4026:1.0,He4388:1.0,He4471:1.0']' returned non-zero exit status 1.
Output: 
2025-01-05 19:27:32,889 - ERROR - Analysis failed: Command '['/usr/local/bin/python3.13', '/Users/tomsayada/spectral_analysis_project/src/run_standard_fit.py', '--data_dir', '/Users/tomsayada/spectral_analysis_project/data/K_1_50.0_K_2_100.0_SNR_50.0_Q_0.5/simulation_8', '--output_dir', '/Users/tomsayada/spectral_analysis_project/data/K_1_50.0_K_2_100.0_SNR_50.0_Q_0.5/analysis_results_20250105_192729/simulation_8/standard_sym_weighted_nobaseline_fit_results', '--profile_type', 'sym', '--lines', 'He4026,He4388,He4471', '--save_intermediates', '--line_weights', 'He4026:1.0,He4388:1.0,He4471:1.0']' returned non-zero exit status 1.
Output: 
2025-01-05 19:27:32,889 - INFO - Retrying analysis for /Users/tomsayada/spectral_analysis_project/data/K_1_50.0_K_2_100.0_SNR_50.0_Q_0.5/simulation_7 (attempt 2)
2025-01-05 19:27:32,889 - INFO - Retrying analysis for /Users/tomsayada/spectral_analysis_project/data/K_1_50.0_K_2_100.0_SNR_50.0_Q_0.5/simulation_5 (attempt 2)
2025-01-05 19:27:32,889 - INFO - Retrying analysis for /Users/tomsayada/spectral_analysis_project/data/K_1_50.0_K_2_100.0_SNR_50.0_Q_0.5/simulation_8 (attempt 2)
2025-01-05 19:27:32,889 - INFO - Running analysis for /Users/tomsayada/spectral_analysis_project/data/K_1_50.0_K_2_100.0_SNR_50.0_Q_0.5/simulation_8
2025-01-05 19:27:32,889 - INFO - Running analysis for /Users/tomsayada/spectral_analysis_project/data/K_1_50.0_K_2_100.0_SNR_50.0_Q_0.5/simulation_5
2025-01-05 19:27:32,889 - INFO - Running analysis for /Users/tomsayada/spectral_analysis_project/data/K_1_50.0_K_2_100.0_SNR_50.0_Q_0.5/simulation_7
2025-01-05 19:27:32,894 - ERROR - Analysis failed: Command '['/usr/local/bin/python3.13', '/Users/tomsayada/spectral_analysis_project/src/run_standard_fit.py', '--data_dir', '/Users/tomsayada/spectral_analysis_project/data/K_1_50.0_K_2_100.0_SNR_50.0_Q_0.5/simulation_6', '--output_dir', '/Users/tomsayada/spectral_analysis_project/data/K_1_50.0_K_2_100.0_SNR_50.0_Q_0.5/analysis_results_20250105_192729/simulation_6/standard_sym_weighted_nobaseline_fit_results', '--profile_type', 'sym', '--lines', 'He4026,He4388,He4471', '--save_intermediates', '--line_weights', 'He4026:1.0,He4388:1.0,He4471:1.0']' returned non-zero exit status 1.
Output: 
2025-01-05 19:27:32,894 - INFO - Retrying analysis for /Users/tomsayada/spectral_analysis_project/data/K_1_50.0_K_2_100.0_SNR_50.0_Q_0.5/simulation_6 (attempt 2)
2025-01-05 19:27:32,894 - INFO - Running analysis for /Users/tomsayada/spectral_analysis_project/data/K_1_50.0_K_2_100.0_SNR_50.0_Q_0.5/simulation_6
2025-01-05 19:27:33,387 - ERROR - Analysis failed: Command '['/usr/local/bin/python3.13', '/Users/tomsayada/spectral_analysis_project/src/run_standard_fit.py', '--data_dir', '/Users/tomsayada/spectral_analysis_project/data/K_1_50.0_K_2_100.0_SNR_50.0_Q_0.5/simulation_7', '--output_dir', '/Users/tomsayada/spectral_analysis_project/data/K_1_50.0_K_2_100.0_SNR_50.0_Q_0.5/analysis_results_20250105_192729/simulation_7/standard_sym_weighted_nobaseline_fit_results', '--profile_type', 'sym', '--lines', 'He4026,He4388,He4471', '--save_intermediates', '--line_weights', 'He4026:1.0,He4388:1.0,He4471:1.0']' returned non-zero exit status 1.
Output: 
2025-01-05 19:27:33,387 - ERROR - Analysis failed: Command '['/usr/local/bin/python3.13', '/Users/tomsayada/spectral_analysis_project/src/run_standard_fit.py', '--data_dir', '/Users/tomsayada/spectral_analysis_project/data/K_1_50.0_K_2_100.0_SNR_50.0_Q_0.5/simulation_8', '--output_dir', '/Users/tomsayada/spectral_analysis_project/data/K_1_50.0_K_2_100.0_SNR_50.0_Q_0.5/analysis_results_20250105_192729/simulation_8/standard_sym_weighted_nobaseline_fit_results', '--profile_type', 'sym', '--lines', 'He4026,He4388,He4471', '--save_intermediates', '--line_weights', 'He4026:1.0,He4388:1.0,He4471:1.0']' returned non-zero exit status 1.
Output: 
2025-01-05 19:27:33,387 - INFO - Retrying analysis for /Users/tomsayada/spectral_analysis_project/data/K_1_50.0_K_2_100.0_SNR_50.0_Q_0.5/simulation_7 (attempt 3)
2025-01-05 19:27:33,387 - INFO - Retrying analysis for /Users/tomsayada/spectral_analysis_project/data/K_1_50.0_K_2_100.0_SNR_50.0_Q_0.5/simulation_8 (attempt 3)
2025-01-05 19:27:33,387 - INFO - Running analysis for /Users/tomsayada/spectral_analysis_project/data/K_1_50.0_K_2_100.0_SNR_50.0_Q_0.5/simulation_7
2025-01-05 19:27:33,387 - INFO - Running analysis for /Users/tomsayada/spectral_analysis_project/data/K_1_50.0_K_2_100.0_SNR_50.0_Q_0.5/simulation_8
2025-01-05 19:27:33,387 - ERROR - Analysis failed: Command '['/usr/local/bin/python3.13', '/Users/tomsayada/spectral_analysis_project/src/run_standard_fit.py', '--data_dir', '/Users/tomsayada/spectral_analysis_project/data/K_1_50.0_K_2_100.0_SNR_50.0_Q_0.5/simulation_6', '--output_dir', '/Users/tomsayada/spectral_analysis_project/data/K_1_50.0_K_2_100.0_SNR_50.0_Q_0.5/analysis_results_20250105_192729/simulation_6/standard_sym_weighted_nobaseline_fit_results', '--profile_type', 'sym', '--lines', 'He4026,He4388,He4471', '--save_intermediates', '--line_weights', 'He4026:1.0,He4388:1.0,He4471:1.0']' returned non-zero exit status 1.
Output: 
2025-01-05 19:27:33,387 - INFO - Retrying analysis for /Users/tomsayada/spectral_analysis_project/data/K_1_50.0_K_2_100.0_SNR_50.0_Q_0.5/simulation_6 (attempt 3)
2025-01-05 19:27:33,387 - INFO - Running analysis for /Users/tomsayada/spectral_analysis_project/data/K_1_50.0_K_2_100.0_SNR_50.0_Q_0.5/simulation_6
2025-01-05 19:27:33,395 - ERROR - Analysis failed: Command '['/usr/local/bin/python3.13', '/Users/tomsayada/spectral_analysis_project/src/run_standard_fit.py', '--data_dir', '/Users/tomsayada/spectral_analysis_project/data/K_1_50.0_K_2_100.0_SNR_50.0_Q_0.5/simulation_5', '--output_dir', '/Users/tomsayada/spectral_analysis_project/data/K_1_50.0_K_2_100.0_SNR_50.0_Q_0.5/analysis_results_20250105_192729/simulation_5/standard_sym_weighted_nobaseline_fit_results', '--profile_type', 'sym', '--lines', 'He4026,He4388,He4471', '--save_intermediates', '--line_weights', 'He4026:1.0,He4388:1.0,He4471:1.0']' returned non-zero exit status 1.
Output: 
2025-01-05 19:27:33,395 - INFO - Retrying analysis for /Users/tomsayada/spectral_analysis_project/data/K_1_50.0_K_2_100.0_SNR_50.0_Q_0.5/simulation_5 (attempt 3)
2025-01-05 19:27:33,395 - INFO - Running analysis for /Users/tomsayada/spectral_analysis_project/data/K_1_50.0_K_2_100.0_SNR_50.0_Q_0.5/simulation_5
2025-01-05 19:27:33,891 - ERROR - Analysis failed: Command '['/usr/local/bin/python3.13', '/Users/tomsayada/spectral_analysis_project/src/run_standard_fit.py', '--data_dir', '/Users/tomsayada/spectral_analysis_project/data/K_1_50.0_K_2_100.0_SNR_50.0_Q_0.5/simulation_5', '--output_dir', '/Users/tomsayada/spectral_analysis_project/data/K_1_50.0_K_2_100.0_SNR_50.0_Q_0.5/analysis_results_20250105_192729/simulation_5/standard_sym_weighted_nobaseline_fit_results', '--profile_type', 'sym', '--lines', 'He4026,He4388,He4471', '--save_intermediates', '--line_weights', 'He4026:1.0,He4388:1.0,He4471:1.0']' returned non-zero exit status 1.
Output: 
2025-01-05 19:27:33,891 - ERROR - Analysis failed: Command '['/usr/local/bin/python3.13', '/Users/tomsayada/spectral_analysis_project/src/run_standard_fit.py', '--data_dir', '/Users/tomsayada/spectral_analysis_project/data/K_1_50.0_K_2_100.0_SNR_50.0_Q_0.5/simulation_6', '--output_dir', '/Users/tomsayada/spectral_analysis_project/data/K_1_50.0_K_2_100.0_SNR_50.0_Q_0.5/analysis_results_20250105_192729/simulation_6/standard_sym_weighted_nobaseline_fit_results', '--profile_type', 'sym', '--lines', 'He4026,He4388,He4471', '--save_intermediates', '--line_weights', 'He4026:1.0,He4388:1.0,He4471:1.0']' returned non-zero exit status 1.
Output: 
2025-01-05 19:27:33,891 - ERROR - Analysis failed: Command '['/usr/local/bin/python3.13', '/Users/tomsayada/spectral_analysis_project/src/run_standard_fit.py', '--data_dir', '/Users/tomsayada/spectral_analysis_project/data/K_1_50.0_K_2_100.0_SNR_50.0_Q_0.5/simulation_7', '--output_dir', '/Users/tomsayada/spectral_analysis_project/data/K_1_50.0_K_2_100.0_SNR_50.0_Q_0.5/analysis_results_20250105_192729/simulation_7/standard_sym_weighted_nobaseline_fit_results', '--profile_type', 'sym', '--lines', 'He4026,He4388,He4471', '--save_intermediates', '--line_weights', 'He4026:1.0,He4388:1.0,He4471:1.0']' returned non-zero exit status 1.
Output: 
2025-01-05 19:27:33,893 - INFO - Running analysis for /Users/tomsayada/spectral_analysis_project/data/K_1_50.0_K_2_100.0_SNR_50.0_Q_0.5/simulation_10
2025-01-05 19:27:33,893 - INFO - Running analysis for /Users/tomsayada/spectral_analysis_project/data/K_1_50.0_K_2_100.0_SNR_50.0_Q_0.5/simulation_9
2025-01-05 19:27:33,896 - ERROR - Analysis failed: Command '['/usr/local/bin/python3.13', '/Users/tomsayada/spectral_analysis_project/src/run_standard_fit.py', '--data_dir', '/Users/tomsayada/spectral_analysis_project/data/K_1_50.0_K_2_100.0_SNR_50.0_Q_0.5/simulation_8', '--output_dir', '/Users/tomsayada/spectral_analysis_project/data/K_1_50.0_K_2_100.0_SNR_50.0_Q_0.5/analysis_results_20250105_192729/simulation_8/standard_sym_weighted_nobaseline_fit_results', '--profile_type', 'sym', '--lines', 'He4026,He4388,He4471', '--save_intermediates', '--line_weights', 'He4026:1.0,He4388:1.0,He4471:1.0']' returned non-zero exit status 1.
Output: 
2025-01-05 19:27:34,338 - ERROR - Analysis failed: Command '['/usr/local/bin/python3.13', '/Users/tomsayada/spectral_analysis_project/src/run_standard_fit.py', '--data_dir', '/Users/tomsayada/spectral_analysis_project/data/K_1_50.0_K_2_100.0_SNR_50.0_Q_0.5/simulation_9', '--output_dir', '/Users/tomsayada/spectral_analysis_project/data/K_1_50.0_K_2_100.0_SNR_50.0_Q_0.5/analysis_results_20250105_192729/simulation_9/standard_sym_weighted_nobaseline_fit_results', '--profile_type', 'sym', '--lines', 'He4026,He4388,He4471', '--save_intermediates', '--line_weights', 'He4026:1.0,He4388:1.0,He4471:1.0']' returned non-zero exit status 1.
Output: 
2025-01-05 19:27:34,338 - INFO - Retrying analysis for /Users/tomsayada/spectral_analysis_project/data/K_1_50.0_K_2_100.0_SNR_50.0_Q_0.5/simulation_9 (attempt 1)
2025-01-05 19:27:34,338 - INFO - Running analysis for /Users/tomsayada/spectral_analysis_project/data/K_1_50.0_K_2_100.0_SNR_50.0_Q_0.5/simulation_9
2025-01-05 19:27:34,342 - ERROR - Analysis failed: Command '['/usr/local/bin/python3.13', '/Users/tomsayada/spectral_analysis_project/src/run_standard_fit.py', '--data_dir', '/Users/tomsayada/spectral_analysis_project/data/K_1_50.0_K_2_100.0_SNR_50.0_Q_0.5/simulation_10', '--output_dir', '/Users/tomsayada/spectral_analysis_project/data/K_1_50.0_K_2_100.0_SNR_50.0_Q_0.5/analysis_results_20250105_192729/simulation_10/standard_sym_weighted_nobaseline_fit_results', '--profile_type', 'sym', '--lines', 'He4026,He4388,He4471', '--save_intermediates', '--line_weights', 'He4026:1.0,He4388:1.0,He4471:1.0']' returned non-zero exit status 1.
Output: 
2025-01-05 19:27:34,342 - INFO - Retrying analysis for /Users/tomsayada/spectral_analysis_project/data/K_1_50.0_K_2_100.0_SNR_50.0_Q_0.5/simulation_10 (attempt 1)
2025-01-05 19:27:34,342 - INFO - Running analysis for /Users/tomsayada/spectral_analysis_project/data/K_1_50.0_K_2_100.0_SNR_50.0_Q_0.5/simulation_10
2025-01-05 19:27:34,787 - ERROR - Analysis failed: Command '['/usr/local/bin/python3.13', '/Users/tomsayada/spectral_analysis_project/src/run_standard_fit.py', '--data_dir', '/Users/tomsayada/spectral_analysis_project/data/K_1_50.0_K_2_100.0_SNR_50.0_Q_0.5/simulation_10', '--output_dir', '/Users/tomsayada/spectral_analysis_project/data/K_1_50.0_K_2_100.0_SNR_50.0_Q_0.5/analysis_results_20250105_192729/simulation_10/standard_sym_weighted_nobaseline_fit_results', '--profile_type', 'sym', '--lines', 'He4026,He4388,He4471', '--save_intermediates', '--line_weights', 'He4026:1.0,He4388:1.0,He4471:1.0']' returned non-zero exit status 1.
Output: 
2025-01-05 19:27:34,787 - INFO - Retrying analysis for /Users/tomsayada/spectral_analysis_project/data/K_1_50.0_K_2_100.0_SNR_50.0_Q_0.5/simulation_10 (attempt 2)
2025-01-05 19:27:34,787 - INFO - Running analysis for /Users/tomsayada/spectral_analysis_project/data/K_1_50.0_K_2_100.0_SNR_50.0_Q_0.5/simulation_10
2025-01-05 19:27:34,791 - ERROR - Analysis failed: Command '['/usr/local/bin/python3.13', '/Users/tomsayada/spectral_analysis_project/src/run_standard_fit.py', '--data_dir', '/Users/tomsayada/spectral_analysis_project/data/K_1_50.0_K_2_100.0_SNR_50.0_Q_0.5/simulation_9', '--output_dir', '/Users/tomsayada/spectral_analysis_project/data/K_1_50.0_K_2_100.0_SNR_50.0_Q_0.5/analysis_results_20250105_192729/simulation_9/standard_sym_weighted_nobaseline_fit_results', '--profile_type', 'sym', '--lines', 'He4026,He4388,He4471', '--save_intermediates', '--line_weights', 'He4026:1.0,He4388:1.0,He4471:1.0']' returned non-zero exit status 1.
Output: 
2025-01-05 19:27:34,791 - INFO - Retrying analysis for /Users/tomsayada/spectral_analysis_project/data/K_1_50.0_K_2_100.0_SNR_50.0_Q_0.5/simulation_9 (attempt 2)
2025-01-05 19:27:34,791 - INFO - Running analysis for /Users/tomsayada/spectral_analysis_project/data/K_1_50.0_K_2_100.0_SNR_50.0_Q_0.5/simulation_9
2025-01-05 19:27:35,228 - ERROR - Analysis failed: Command '['/usr/local/bin/python3.13', '/Users/tomsayada/spectral_analysis_project/src/run_standard_fit.py', '--data_dir', '/Users/tomsayada/spectral_analysis_project/data/K_1_50.0_K_2_100.0_SNR_50.0_Q_0.5/simulation_9', '--output_dir', '/Users/tomsayada/spectral_analysis_project/data/K_1_50.0_K_2_100.0_SNR_50.0_Q_0.5/analysis_results_20250105_192729/simulation_9/standard_sym_weighted_nobaseline_fit_results', '--profile_type', 'sym', '--lines', 'He4026,He4388,He4471', '--save_intermediates', '--line_weights', 'He4026:1.0,He4388:1.0,He4471:1.0']' returned non-zero exit status 1.
Output: 
2025-01-05 19:27:35,228 - INFO - Retrying analysis for /Users/tomsayada/spectral_analysis_project/data/K_1_50.0_K_2_100.0_SNR_50.0_Q_0.5/simulation_9 (attempt 3)
2025-01-05 19:27:35,228 - INFO - Running analysis for /Users/tomsayada/spectral_analysis_project/data/K_1_50.0_K_2_100.0_SNR_50.0_Q_0.5/simulation_9
2025-01-05 19:27:35,232 - ERROR - Analysis failed: Command '['/usr/local/bin/python3.13', '/Users/tomsayada/spectral_analysis_project/src/run_standard_fit.py', '--data_dir', '/Users/tomsayada/spectral_analysis_project/data/K_1_50.0_K_2_100.0_SNR_50.0_Q_0.5/simulation_10', '--output_dir', '/Users/tomsayada/spectral_analysis_project/data/K_1_50.0_K_2_100.0_SNR_50.0_Q_0.5/analysis_results_20250105_192729/simulation_10/standard_sym_weighted_nobaseline_fit_results', '--profile_type', 'sym', '--lines', 'He4026,He4388,He4471', '--save_intermediates', '--line_weights', 'He4026:1.0,He4388:1.0,He4471:1.0']' returned non-zero exit status 1.
Output: 
2025-01-05 19:27:35,232 - INFO - Retrying analysis for /Users/tomsayada/spectral_analysis_project/data/K_1_50.0_K_2_100.0_SNR_50.0_Q_0.5/simulation_10 (attempt 3)
2025-01-05 19:27:35,232 - INFO - Running analysis for /Users/tomsayada/spectral_analysis_project/data/K_1_50.0_K_2_100.0_SNR_50.0_Q_0.5/simulation_10
2025-01-05 19:27:35,677 - ERROR - Analysis failed: Command '['/usr/local/bin/python3.13', '/Users/tomsayada/spectral_analysis_project/src/run_standard_fit.py', '--data_dir', '/Users/tomsayada/spectral_analysis_project/data/K_1_50.0_K_2_100.0_SNR_50.0_Q_0.5/simulation_9', '--output_dir', '/Users/tomsayada/spectral_analysis_project/data/K_1_50.0_K_2_100.0_SNR_50.0_Q_0.5/analysis_results_20250105_192729/simulation_9/standard_sym_weighted_nobaseline_fit_results', '--profile_type', 'sym', '--lines', 'He4026,He4388,He4471', '--save_intermediates', '--line_weights', 'He4026:1.0,He4388:1.0,He4471:1.0']' returned non-zero exit status 1.
Output: 
2025-01-05 19:27:35,680 - ERROR - Analysis failed: Command '['/usr/local/bin/python3.13', '/Users/tomsayada/spectral_analysis_project/src/run_standard_fit.py', '--data_dir', '/Users/tomsayada/spectral_analysis_project/data/K_1_50.0_K_2_100.0_SNR_50.0_Q_0.5/simulation_10', '--output_dir', '/Users/tomsayada/spectral_analysis_project/data/K_1_50.0_K_2_100.0_SNR_50.0_Q_0.5/analysis_results_20250105_192729/simulation_10/standard_sym_weighted_nobaseline_fit_results', '--profile_type', 'sym', '--lines', 'He4026,He4388,He4471', '--save_intermediates', '--line_weights', 'He4026:1.0,He4388:1.0,He4471:1.0']' returned non-zero exit status 1.
Output: 
2025-01-05 19:27:35,694 - INFO - 
Analysis complete:
2025-01-05 19:27:35,694 - INFO -   Successful: 0/10
2025-01-05 19:27:35,694 - INFO -   Results saved in: /Users/tomsayada/spectral_analysis_project/data/K_1_50.0_K_2_100.0_SNR_50.0_Q_0.5/analysis_results_20250105_192729
2025-01-05 19:30:20,709 - INFO - Starting spectral analysis pipeline
2025-01-05 19:30:20,709 - INFO - Configuration: AnalysisConfig(data_folder='/Users/tomsayada/spectral_analysis_project/data/K_1_50.0_K_2_100.0_SNR_50.0_Q_0.5', use_simulated=True, profile_type='sym', fit_type='standard', fit_baseline=False, use_weighted=True, parallel_processing=True, max_workers=4, save_intermediates=True, lines_to_fit={'He4026': 1.0, 'He4388': 1.0, 'He4471': 1.0}, retry_failed=True, max_retries=3)
2025-01-05 19:30:20,709 - INFO - Found 10 simulation folder(s)
2025-01-05 19:30:20,710 - INFO - Processing 10 folder(s)
2025-01-05 19:30:20,711 - INFO - Running parallel analysis with 4 workers
2025-01-05 19:30:20,786 - INFO - Found 25 observation files in /Users/tomsayada/spectral_analysis_project/data/K_1_50.0_K_2_100.0_SNR_50.0_Q_0.5/simulation_1
2025-01-05 19:30:20,786 - INFO - Running analysis for /Users/tomsayada/spectral_analysis_project/data/K_1_50.0_K_2_100.0_SNR_50.0_Q_0.5/simulation_1
2025-01-05 19:30:20,790 - INFO - Found 25 observation files in /Users/tomsayada/spectral_analysis_project/data/K_1_50.0_K_2_100.0_SNR_50.0_Q_0.5/simulation_2
2025-01-05 19:30:20,790 - INFO - Running analysis for /Users/tomsayada/spectral_analysis_project/data/K_1_50.0_K_2_100.0_SNR_50.0_Q_0.5/simulation_2
2025-01-05 19:30:20,791 - INFO - Found 25 observation files in /Users/tomsayada/spectral_analysis_project/data/K_1_50.0_K_2_100.0_SNR_50.0_Q_0.5/simulation_3
2025-01-05 19:30:20,791 - INFO - Running analysis for /Users/tomsayada/spectral_analysis_project/data/K_1_50.0_K_2_100.0_SNR_50.0_Q_0.5/simulation_3
2025-01-05 19:30:20,794 - INFO - Found 25 observation files in /Users/tomsayada/spectral_analysis_project/data/K_1_50.0_K_2_100.0_SNR_50.0_Q_0.5/simulation_4
2025-01-05 19:30:20,794 - INFO - Running analysis for /Users/tomsayada/spectral_analysis_project/data/K_1_50.0_K_2_100.0_SNR_50.0_Q_0.5/simulation_4
2025-01-05 19:30:21,280 - ERROR - Analysis failed with return code 1
STDOUT:

STDERR:
Traceback (most recent call last):
  File "/Users/tomsayada/spectral_analysis_project/src/run_standard_fit.py", line 22, in <module>
    from src.utils import (
    ...<4 lines>...
    )
ImportError: cannot import name 'load_data_for_epoch' from 'src.utils' (/Users/tomsayada/spectral_analysis_project/src/utils.py)

2025-01-05 19:30:21,280 - INFO - Retrying analysis for /Users/tomsayada/spectral_analysis_project/data/K_1_50.0_K_2_100.0_SNR_50.0_Q_0.5/simulation_4 (attempt 1)
2025-01-05 19:30:21,280 - INFO - Found 25 observation files in /Users/tomsayada/spectral_analysis_project/data/K_1_50.0_K_2_100.0_SNR_50.0_Q_0.5/simulation_4
2025-01-05 19:30:21,280 - INFO - Running analysis for /Users/tomsayada/spectral_analysis_project/data/K_1_50.0_K_2_100.0_SNR_50.0_Q_0.5/simulation_4
2025-01-05 19:30:21,282 - ERROR - Analysis failed with return code 1
STDOUT:

STDERR:
Traceback (most recent call last):
  File "/Users/tomsayada/spectral_analysis_project/src/run_standard_fit.py", line 22, in <module>
    from src.utils import (
    ...<4 lines>...
    )
ImportError: cannot import name 'load_data_for_epoch' from 'src.utils' (/Users/tomsayada/spectral_analysis_project/src/utils.py)

2025-01-05 19:30:21,282 - INFO - Retrying analysis for /Users/tomsayada/spectral_analysis_project/data/K_1_50.0_K_2_100.0_SNR_50.0_Q_0.5/simulation_1 (attempt 1)
2025-01-05 19:30:21,282 - INFO - Found 25 observation files in /Users/tomsayada/spectral_analysis_project/data/K_1_50.0_K_2_100.0_SNR_50.0_Q_0.5/simulation_1
2025-01-05 19:30:21,282 - INFO - Running analysis for /Users/tomsayada/spectral_analysis_project/data/K_1_50.0_K_2_100.0_SNR_50.0_Q_0.5/simulation_1
2025-01-05 19:30:21,282 - ERROR - Analysis failed with return code 1
STDOUT:

STDERR:
Traceback (most recent call last):
  File "/Users/tomsayada/spectral_analysis_project/src/run_standard_fit.py", line 22, in <module>
    from src.utils import (
    ...<4 lines>...
    )
ImportError: cannot import name 'load_data_for_epoch' from 'src.utils' (/Users/tomsayada/spectral_analysis_project/src/utils.py)

2025-01-05 19:30:21,282 - INFO - Retrying analysis for /Users/tomsayada/spectral_analysis_project/data/K_1_50.0_K_2_100.0_SNR_50.0_Q_0.5/simulation_2 (attempt 1)
2025-01-05 19:30:21,282 - INFO - Found 25 observation files in /Users/tomsayada/spectral_analysis_project/data/K_1_50.0_K_2_100.0_SNR_50.0_Q_0.5/simulation_2
2025-01-05 19:30:21,282 - INFO - Running analysis for /Users/tomsayada/spectral_analysis_project/data/K_1_50.0_K_2_100.0_SNR_50.0_Q_0.5/simulation_2
2025-01-05 19:30:21,292 - ERROR - Analysis failed with return code 1
STDOUT:

STDERR:
Traceback (most recent call last):
  File "/Users/tomsayada/spectral_analysis_project/src/run_standard_fit.py", line 22, in <module>
    from src.utils import (
    ...<4 lines>...
    )
ImportError: cannot import name 'load_data_for_epoch' from 'src.utils' (/Users/tomsayada/spectral_analysis_project/src/utils.py)

2025-01-05 19:30:21,292 - INFO - Retrying analysis for /Users/tomsayada/spectral_analysis_project/data/K_1_50.0_K_2_100.0_SNR_50.0_Q_0.5/simulation_3 (attempt 1)
2025-01-05 19:30:21,292 - INFO - Found 25 observation files in /Users/tomsayada/spectral_analysis_project/data/K_1_50.0_K_2_100.0_SNR_50.0_Q_0.5/simulation_3
2025-01-05 19:30:21,292 - INFO - Running analysis for /Users/tomsayada/spectral_analysis_project/data/K_1_50.0_K_2_100.0_SNR_50.0_Q_0.5/simulation_3
2025-01-05 19:30:21,780 - ERROR - Analysis failed with return code 1
STDOUT:

STDERR:
Traceback (most recent call last):
  File "/Users/tomsayada/spectral_analysis_project/src/run_standard_fit.py", line 22, in <module>
    from src.utils import (
    ...<4 lines>...
    )
ImportError: cannot import name 'load_data_for_epoch' from 'src.utils' (/Users/tomsayada/spectral_analysis_project/src/utils.py)

2025-01-05 19:30:21,780 - ERROR - Analysis failed with return code 1
STDOUT:

STDERR:
Traceback (most recent call last):
  File "/Users/tomsayada/spectral_analysis_project/src/run_standard_fit.py", line 22, in <module>
    from src.utils import (
    ...<4 lines>...
    )
ImportError: cannot import name 'load_data_for_epoch' from 'src.utils' (/Users/tomsayada/spectral_analysis_project/src/utils.py)

2025-01-05 19:30:21,780 - INFO - Retrying analysis for /Users/tomsayada/spectral_analysis_project/data/K_1_50.0_K_2_100.0_SNR_50.0_Q_0.5/simulation_1 (attempt 2)
2025-01-05 19:30:21,780 - INFO - Retrying analysis for /Users/tomsayada/spectral_analysis_project/data/K_1_50.0_K_2_100.0_SNR_50.0_Q_0.5/simulation_2 (attempt 2)
2025-01-05 19:30:21,781 - INFO - Found 25 observation files in /Users/tomsayada/spectral_analysis_project/data/K_1_50.0_K_2_100.0_SNR_50.0_Q_0.5/simulation_2
2025-01-05 19:30:21,780 - ERROR - Analysis failed with return code 1
STDOUT:

STDERR:
Traceback (most recent call last):
  File "/Users/tomsayada/spectral_analysis_project/src/run_standard_fit.py", line 22, in <module>
    from src.utils import (
    ...<4 lines>...
    )
ImportError: cannot import name 'load_data_for_epoch' from 'src.utils' (/Users/tomsayada/spectral_analysis_project/src/utils.py)

2025-01-05 19:30:21,781 - INFO - Found 25 observation files in /Users/tomsayada/spectral_analysis_project/data/K_1_50.0_K_2_100.0_SNR_50.0_Q_0.5/simulation_1
2025-01-05 19:30:21,781 - INFO - Running analysis for /Users/tomsayada/spectral_analysis_project/data/K_1_50.0_K_2_100.0_SNR_50.0_Q_0.5/simulation_2
2025-01-05 19:30:21,781 - INFO - Retrying analysis for /Users/tomsayada/spectral_analysis_project/data/K_1_50.0_K_2_100.0_SNR_50.0_Q_0.5/simulation_4 (attempt 2)
2025-01-05 19:30:21,781 - INFO - Running analysis for /Users/tomsayada/spectral_analysis_project/data/K_1_50.0_K_2_100.0_SNR_50.0_Q_0.5/simulation_1
2025-01-05 19:30:21,781 - INFO - Found 25 observation files in /Users/tomsayada/spectral_analysis_project/data/K_1_50.0_K_2_100.0_SNR_50.0_Q_0.5/simulation_4
2025-01-05 19:30:21,781 - INFO - Running analysis for /Users/tomsayada/spectral_analysis_project/data/K_1_50.0_K_2_100.0_SNR_50.0_Q_0.5/simulation_4
2025-01-05 19:30:21,791 - ERROR - Analysis failed with return code 1
STDOUT:

STDERR:
Traceback (most recent call last):
  File "/Users/tomsayada/spectral_analysis_project/src/run_standard_fit.py", line 22, in <module>
    from src.utils import (
    ...<4 lines>...
    )
ImportError: cannot import name 'load_data_for_epoch' from 'src.utils' (/Users/tomsayada/spectral_analysis_project/src/utils.py)

2025-01-05 19:30:21,792 - INFO - Retrying analysis for /Users/tomsayada/spectral_analysis_project/data/K_1_50.0_K_2_100.0_SNR_50.0_Q_0.5/simulation_3 (attempt 2)
2025-01-05 19:30:21,792 - INFO - Found 25 observation files in /Users/tomsayada/spectral_analysis_project/data/K_1_50.0_K_2_100.0_SNR_50.0_Q_0.5/simulation_3
2025-01-05 19:30:21,792 - INFO - Running analysis for /Users/tomsayada/spectral_analysis_project/data/K_1_50.0_K_2_100.0_SNR_50.0_Q_0.5/simulation_3
2025-01-05 19:30:22,300 - ERROR - Analysis failed with return code 1
STDOUT:

STDERR:
Traceback (most recent call last):
  File "/Users/tomsayada/spectral_analysis_project/src/run_standard_fit.py", line 22, in <module>
    from src.utils import (
    ...<4 lines>...
    )
ImportError: cannot import name 'load_data_for_epoch' from 'src.utils' (/Users/tomsayada/spectral_analysis_project/src/utils.py)

2025-01-05 19:30:22,300 - ERROR - Analysis failed with return code 1
STDOUT:

STDERR:
Traceback (most recent call last):
  File "/Users/tomsayada/spectral_analysis_project/src/run_standard_fit.py", line 22, in <module>
    from src.utils import (
    ...<4 lines>...
    )
ImportError: cannot import name 'load_data_for_epoch' from 'src.utils' (/Users/tomsayada/spectral_analysis_project/src/utils.py)

2025-01-05 19:30:22,300 - INFO - Retrying analysis for /Users/tomsayada/spectral_analysis_project/data/K_1_50.0_K_2_100.0_SNR_50.0_Q_0.5/simulation_4 (attempt 3)
2025-01-05 19:30:22,300 - INFO - Retrying analysis for /Users/tomsayada/spectral_analysis_project/data/K_1_50.0_K_2_100.0_SNR_50.0_Q_0.5/simulation_2 (attempt 3)
2025-01-05 19:30:22,300 - INFO - Found 25 observation files in /Users/tomsayada/spectral_analysis_project/data/K_1_50.0_K_2_100.0_SNR_50.0_Q_0.5/simulation_4
2025-01-05 19:30:22,300 - INFO - Found 25 observation files in /Users/tomsayada/spectral_analysis_project/data/K_1_50.0_K_2_100.0_SNR_50.0_Q_0.5/simulation_2
2025-01-05 19:30:22,300 - ERROR - Analysis failed with return code 1
STDOUT:

STDERR:
Traceback (most recent call last):
  File "/Users/tomsayada/spectral_analysis_project/src/run_standard_fit.py", line 22, in <module>
    from src.utils import (
    ...<4 lines>...
    )
ImportError: cannot import name 'load_data_for_epoch' from 'src.utils' (/Users/tomsayada/spectral_analysis_project/src/utils.py)

2025-01-05 19:30:22,300 - INFO - Running analysis for /Users/tomsayada/spectral_analysis_project/data/K_1_50.0_K_2_100.0_SNR_50.0_Q_0.5/simulation_4
2025-01-05 19:30:22,300 - INFO - Running analysis for /Users/tomsayada/spectral_analysis_project/data/K_1_50.0_K_2_100.0_SNR_50.0_Q_0.5/simulation_2
2025-01-05 19:30:22,300 - INFO - Retrying analysis for /Users/tomsayada/spectral_analysis_project/data/K_1_50.0_K_2_100.0_SNR_50.0_Q_0.5/simulation_3 (attempt 3)
2025-01-05 19:30:22,300 - INFO - Found 25 observation files in /Users/tomsayada/spectral_analysis_project/data/K_1_50.0_K_2_100.0_SNR_50.0_Q_0.5/simulation_3
2025-01-05 19:30:22,300 - INFO - Running analysis for /Users/tomsayada/spectral_analysis_project/data/K_1_50.0_K_2_100.0_SNR_50.0_Q_0.5/simulation_3
2025-01-05 19:30:22,304 - ERROR - Analysis failed with return code 1
STDOUT:

STDERR:
Traceback (most recent call last):
  File "/Users/tomsayada/spectral_analysis_project/src/run_standard_fit.py", line 22, in <module>
    from src.utils import (
    ...<4 lines>...
    )
ImportError: cannot import name 'load_data_for_epoch' from 'src.utils' (/Users/tomsayada/spectral_analysis_project/src/utils.py)

2025-01-05 19:30:22,304 - INFO - Retrying analysis for /Users/tomsayada/spectral_analysis_project/data/K_1_50.0_K_2_100.0_SNR_50.0_Q_0.5/simulation_1 (attempt 3)
2025-01-05 19:30:22,304 - INFO - Found 25 observation files in /Users/tomsayada/spectral_analysis_project/data/K_1_50.0_K_2_100.0_SNR_50.0_Q_0.5/simulation_1
2025-01-05 19:30:22,304 - INFO - Running analysis for /Users/tomsayada/spectral_analysis_project/data/K_1_50.0_K_2_100.0_SNR_50.0_Q_0.5/simulation_1
2025-01-05 19:30:22,803 - ERROR - Analysis failed with return code 1
STDOUT:

STDERR:
Traceback (most recent call last):
  File "/Users/tomsayada/spectral_analysis_project/src/run_standard_fit.py", line 22, in <module>
    from src.utils import (
    ...<4 lines>...
    )
ImportError: cannot import name 'load_data_for_epoch' from 'src.utils' (/Users/tomsayada/spectral_analysis_project/src/utils.py)

2025-01-05 19:30:22,803 - ERROR - Analysis failed with return code 1
STDOUT:

STDERR:
Traceback (most recent call last):
  File "/Users/tomsayada/spectral_analysis_project/src/run_standard_fit.py", line 22, in <module>
    from src.utils import (
    ...<4 lines>...
    )
ImportError: cannot import name 'load_data_for_epoch' from 'src.utils' (/Users/tomsayada/spectral_analysis_project/src/utils.py)

2025-01-05 19:30:22,803 - ERROR - Analysis failed with return code 1
STDOUT:

STDERR:
Traceback (most recent call last):
  File "/Users/tomsayada/spectral_analysis_project/src/run_standard_fit.py", line 22, in <module>
    from src.utils import (
    ...<4 lines>...
    )
ImportError: cannot import name 'load_data_for_epoch' from 'src.utils' (/Users/tomsayada/spectral_analysis_project/src/utils.py)

2025-01-05 19:30:22,803 - INFO - Found 25 observation files in /Users/tomsayada/spectral_analysis_project/data/K_1_50.0_K_2_100.0_SNR_50.0_Q_0.5/simulation_5
2025-01-05 19:30:22,804 - INFO - Running analysis for /Users/tomsayada/spectral_analysis_project/data/K_1_50.0_K_2_100.0_SNR_50.0_Q_0.5/simulation_5
2025-01-05 19:30:22,804 - INFO - Found 25 observation files in /Users/tomsayada/spectral_analysis_project/data/K_1_50.0_K_2_100.0_SNR_50.0_Q_0.5/simulation_7
2025-01-05 19:30:22,804 - INFO - Found 25 observation files in /Users/tomsayada/spectral_analysis_project/data/K_1_50.0_K_2_100.0_SNR_50.0_Q_0.5/simulation_6
2025-01-05 19:30:22,804 - INFO - Running analysis for /Users/tomsayada/spectral_analysis_project/data/K_1_50.0_K_2_100.0_SNR_50.0_Q_0.5/simulation_7
2025-01-05 19:30:22,804 - INFO - Running analysis for /Users/tomsayada/spectral_analysis_project/data/K_1_50.0_K_2_100.0_SNR_50.0_Q_0.5/simulation_6
2025-01-05 19:30:22,806 - ERROR - Analysis failed with return code 1
STDOUT:

STDERR:
Traceback (most recent call last):
  File "/Users/tomsayada/spectral_analysis_project/src/run_standard_fit.py", line 22, in <module>
    from src.utils import (
    ...<4 lines>...
    )
ImportError: cannot import name 'load_data_for_epoch' from 'src.utils' (/Users/tomsayada/spectral_analysis_project/src/utils.py)

2025-01-05 19:30:22,807 - INFO - Found 25 observation files in /Users/tomsayada/spectral_analysis_project/data/K_1_50.0_K_2_100.0_SNR_50.0_Q_0.5/simulation_8
2025-01-05 19:30:22,807 - INFO - Running analysis for /Users/tomsayada/spectral_analysis_project/data/K_1_50.0_K_2_100.0_SNR_50.0_Q_0.5/simulation_8
2025-01-05 19:30:23,304 - ERROR - Analysis failed with return code 1
STDOUT:

STDERR:
Traceback (most recent call last):
  File "/Users/tomsayada/spectral_analysis_project/src/run_standard_fit.py", line 22, in <module>
    from src.utils import (
    ...<4 lines>...
    )
ImportError: cannot import name 'load_data_for_epoch' from 'src.utils' (/Users/tomsayada/spectral_analysis_project/src/utils.py)

2025-01-05 19:30:23,304 - ERROR - Analysis failed with return code 1
STDOUT:

STDERR:
Traceback (most recent call last):
  File "/Users/tomsayada/spectral_analysis_project/src/run_standard_fit.py", line 22, in <module>
    from src.utils import (
    ...<4 lines>...
    )
ImportError: cannot import name 'load_data_for_epoch' from 'src.utils' (/Users/tomsayada/spectral_analysis_project/src/utils.py)

2025-01-05 19:30:23,304 - ERROR - Analysis failed with return code 1
STDOUT:

STDERR:
Traceback (most recent call last):
  File "/Users/tomsayada/spectral_analysis_project/src/run_standard_fit.py", line 22, in <module>
    from src.utils import (
    ...<4 lines>...
    )
ImportError: cannot import name 'load_data_for_epoch' from 'src.utils' (/Users/tomsayada/spectral_analysis_project/src/utils.py)

2025-01-05 19:30:23,304 - INFO - Retrying analysis for /Users/tomsayada/spectral_analysis_project/data/K_1_50.0_K_2_100.0_SNR_50.0_Q_0.5/simulation_7 (attempt 1)
2025-01-05 19:30:23,304 - INFO - Retrying analysis for /Users/tomsayada/spectral_analysis_project/data/K_1_50.0_K_2_100.0_SNR_50.0_Q_0.5/simulation_6 (attempt 1)
2025-01-05 19:30:23,304 - INFO - Retrying analysis for /Users/tomsayada/spectral_analysis_project/data/K_1_50.0_K_2_100.0_SNR_50.0_Q_0.5/simulation_5 (attempt 1)
2025-01-05 19:30:23,304 - INFO - Found 25 observation files in /Users/tomsayada/spectral_analysis_project/data/K_1_50.0_K_2_100.0_SNR_50.0_Q_0.5/simulation_5
2025-01-05 19:30:23,304 - INFO - Found 25 observation files in /Users/tomsayada/spectral_analysis_project/data/K_1_50.0_K_2_100.0_SNR_50.0_Q_0.5/simulation_6
2025-01-05 19:30:23,304 - INFO - Running analysis for /Users/tomsayada/spectral_analysis_project/data/K_1_50.0_K_2_100.0_SNR_50.0_Q_0.5/simulation_5
2025-01-05 19:30:23,304 - INFO - Running analysis for /Users/tomsayada/spectral_analysis_project/data/K_1_50.0_K_2_100.0_SNR_50.0_Q_0.5/simulation_6
2025-01-05 19:30:23,304 - INFO - Found 25 observation files in /Users/tomsayada/spectral_analysis_project/data/K_1_50.0_K_2_100.0_SNR_50.0_Q_0.5/simulation_7
2025-01-05 19:30:23,304 - INFO - Running analysis for /Users/tomsayada/spectral_analysis_project/data/K_1_50.0_K_2_100.0_SNR_50.0_Q_0.5/simulation_7
2025-01-05 19:30:23,307 - ERROR - Analysis failed with return code 1
STDOUT:

STDERR:
Traceback (most recent call last):
  File "/Users/tomsayada/spectral_analysis_project/src/run_standard_fit.py", line 22, in <module>
    from src.utils import (
    ...<4 lines>...
    )
ImportError: cannot import name 'load_data_for_epoch' from 'src.utils' (/Users/tomsayada/spectral_analysis_project/src/utils.py)

2025-01-05 19:30:23,307 - INFO - Retrying analysis for /Users/tomsayada/spectral_analysis_project/data/K_1_50.0_K_2_100.0_SNR_50.0_Q_0.5/simulation_8 (attempt 1)
2025-01-05 19:30:23,307 - INFO - Found 25 observation files in /Users/tomsayada/spectral_analysis_project/data/K_1_50.0_K_2_100.0_SNR_50.0_Q_0.5/simulation_8
2025-01-05 19:30:23,307 - INFO - Running analysis for /Users/tomsayada/spectral_analysis_project/data/K_1_50.0_K_2_100.0_SNR_50.0_Q_0.5/simulation_8
2025-01-05 19:30:23,806 - ERROR - Analysis failed with return code 1
STDOUT:

STDERR:
Traceback (most recent call last):
  File "/Users/tomsayada/spectral_analysis_project/src/run_standard_fit.py", line 22, in <module>
    from src.utils import (
    ...<4 lines>...
    )
ImportError: cannot import name 'load_data_for_epoch' from 'src.utils' (/Users/tomsayada/spectral_analysis_project/src/utils.py)

2025-01-05 19:30:23,806 - INFO - Retrying analysis for /Users/tomsayada/spectral_analysis_project/data/K_1_50.0_K_2_100.0_SNR_50.0_Q_0.5/simulation_7 (attempt 2)
2025-01-05 19:30:23,806 - ERROR - Analysis failed with return code 1
STDOUT:

STDERR:
Traceback (most recent call last):
  File "/Users/tomsayada/spectral_analysis_project/src/run_standard_fit.py", line 22, in <module>
    from src.utils import (
    ...<4 lines>...
    )
ImportError: cannot import name 'load_data_for_epoch' from 'src.utils' (/Users/tomsayada/spectral_analysis_project/src/utils.py)

2025-01-05 19:30:23,806 - INFO - Retrying analysis for /Users/tomsayada/spectral_analysis_project/data/K_1_50.0_K_2_100.0_SNR_50.0_Q_0.5/simulation_6 (attempt 2)
2025-01-05 19:30:23,806 - INFO - Found 25 observation files in /Users/tomsayada/spectral_analysis_project/data/K_1_50.0_K_2_100.0_SNR_50.0_Q_0.5/simulation_7
2025-01-05 19:30:23,806 - INFO - Running analysis for /Users/tomsayada/spectral_analysis_project/data/K_1_50.0_K_2_100.0_SNR_50.0_Q_0.5/simulation_7
2025-01-05 19:30:23,806 - INFO - Found 25 observation files in /Users/tomsayada/spectral_analysis_project/data/K_1_50.0_K_2_100.0_SNR_50.0_Q_0.5/simulation_6
2025-01-05 19:30:23,806 - ERROR - Analysis failed with return code 1
STDOUT:

STDERR:
Traceback (most recent call last):
  File "/Users/tomsayada/spectral_analysis_project/src/run_standard_fit.py", line 22, in <module>
    from src.utils import (
    ...<4 lines>...
    )
ImportError: cannot import name 'load_data_for_epoch' from 'src.utils' (/Users/tomsayada/spectral_analysis_project/src/utils.py)

2025-01-05 19:30:23,806 - INFO - Running analysis for /Users/tomsayada/spectral_analysis_project/data/K_1_50.0_K_2_100.0_SNR_50.0_Q_0.5/simulation_6
2025-01-05 19:30:23,806 - INFO - Retrying analysis for /Users/tomsayada/spectral_analysis_project/data/K_1_50.0_K_2_100.0_SNR_50.0_Q_0.5/simulation_8 (attempt 2)
2025-01-05 19:30:23,806 - INFO - Found 25 observation files in /Users/tomsayada/spectral_analysis_project/data/K_1_50.0_K_2_100.0_SNR_50.0_Q_0.5/simulation_8
2025-01-05 19:30:23,806 - INFO - Running analysis for /Users/tomsayada/spectral_analysis_project/data/K_1_50.0_K_2_100.0_SNR_50.0_Q_0.5/simulation_8
2025-01-05 19:30:23,810 - ERROR - Analysis failed with return code 1
STDOUT:

STDERR:
Traceback (most recent call last):
  File "/Users/tomsayada/spectral_analysis_project/src/run_standard_fit.py", line 22, in <module>
    from src.utils import (
    ...<4 lines>...
    )
ImportError: cannot import name 'load_data_for_epoch' from 'src.utils' (/Users/tomsayada/spectral_analysis_project/src/utils.py)

2025-01-05 19:30:23,810 - INFO - Retrying analysis for /Users/tomsayada/spectral_analysis_project/data/K_1_50.0_K_2_100.0_SNR_50.0_Q_0.5/simulation_5 (attempt 2)
2025-01-05 19:30:23,810 - INFO - Found 25 observation files in /Users/tomsayada/spectral_analysis_project/data/K_1_50.0_K_2_100.0_SNR_50.0_Q_0.5/simulation_5
2025-01-05 19:30:23,810 - INFO - Running analysis for /Users/tomsayada/spectral_analysis_project/data/K_1_50.0_K_2_100.0_SNR_50.0_Q_0.5/simulation_5
2025-01-05 19:30:24,309 - ERROR - Analysis failed with return code 1
STDOUT:

STDERR:
Traceback (most recent call last):
  File "/Users/tomsayada/spectral_analysis_project/src/run_standard_fit.py", line 22, in <module>
    from src.utils import (
    ...<4 lines>...
    )
ImportError: cannot import name 'load_data_for_epoch' from 'src.utils' (/Users/tomsayada/spectral_analysis_project/src/utils.py)

2025-01-05 19:30:24,309 - ERROR - Analysis failed with return code 1
STDOUT:

STDERR:
Traceback (most recent call last):
  File "/Users/tomsayada/spectral_analysis_project/src/run_standard_fit.py", line 22, in <module>
    from src.utils import (
    ...<4 lines>...
    )
ImportError: cannot import name 'load_data_for_epoch' from 'src.utils' (/Users/tomsayada/spectral_analysis_project/src/utils.py)

2025-01-05 19:30:24,309 - INFO - Retrying analysis for /Users/tomsayada/spectral_analysis_project/data/K_1_50.0_K_2_100.0_SNR_50.0_Q_0.5/simulation_6 (attempt 3)
2025-01-05 19:30:24,309 - INFO - Retrying analysis for /Users/tomsayada/spectral_analysis_project/data/K_1_50.0_K_2_100.0_SNR_50.0_Q_0.5/simulation_5 (attempt 3)
2025-01-05 19:30:24,309 - INFO - Found 25 observation files in /Users/tomsayada/spectral_analysis_project/data/K_1_50.0_K_2_100.0_SNR_50.0_Q_0.5/simulation_6
2025-01-05 19:30:24,309 - INFO - Found 25 observation files in /Users/tomsayada/spectral_analysis_project/data/K_1_50.0_K_2_100.0_SNR_50.0_Q_0.5/simulation_5
2025-01-05 19:30:24,309 - INFO - Running analysis for /Users/tomsayada/spectral_analysis_project/data/K_1_50.0_K_2_100.0_SNR_50.0_Q_0.5/simulation_6
2025-01-05 19:30:24,309 - INFO - Running analysis for /Users/tomsayada/spectral_analysis_project/data/K_1_50.0_K_2_100.0_SNR_50.0_Q_0.5/simulation_5
2025-01-05 19:30:24,311 - ERROR - Analysis failed with return code 1
STDOUT:

STDERR:
Traceback (most recent call last):
  File "/Users/tomsayada/spectral_analysis_project/src/run_standard_fit.py", line 22, in <module>
    from src.utils import (
    ...<4 lines>...
    )
ImportError: cannot import name 'load_data_for_epoch' from 'src.utils' (/Users/tomsayada/spectral_analysis_project/src/utils.py)

2025-01-05 19:30:24,311 - INFO - Retrying analysis for /Users/tomsayada/spectral_analysis_project/data/K_1_50.0_K_2_100.0_SNR_50.0_Q_0.5/simulation_8 (attempt 3)
2025-01-05 19:30:24,311 - INFO - Found 25 observation files in /Users/tomsayada/spectral_analysis_project/data/K_1_50.0_K_2_100.0_SNR_50.0_Q_0.5/simulation_8
2025-01-05 19:30:24,311 - INFO - Running analysis for /Users/tomsayada/spectral_analysis_project/data/K_1_50.0_K_2_100.0_SNR_50.0_Q_0.5/simulation_8
2025-01-05 19:30:24,314 - ERROR - Analysis failed with return code 1
STDOUT:

STDERR:
Traceback (most recent call last):
  File "/Users/tomsayada/spectral_analysis_project/src/run_standard_fit.py", line 22, in <module>
    from src.utils import (
    ...<4 lines>...
    )
ImportError: cannot import name 'load_data_for_epoch' from 'src.utils' (/Users/tomsayada/spectral_analysis_project/src/utils.py)

2025-01-05 19:30:24,314 - INFO - Retrying analysis for /Users/tomsayada/spectral_analysis_project/data/K_1_50.0_K_2_100.0_SNR_50.0_Q_0.5/simulation_7 (attempt 3)
2025-01-05 19:30:24,314 - INFO - Found 25 observation files in /Users/tomsayada/spectral_analysis_project/data/K_1_50.0_K_2_100.0_SNR_50.0_Q_0.5/simulation_7
2025-01-05 19:30:24,314 - INFO - Running analysis for /Users/tomsayada/spectral_analysis_project/data/K_1_50.0_K_2_100.0_SNR_50.0_Q_0.5/simulation_7
2025-01-05 19:30:24,811 - ERROR - Analysis failed with return code 1
STDOUT:

STDERR:
Traceback (most recent call last):
  File "/Users/tomsayada/spectral_analysis_project/src/run_standard_fit.py", line 22, in <module>
    from src.utils import (
    ...<4 lines>...
    )
ImportError: cannot import name 'load_data_for_epoch' from 'src.utils' (/Users/tomsayada/spectral_analysis_project/src/utils.py)

2025-01-05 19:30:24,812 - INFO - Found 25 observation files in /Users/tomsayada/spectral_analysis_project/data/K_1_50.0_K_2_100.0_SNR_50.0_Q_0.5/simulation_9
2025-01-05 19:30:24,812 - INFO - Running analysis for /Users/tomsayada/spectral_analysis_project/data/K_1_50.0_K_2_100.0_SNR_50.0_Q_0.5/simulation_9
2025-01-05 19:30:24,812 - ERROR - Analysis failed with return code 1
STDOUT:

STDERR:
Traceback (most recent call last):
  File "/Users/tomsayada/spectral_analysis_project/src/run_standard_fit.py", line 22, in <module>
    from src.utils import (
    ...<4 lines>...
    )
ImportError: cannot import name 'load_data_for_epoch' from 'src.utils' (/Users/tomsayada/spectral_analysis_project/src/utils.py)

2025-01-05 19:30:24,812 - INFO - Found 25 observation files in /Users/tomsayada/spectral_analysis_project/data/K_1_50.0_K_2_100.0_SNR_50.0_Q_0.5/simulation_10
2025-01-05 19:30:24,812 - INFO - Running analysis for /Users/tomsayada/spectral_analysis_project/data/K_1_50.0_K_2_100.0_SNR_50.0_Q_0.5/simulation_10
2025-01-05 19:30:24,812 - ERROR - Analysis failed with return code 1
STDOUT:

STDERR:
Traceback (most recent call last):
  File "/Users/tomsayada/spectral_analysis_project/src/run_standard_fit.py", line 22, in <module>
    from src.utils import (
    ...<4 lines>...
    )
ImportError: cannot import name 'load_data_for_epoch' from 'src.utils' (/Users/tomsayada/spectral_analysis_project/src/utils.py)

2025-01-05 19:30:24,816 - ERROR - Analysis failed with return code 1
STDOUT:

STDERR:
Traceback (most recent call last):
  File "/Users/tomsayada/spectral_analysis_project/src/run_standard_fit.py", line 22, in <module>
    from src.utils import (
    ...<4 lines>...
    )
ImportError: cannot import name 'load_data_for_epoch' from 'src.utils' (/Users/tomsayada/spectral_analysis_project/src/utils.py)

2025-01-05 19:30:25,259 - ERROR - Analysis failed with return code 1
STDOUT:

STDERR:
Traceback (most recent call last):
  File "/Users/tomsayada/spectral_analysis_project/src/run_standard_fit.py", line 22, in <module>
    from src.utils import (
    ...<4 lines>...
    )
ImportError: cannot import name 'load_data_for_epoch' from 'src.utils' (/Users/tomsayada/spectral_analysis_project/src/utils.py)

2025-01-05 19:30:25,259 - INFO - Retrying analysis for /Users/tomsayada/spectral_analysis_project/data/K_1_50.0_K_2_100.0_SNR_50.0_Q_0.5/simulation_9 (attempt 1)
2025-01-05 19:30:25,259 - INFO - Found 25 observation files in /Users/tomsayada/spectral_analysis_project/data/K_1_50.0_K_2_100.0_SNR_50.0_Q_0.5/simulation_9
2025-01-05 19:30:25,259 - INFO - Running analysis for /Users/tomsayada/spectral_analysis_project/data/K_1_50.0_K_2_100.0_SNR_50.0_Q_0.5/simulation_9
2025-01-05 19:30:25,263 - ERROR - Analysis failed with return code 1
STDOUT:

STDERR:
Traceback (most recent call last):
  File "/Users/tomsayada/spectral_analysis_project/src/run_standard_fit.py", line 22, in <module>
    from src.utils import (
    ...<4 lines>...
    )
ImportError: cannot import name 'load_data_for_epoch' from 'src.utils' (/Users/tomsayada/spectral_analysis_project/src/utils.py)

2025-01-05 19:30:25,263 - INFO - Retrying analysis for /Users/tomsayada/spectral_analysis_project/data/K_1_50.0_K_2_100.0_SNR_50.0_Q_0.5/simulation_10 (attempt 1)
2025-01-05 19:30:25,263 - INFO - Found 25 observation files in /Users/tomsayada/spectral_analysis_project/data/K_1_50.0_K_2_100.0_SNR_50.0_Q_0.5/simulation_10
2025-01-05 19:30:25,263 - INFO - Running analysis for /Users/tomsayada/spectral_analysis_project/data/K_1_50.0_K_2_100.0_SNR_50.0_Q_0.5/simulation_10
2025-01-05 19:30:25,706 - ERROR - Analysis failed with return code 1
STDOUT:

STDERR:
Traceback (most recent call last):
  File "/Users/tomsayada/spectral_analysis_project/src/run_standard_fit.py", line 22, in <module>
    from src.utils import (
    ...<4 lines>...
    )
ImportError: cannot import name 'load_data_for_epoch' from 'src.utils' (/Users/tomsayada/spectral_analysis_project/src/utils.py)

2025-01-05 19:30:25,706 - INFO - Retrying analysis for /Users/tomsayada/spectral_analysis_project/data/K_1_50.0_K_2_100.0_SNR_50.0_Q_0.5/simulation_10 (attempt 2)
2025-01-05 19:30:25,706 - INFO - Found 25 observation files in /Users/tomsayada/spectral_analysis_project/data/K_1_50.0_K_2_100.0_SNR_50.0_Q_0.5/simulation_10
2025-01-05 19:30:25,706 - INFO - Running analysis for /Users/tomsayada/spectral_analysis_project/data/K_1_50.0_K_2_100.0_SNR_50.0_Q_0.5/simulation_10
2025-01-05 19:30:25,710 - ERROR - Analysis failed with return code 1
STDOUT:

STDERR:
Traceback (most recent call last):
  File "/Users/tomsayada/spectral_analysis_project/src/run_standard_fit.py", line 22, in <module>
    from src.utils import (
    ...<4 lines>...
    )
ImportError: cannot import name 'load_data_for_epoch' from 'src.utils' (/Users/tomsayada/spectral_analysis_project/src/utils.py)

2025-01-05 19:30:25,710 - INFO - Retrying analysis for /Users/tomsayada/spectral_analysis_project/data/K_1_50.0_K_2_100.0_SNR_50.0_Q_0.5/simulation_9 (attempt 2)
2025-01-05 19:30:25,710 - INFO - Found 25 observation files in /Users/tomsayada/spectral_analysis_project/data/K_1_50.0_K_2_100.0_SNR_50.0_Q_0.5/simulation_9
2025-01-05 19:30:25,710 - INFO - Running analysis for /Users/tomsayada/spectral_analysis_project/data/K_1_50.0_K_2_100.0_SNR_50.0_Q_0.5/simulation_9
2025-01-05 19:30:26,149 - ERROR - Analysis failed with return code 1
STDOUT:

STDERR:
Traceback (most recent call last):
  File "/Users/tomsayada/spectral_analysis_project/src/run_standard_fit.py", line 22, in <module>
    from src.utils import (
    ...<4 lines>...
    )
ImportError: cannot import name 'load_data_for_epoch' from 'src.utils' (/Users/tomsayada/spectral_analysis_project/src/utils.py)

2025-01-05 19:30:26,149 - INFO - Retrying analysis for /Users/tomsayada/spectral_analysis_project/data/K_1_50.0_K_2_100.0_SNR_50.0_Q_0.5/simulation_9 (attempt 3)
2025-01-05 19:30:26,150 - INFO - Found 25 observation files in /Users/tomsayada/spectral_analysis_project/data/K_1_50.0_K_2_100.0_SNR_50.0_Q_0.5/simulation_9
2025-01-05 19:30:26,150 - INFO - Running analysis for /Users/tomsayada/spectral_analysis_project/data/K_1_50.0_K_2_100.0_SNR_50.0_Q_0.5/simulation_9
2025-01-05 19:30:26,152 - ERROR - Analysis failed with return code 1
STDOUT:

STDERR:
Traceback (most recent call last):
  File "/Users/tomsayada/spectral_analysis_project/src/run_standard_fit.py", line 22, in <module>
    from src.utils import (
    ...<4 lines>...
    )
ImportError: cannot import name 'load_data_for_epoch' from 'src.utils' (/Users/tomsayada/spectral_analysis_project/src/utils.py)

2025-01-05 19:30:26,153 - INFO - Retrying analysis for /Users/tomsayada/spectral_analysis_project/data/K_1_50.0_K_2_100.0_SNR_50.0_Q_0.5/simulation_10 (attempt 3)
2025-01-05 19:30:26,153 - INFO - Found 25 observation files in /Users/tomsayada/spectral_analysis_project/data/K_1_50.0_K_2_100.0_SNR_50.0_Q_0.5/simulation_10
2025-01-05 19:30:26,153 - INFO - Running analysis for /Users/tomsayada/spectral_analysis_project/data/K_1_50.0_K_2_100.0_SNR_50.0_Q_0.5/simulation_10
2025-01-05 19:30:26,595 - ERROR - Analysis failed with return code 1
STDOUT:

STDERR:
Traceback (most recent call last):
  File "/Users/tomsayada/spectral_analysis_project/src/run_standard_fit.py", line 22, in <module>
    from src.utils import (
    ...<4 lines>...
    )
ImportError: cannot import name 'load_data_for_epoch' from 'src.utils' (/Users/tomsayada/spectral_analysis_project/src/utils.py)

2025-01-05 19:30:26,598 - ERROR - Analysis failed with return code 1
STDOUT:

STDERR:
Traceback (most recent call last):
  File "/Users/tomsayada/spectral_analysis_project/src/run_standard_fit.py", line 22, in <module>
    from src.utils import (
    ...<4 lines>...
    )
ImportError: cannot import name 'load_data_for_epoch' from 'src.utils' (/Users/tomsayada/spectral_analysis_project/src/utils.py)

2025-01-05 19:30:26,613 - INFO - 
Analysis complete:
2025-01-05 19:30:26,613 - INFO -   Successful: 0/10
2025-01-05 19:30:26,613 - INFO -   Results saved in: /Users/tomsayada/spectral_analysis_project/data/K_1_50.0_K_2_100.0_SNR_50.0_Q_0.5/analysis_results_20250105_193020
2025-01-05 19:31:57,321 - INFO - Starting spectral analysis pipeline
2025-01-05 19:31:57,321 - INFO - Configuration: AnalysisConfig(data_folder='/Users/tomsayada/spectral_analysis_project/data/K_1_50.0_K_2_100.0_SNR_50.0_Q_0.5', use_simulated=True, profile_type='sym', fit_type='standard', fit_baseline=False, use_weighted=True, parallel_processing=True, max_workers=4, save_intermediates=True, lines_to_fit={'He4026': 1.0, 'He4388': 1.0, 'He4471': 1.0}, retry_failed=True, max_retries=3)
2025-01-05 19:31:57,321 - INFO - Found 10 simulation folder(s)
2025-01-05 19:31:57,323 - INFO - Processing 10 folder(s)
2025-01-05 19:31:57,323 - INFO - Running parallel analysis with 4 workers
2025-01-05 19:31:57,403 - INFO - Found 25 observation files in /Users/tomsayada/spectral_analysis_project/data/K_1_50.0_K_2_100.0_SNR_50.0_Q_0.5/simulation_1
2025-01-05 19:31:57,403 - INFO - Running analysis for /Users/tomsayada/spectral_analysis_project/data/K_1_50.0_K_2_100.0_SNR_50.0_Q_0.5/simulation_1
2025-01-05 19:31:57,405 - INFO - Found 25 observation files in /Users/tomsayada/spectral_analysis_project/data/K_1_50.0_K_2_100.0_SNR_50.0_Q_0.5/simulation_2
2025-01-05 19:31:57,405 - INFO - Running analysis for /Users/tomsayada/spectral_analysis_project/data/K_1_50.0_K_2_100.0_SNR_50.0_Q_0.5/simulation_2
2025-01-05 19:31:57,409 - INFO - Found 25 observation files in /Users/tomsayada/spectral_analysis_project/data/K_1_50.0_K_2_100.0_SNR_50.0_Q_0.5/simulation_3
2025-01-05 19:31:57,409 - INFO - Running analysis for /Users/tomsayada/spectral_analysis_project/data/K_1_50.0_K_2_100.0_SNR_50.0_Q_0.5/simulation_3
2025-01-05 19:31:57,413 - INFO - Found 25 observation files in /Users/tomsayada/spectral_analysis_project/data/K_1_50.0_K_2_100.0_SNR_50.0_Q_0.5/simulation_4
2025-01-05 19:31:57,413 - INFO - Running analysis for /Users/tomsayada/spectral_analysis_project/data/K_1_50.0_K_2_100.0_SNR_50.0_Q_0.5/simulation_4
2025-01-05 19:31:57,932 - ERROR - Analysis failed with return code 1
STDOUT:

STDERR:
Traceback (most recent call last):
  File "/Users/tomsayada/spectral_analysis_project/src/run_standard_fit.py", line 22, in <module>
    from src.utils import (
    ...<4 lines>...
    )
ImportError: cannot import name 'find_line_center_smoothed' from 'src.utils' (/Users/tomsayada/spectral_analysis_project/src/utils.py)

2025-01-05 19:31:57,932 - ERROR - Analysis failed with return code 1
STDOUT:

STDERR:
Traceback (most recent call last):
  File "/Users/tomsayada/spectral_analysis_project/src/run_standard_fit.py", line 22, in <module>
    from src.utils import (
    ...<4 lines>...
    )
ImportError: cannot import name 'find_line_center_smoothed' from 'src.utils' (/Users/tomsayada/spectral_analysis_project/src/utils.py)

2025-01-05 19:31:57,932 - ERROR - Analysis failed with return code 1
STDOUT:

STDERR:
Traceback (most recent call last):
  File "/Users/tomsayada/spectral_analysis_project/src/run_standard_fit.py", line 22, in <module>
    from src.utils import (
    ...<4 lines>...
    )
ImportError: cannot import name 'find_line_center_smoothed' from 'src.utils' (/Users/tomsayada/spectral_analysis_project/src/utils.py)

2025-01-05 19:31:57,932 - INFO - Retrying analysis for /Users/tomsayada/spectral_analysis_project/data/K_1_50.0_K_2_100.0_SNR_50.0_Q_0.5/simulation_1 (attempt 1)
2025-01-05 19:31:57,932 - INFO - Retrying analysis for /Users/tomsayada/spectral_analysis_project/data/K_1_50.0_K_2_100.0_SNR_50.0_Q_0.5/simulation_2 (attempt 1)
2025-01-05 19:31:57,932 - INFO - Retrying analysis for /Users/tomsayada/spectral_analysis_project/data/K_1_50.0_K_2_100.0_SNR_50.0_Q_0.5/simulation_3 (attempt 1)
2025-01-05 19:31:57,932 - INFO - Found 25 observation files in /Users/tomsayada/spectral_analysis_project/data/K_1_50.0_K_2_100.0_SNR_50.0_Q_0.5/simulation_1
2025-01-05 19:31:57,932 - INFO - Found 25 observation files in /Users/tomsayada/spectral_analysis_project/data/K_1_50.0_K_2_100.0_SNR_50.0_Q_0.5/simulation_2
2025-01-05 19:31:57,932 - INFO - Found 25 observation files in /Users/tomsayada/spectral_analysis_project/data/K_1_50.0_K_2_100.0_SNR_50.0_Q_0.5/simulation_3
2025-01-05 19:31:57,932 - INFO - Running analysis for /Users/tomsayada/spectral_analysis_project/data/K_1_50.0_K_2_100.0_SNR_50.0_Q_0.5/simulation_1
2025-01-05 19:31:57,932 - INFO - Running analysis for /Users/tomsayada/spectral_analysis_project/data/K_1_50.0_K_2_100.0_SNR_50.0_Q_0.5/simulation_2
2025-01-05 19:31:57,932 - INFO - Running analysis for /Users/tomsayada/spectral_analysis_project/data/K_1_50.0_K_2_100.0_SNR_50.0_Q_0.5/simulation_3
2025-01-05 19:31:57,937 - ERROR - Analysis failed with return code 1
STDOUT:

STDERR:
Traceback (most recent call last):
  File "/Users/tomsayada/spectral_analysis_project/src/run_standard_fit.py", line 22, in <module>
    from src.utils import (
    ...<4 lines>...
    )
ImportError: cannot import name 'find_line_center_smoothed' from 'src.utils' (/Users/tomsayada/spectral_analysis_project/src/utils.py)

2025-01-05 19:31:57,937 - INFO - Retrying analysis for /Users/tomsayada/spectral_analysis_project/data/K_1_50.0_K_2_100.0_SNR_50.0_Q_0.5/simulation_4 (attempt 1)
2025-01-05 19:31:57,937 - INFO - Found 25 observation files in /Users/tomsayada/spectral_analysis_project/data/K_1_50.0_K_2_100.0_SNR_50.0_Q_0.5/simulation_4
2025-01-05 19:31:57,937 - INFO - Running analysis for /Users/tomsayada/spectral_analysis_project/data/K_1_50.0_K_2_100.0_SNR_50.0_Q_0.5/simulation_4
2025-01-05 19:31:58,439 - ERROR - Analysis failed with return code 1
STDOUT:

STDERR:
Traceback (most recent call last):
  File "/Users/tomsayada/spectral_analysis_project/src/run_standard_fit.py", line 22, in <module>
    from src.utils import (
    ...<4 lines>...
    )
ImportError: cannot import name 'find_line_center_smoothed' from 'src.utils' (/Users/tomsayada/spectral_analysis_project/src/utils.py)

2025-01-05 19:31:58,439 - ERROR - Analysis failed with return code 1
STDOUT:

STDERR:
Traceback (most recent call last):
  File "/Users/tomsayada/spectral_analysis_project/src/run_standard_fit.py", line 22, in <module>
    from src.utils import (
    ...<4 lines>...
    )
ImportError: cannot import name 'find_line_center_smoothed' from 'src.utils' (/Users/tomsayada/spectral_analysis_project/src/utils.py)

2025-01-05 19:31:58,439 - INFO - Retrying analysis for /Users/tomsayada/spectral_analysis_project/data/K_1_50.0_K_2_100.0_SNR_50.0_Q_0.5/simulation_4 (attempt 2)
2025-01-05 19:31:58,439 - INFO - Retrying analysis for /Users/tomsayada/spectral_analysis_project/data/K_1_50.0_K_2_100.0_SNR_50.0_Q_0.5/simulation_3 (attempt 2)
2025-01-05 19:31:58,439 - ERROR - Analysis failed with return code 1
STDOUT:

STDERR:
Traceback (most recent call last):
  File "/Users/tomsayada/spectral_analysis_project/src/run_standard_fit.py", line 22, in <module>
    from src.utils import (
    ...<4 lines>...
    )
ImportError: cannot import name 'find_line_center_smoothed' from 'src.utils' (/Users/tomsayada/spectral_analysis_project/src/utils.py)

2025-01-05 19:31:58,439 - INFO - Retrying analysis for /Users/tomsayada/spectral_analysis_project/data/K_1_50.0_K_2_100.0_SNR_50.0_Q_0.5/simulation_1 (attempt 2)
2025-01-05 19:31:58,439 - INFO - Found 25 observation files in /Users/tomsayada/spectral_analysis_project/data/K_1_50.0_K_2_100.0_SNR_50.0_Q_0.5/simulation_3
2025-01-05 19:31:58,439 - INFO - Found 25 observation files in /Users/tomsayada/spectral_analysis_project/data/K_1_50.0_K_2_100.0_SNR_50.0_Q_0.5/simulation_4
2025-01-05 19:31:58,439 - INFO - Found 25 observation files in /Users/tomsayada/spectral_analysis_project/data/K_1_50.0_K_2_100.0_SNR_50.0_Q_0.5/simulation_1
2025-01-05 19:31:58,439 - INFO - Running analysis for /Users/tomsayada/spectral_analysis_project/data/K_1_50.0_K_2_100.0_SNR_50.0_Q_0.5/simulation_3
2025-01-05 19:31:58,439 - INFO - Running analysis for /Users/tomsayada/spectral_analysis_project/data/K_1_50.0_K_2_100.0_SNR_50.0_Q_0.5/simulation_4
2025-01-05 19:31:58,439 - INFO - Running analysis for /Users/tomsayada/spectral_analysis_project/data/K_1_50.0_K_2_100.0_SNR_50.0_Q_0.5/simulation_1
2025-01-05 19:31:58,444 - ERROR - Analysis failed with return code 1
STDOUT:

STDERR:
Traceback (most recent call last):
  File "/Users/tomsayada/spectral_analysis_project/src/run_standard_fit.py", line 22, in <module>
    from src.utils import (
    ...<4 lines>...
    )
ImportError: cannot import name 'find_line_center_smoothed' from 'src.utils' (/Users/tomsayada/spectral_analysis_project/src/utils.py)

2025-01-05 19:31:58,444 - INFO - Retrying analysis for /Users/tomsayada/spectral_analysis_project/data/K_1_50.0_K_2_100.0_SNR_50.0_Q_0.5/simulation_2 (attempt 2)
2025-01-05 19:31:58,444 - INFO - Found 25 observation files in /Users/tomsayada/spectral_analysis_project/data/K_1_50.0_K_2_100.0_SNR_50.0_Q_0.5/simulation_2
2025-01-05 19:31:58,444 - INFO - Running analysis for /Users/tomsayada/spectral_analysis_project/data/K_1_50.0_K_2_100.0_SNR_50.0_Q_0.5/simulation_2
2025-01-05 19:31:58,944 - ERROR - Analysis failed with return code 1
STDOUT:

STDERR:
Traceback (most recent call last):
  File "/Users/tomsayada/spectral_analysis_project/src/run_standard_fit.py", line 22, in <module>
    from src.utils import (
    ...<4 lines>...
    )
ImportError: cannot import name 'find_line_center_smoothed' from 'src.utils' (/Users/tomsayada/spectral_analysis_project/src/utils.py)

2025-01-05 19:31:58,944 - ERROR - Analysis failed with return code 1
STDOUT:

STDERR:
Traceback (most recent call last):
  File "/Users/tomsayada/spectral_analysis_project/src/run_standard_fit.py", line 22, in <module>
    from src.utils import (
    ...<4 lines>...
    )
ImportError: cannot import name 'find_line_center_smoothed' from 'src.utils' (/Users/tomsayada/spectral_analysis_project/src/utils.py)

2025-01-05 19:31:58,944 - INFO - Retrying analysis for /Users/tomsayada/spectral_analysis_project/data/K_1_50.0_K_2_100.0_SNR_50.0_Q_0.5/simulation_4 (attempt 3)
2025-01-05 19:31:58,944 - INFO - Retrying analysis for /Users/tomsayada/spectral_analysis_project/data/K_1_50.0_K_2_100.0_SNR_50.0_Q_0.5/simulation_1 (attempt 3)
2025-01-05 19:31:58,944 - INFO - Found 25 observation files in /Users/tomsayada/spectral_analysis_project/data/K_1_50.0_K_2_100.0_SNR_50.0_Q_0.5/simulation_4
2025-01-05 19:31:58,944 - INFO - Running analysis for /Users/tomsayada/spectral_analysis_project/data/K_1_50.0_K_2_100.0_SNR_50.0_Q_0.5/simulation_4
2025-01-05 19:31:58,944 - INFO - Found 25 observation files in /Users/tomsayada/spectral_analysis_project/data/K_1_50.0_K_2_100.0_SNR_50.0_Q_0.5/simulation_1
2025-01-05 19:31:58,944 - INFO - Running analysis for /Users/tomsayada/spectral_analysis_project/data/K_1_50.0_K_2_100.0_SNR_50.0_Q_0.5/simulation_1
2025-01-05 19:31:58,944 - ERROR - Analysis failed with return code 1
STDOUT:

STDERR:
Traceback (most recent call last):
  File "/Users/tomsayada/spectral_analysis_project/src/run_standard_fit.py", line 22, in <module>
    from src.utils import (
    ...<4 lines>...
    )
ImportError: cannot import name 'find_line_center_smoothed' from 'src.utils' (/Users/tomsayada/spectral_analysis_project/src/utils.py)

2025-01-05 19:31:58,944 - INFO - Retrying analysis for /Users/tomsayada/spectral_analysis_project/data/K_1_50.0_K_2_100.0_SNR_50.0_Q_0.5/simulation_2 (attempt 3)
2025-01-05 19:31:58,944 - INFO - Found 25 observation files in /Users/tomsayada/spectral_analysis_project/data/K_1_50.0_K_2_100.0_SNR_50.0_Q_0.5/simulation_2
2025-01-05 19:31:58,944 - INFO - Running analysis for /Users/tomsayada/spectral_analysis_project/data/K_1_50.0_K_2_100.0_SNR_50.0_Q_0.5/simulation_2
2025-01-05 19:31:58,949 - ERROR - Analysis failed with return code 1
STDOUT:

STDERR:
Traceback (most recent call last):
  File "/Users/tomsayada/spectral_analysis_project/src/run_standard_fit.py", line 22, in <module>
    from src.utils import (
    ...<4 lines>...
    )
ImportError: cannot import name 'find_line_center_smoothed' from 'src.utils' (/Users/tomsayada/spectral_analysis_project/src/utils.py)

2025-01-05 19:31:58,949 - INFO - Retrying analysis for /Users/tomsayada/spectral_analysis_project/data/K_1_50.0_K_2_100.0_SNR_50.0_Q_0.5/simulation_3 (attempt 3)
2025-01-05 19:31:58,950 - INFO - Found 25 observation files in /Users/tomsayada/spectral_analysis_project/data/K_1_50.0_K_2_100.0_SNR_50.0_Q_0.5/simulation_3
2025-01-05 19:31:58,950 - INFO - Running analysis for /Users/tomsayada/spectral_analysis_project/data/K_1_50.0_K_2_100.0_SNR_50.0_Q_0.5/simulation_3
2025-01-05 19:31:59,447 - ERROR - Analysis failed with return code 1
STDOUT:

STDERR:
Traceback (most recent call last):
  File "/Users/tomsayada/spectral_analysis_project/src/run_standard_fit.py", line 22, in <module>
    from src.utils import (
    ...<4 lines>...
    )
ImportError: cannot import name 'find_line_center_smoothed' from 'src.utils' (/Users/tomsayada/spectral_analysis_project/src/utils.py)

2025-01-05 19:31:59,447 - ERROR - Analysis failed with return code 1
STDOUT:

STDERR:
Traceback (most recent call last):
  File "/Users/tomsayada/spectral_analysis_project/src/run_standard_fit.py", line 22, in <module>
    from src.utils import (
    ...<4 lines>...
    )
ImportError: cannot import name 'find_line_center_smoothed' from 'src.utils' (/Users/tomsayada/spectral_analysis_project/src/utils.py)

2025-01-05 19:31:59,447 - ERROR - Analysis failed with return code 1
STDOUT:

STDERR:
Traceback (most recent call last):
  File "/Users/tomsayada/spectral_analysis_project/src/run_standard_fit.py", line 22, in <module>
    from src.utils import (
    ...<4 lines>...
    )
ImportError: cannot import name 'find_line_center_smoothed' from 'src.utils' (/Users/tomsayada/spectral_analysis_project/src/utils.py)

2025-01-05 19:31:59,447 - INFO - Found 25 observation files in /Users/tomsayada/spectral_analysis_project/data/K_1_50.0_K_2_100.0_SNR_50.0_Q_0.5/simulation_5
2025-01-05 19:31:59,447 - INFO - Running analysis for /Users/tomsayada/spectral_analysis_project/data/K_1_50.0_K_2_100.0_SNR_50.0_Q_0.5/simulation_5
2025-01-05 19:31:59,448 - INFO - Found 25 observation files in /Users/tomsayada/spectral_analysis_project/data/K_1_50.0_K_2_100.0_SNR_50.0_Q_0.5/simulation_6
2025-01-05 19:31:59,448 - INFO - Found 25 observation files in /Users/tomsayada/spectral_analysis_project/data/K_1_50.0_K_2_100.0_SNR_50.0_Q_0.5/simulation_7
2025-01-05 19:31:59,448 - INFO - Running analysis for /Users/tomsayada/spectral_analysis_project/data/K_1_50.0_K_2_100.0_SNR_50.0_Q_0.5/simulation_6
2025-01-05 19:31:59,448 - INFO - Running analysis for /Users/tomsayada/spectral_analysis_project/data/K_1_50.0_K_2_100.0_SNR_50.0_Q_0.5/simulation_7
2025-01-05 19:31:59,452 - ERROR - Analysis failed with return code 1
STDOUT:

STDERR:
Traceback (most recent call last):
  File "/Users/tomsayada/spectral_analysis_project/src/run_standard_fit.py", line 22, in <module>
    from src.utils import (
    ...<4 lines>...
    )
ImportError: cannot import name 'find_line_center_smoothed' from 'src.utils' (/Users/tomsayada/spectral_analysis_project/src/utils.py)

2025-01-05 19:31:59,452 - INFO - Found 25 observation files in /Users/tomsayada/spectral_analysis_project/data/K_1_50.0_K_2_100.0_SNR_50.0_Q_0.5/simulation_8
2025-01-05 19:31:59,452 - INFO - Running analysis for /Users/tomsayada/spectral_analysis_project/data/K_1_50.0_K_2_100.0_SNR_50.0_Q_0.5/simulation_8
2025-01-05 19:31:59,949 - ERROR - Analysis failed with return code 1
STDOUT:

STDERR:
Traceback (most recent call last):
  File "/Users/tomsayada/spectral_analysis_project/src/run_standard_fit.py", line 22, in <module>
    from src.utils import (
    ...<4 lines>...
    )
ImportError: cannot import name 'find_line_center_smoothed' from 'src.utils' (/Users/tomsayada/spectral_analysis_project/src/utils.py)

2025-01-05 19:31:59,949 - ERROR - Analysis failed with return code 1
STDOUT:

STDERR:
Traceback (most recent call last):
  File "/Users/tomsayada/spectral_analysis_project/src/run_standard_fit.py", line 22, in <module>
    from src.utils import (
    ...<4 lines>...
    )
ImportError: cannot import name 'find_line_center_smoothed' from 'src.utils' (/Users/tomsayada/spectral_analysis_project/src/utils.py)

2025-01-05 19:31:59,949 - ERROR - Analysis failed with return code 1
STDOUT:

STDERR:
Traceback (most recent call last):
  File "/Users/tomsayada/spectral_analysis_project/src/run_standard_fit.py", line 22, in <module>
    from src.utils import (
    ...<4 lines>...
    )
ImportError: cannot import name 'find_line_center_smoothed' from 'src.utils' (/Users/tomsayada/spectral_analysis_project/src/utils.py)

2025-01-05 19:31:59,949 - INFO - Retrying analysis for /Users/tomsayada/spectral_analysis_project/data/K_1_50.0_K_2_100.0_SNR_50.0_Q_0.5/simulation_8 (attempt 1)
2025-01-05 19:31:59,949 - INFO - Retrying analysis for /Users/tomsayada/spectral_analysis_project/data/K_1_50.0_K_2_100.0_SNR_50.0_Q_0.5/simulation_6 (attempt 1)
2025-01-05 19:31:59,949 - INFO - Retrying analysis for /Users/tomsayada/spectral_analysis_project/data/K_1_50.0_K_2_100.0_SNR_50.0_Q_0.5/simulation_7 (attempt 1)
2025-01-05 19:31:59,949 - INFO - Found 25 observation files in /Users/tomsayada/spectral_analysis_project/data/K_1_50.0_K_2_100.0_SNR_50.0_Q_0.5/simulation_6
2025-01-05 19:31:59,949 - INFO - Found 25 observation files in /Users/tomsayada/spectral_analysis_project/data/K_1_50.0_K_2_100.0_SNR_50.0_Q_0.5/simulation_8
2025-01-05 19:31:59,949 - INFO - Found 25 observation files in /Users/tomsayada/spectral_analysis_project/data/K_1_50.0_K_2_100.0_SNR_50.0_Q_0.5/simulation_7
2025-01-05 19:31:59,949 - INFO - Running analysis for /Users/tomsayada/spectral_analysis_project/data/K_1_50.0_K_2_100.0_SNR_50.0_Q_0.5/simulation_6
2025-01-05 19:31:59,949 - INFO - Running analysis for /Users/tomsayada/spectral_analysis_project/data/K_1_50.0_K_2_100.0_SNR_50.0_Q_0.5/simulation_8
2025-01-05 19:31:59,949 - INFO - Running analysis for /Users/tomsayada/spectral_analysis_project/data/K_1_50.0_K_2_100.0_SNR_50.0_Q_0.5/simulation_7
2025-01-05 19:31:59,953 - ERROR - Analysis failed with return code 1
STDOUT:

STDERR:
Traceback (most recent call last):
  File "/Users/tomsayada/spectral_analysis_project/src/run_standard_fit.py", line 22, in <module>
    from src.utils import (
    ...<4 lines>...
    )
ImportError: cannot import name 'find_line_center_smoothed' from 'src.utils' (/Users/tomsayada/spectral_analysis_project/src/utils.py)

2025-01-05 19:31:59,953 - INFO - Retrying analysis for /Users/tomsayada/spectral_analysis_project/data/K_1_50.0_K_2_100.0_SNR_50.0_Q_0.5/simulation_5 (attempt 1)
2025-01-05 19:31:59,953 - INFO - Found 25 observation files in /Users/tomsayada/spectral_analysis_project/data/K_1_50.0_K_2_100.0_SNR_50.0_Q_0.5/simulation_5
2025-01-05 19:31:59,953 - INFO - Running analysis for /Users/tomsayada/spectral_analysis_project/data/K_1_50.0_K_2_100.0_SNR_50.0_Q_0.5/simulation_5
2025-01-05 19:32:00,451 - ERROR - Analysis failed with return code 1
STDOUT:

STDERR:
Traceback (most recent call last):
  File "/Users/tomsayada/spectral_analysis_project/src/run_standard_fit.py", line 22, in <module>
    from src.utils import (
    ...<4 lines>...
    )
ImportError: cannot import name 'find_line_center_smoothed' from 'src.utils' (/Users/tomsayada/spectral_analysis_project/src/utils.py)

2025-01-05 19:32:00,451 - ERROR - Analysis failed with return code 1
STDOUT:

STDERR:
Traceback (most recent call last):
  File "/Users/tomsayada/spectral_analysis_project/src/run_standard_fit.py", line 22, in <module>
    from src.utils import (
    ...<4 lines>...
    )
ImportError: cannot import name 'find_line_center_smoothed' from 'src.utils' (/Users/tomsayada/spectral_analysis_project/src/utils.py)

2025-01-05 19:32:00,451 - ERROR - Analysis failed with return code 1
STDOUT:

STDERR:
Traceback (most recent call last):
  File "/Users/tomsayada/spectral_analysis_project/src/run_standard_fit.py", line 22, in <module>
    from src.utils import (
    ...<4 lines>...
    )
ImportError: cannot import name 'find_line_center_smoothed' from 'src.utils' (/Users/tomsayada/spectral_analysis_project/src/utils.py)

2025-01-05 19:32:00,452 - INFO - Retrying analysis for /Users/tomsayada/spectral_analysis_project/data/K_1_50.0_K_2_100.0_SNR_50.0_Q_0.5/simulation_5 (attempt 2)
2025-01-05 19:32:00,452 - INFO - Retrying analysis for /Users/tomsayada/spectral_analysis_project/data/K_1_50.0_K_2_100.0_SNR_50.0_Q_0.5/simulation_7 (attempt 2)
2025-01-05 19:32:00,452 - INFO - Retrying analysis for /Users/tomsayada/spectral_analysis_project/data/K_1_50.0_K_2_100.0_SNR_50.0_Q_0.5/simulation_6 (attempt 2)
2025-01-05 19:32:00,452 - INFO - Found 25 observation files in /Users/tomsayada/spectral_analysis_project/data/K_1_50.0_K_2_100.0_SNR_50.0_Q_0.5/simulation_7
2025-01-05 19:32:00,452 - INFO - Found 25 observation files in /Users/tomsayada/spectral_analysis_project/data/K_1_50.0_K_2_100.0_SNR_50.0_Q_0.5/simulation_5
2025-01-05 19:32:00,452 - INFO - Found 25 observation files in /Users/tomsayada/spectral_analysis_project/data/K_1_50.0_K_2_100.0_SNR_50.0_Q_0.5/simulation_6
2025-01-05 19:32:00,452 - INFO - Running analysis for /Users/tomsayada/spectral_analysis_project/data/K_1_50.0_K_2_100.0_SNR_50.0_Q_0.5/simulation_7
2025-01-05 19:32:00,452 - INFO - Running analysis for /Users/tomsayada/spectral_analysis_project/data/K_1_50.0_K_2_100.0_SNR_50.0_Q_0.5/simulation_5
2025-01-05 19:32:00,452 - INFO - Running analysis for /Users/tomsayada/spectral_analysis_project/data/K_1_50.0_K_2_100.0_SNR_50.0_Q_0.5/simulation_6
2025-01-05 19:32:00,456 - ERROR - Analysis failed with return code 1
STDOUT:

STDERR:
Traceback (most recent call last):
  File "/Users/tomsayada/spectral_analysis_project/src/run_standard_fit.py", line 22, in <module>
    from src.utils import (
    ...<4 lines>...
    )
ImportError: cannot import name 'find_line_center_smoothed' from 'src.utils' (/Users/tomsayada/spectral_analysis_project/src/utils.py)

2025-01-05 19:32:00,456 - INFO - Retrying analysis for /Users/tomsayada/spectral_analysis_project/data/K_1_50.0_K_2_100.0_SNR_50.0_Q_0.5/simulation_8 (attempt 2)
2025-01-05 19:32:00,456 - INFO - Found 25 observation files in /Users/tomsayada/spectral_analysis_project/data/K_1_50.0_K_2_100.0_SNR_50.0_Q_0.5/simulation_8
2025-01-05 19:32:00,456 - INFO - Running analysis for /Users/tomsayada/spectral_analysis_project/data/K_1_50.0_K_2_100.0_SNR_50.0_Q_0.5/simulation_8
2025-01-05 19:32:00,955 - ERROR - Analysis failed with return code 1
STDOUT:

STDERR:
Traceback (most recent call last):
  File "/Users/tomsayada/spectral_analysis_project/src/run_standard_fit.py", line 22, in <module>
    from src.utils import (
    ...<4 lines>...
    )
ImportError: cannot import name 'find_line_center_smoothed' from 'src.utils' (/Users/tomsayada/spectral_analysis_project/src/utils.py)

2025-01-05 19:32:00,955 - ERROR - Analysis failed with return code 1
STDOUT:

STDERR:
Traceback (most recent call last):
  File "/Users/tomsayada/spectral_analysis_project/src/run_standard_fit.py", line 22, in <module>
    from src.utils import (
    ...<4 lines>...
    )
ImportError: cannot import name 'find_line_center_smoothed' from 'src.utils' (/Users/tomsayada/spectral_analysis_project/src/utils.py)

2025-01-05 19:32:00,955 - ERROR - Analysis failed with return code 1
STDOUT:

STDERR:
Traceback (most recent call last):
  File "/Users/tomsayada/spectral_analysis_project/src/run_standard_fit.py", line 22, in <module>
    from src.utils import (
    ...<4 lines>...
    )
ImportError: cannot import name 'find_line_center_smoothed' from 'src.utils' (/Users/tomsayada/spectral_analysis_project/src/utils.py)

2025-01-05 19:32:00,955 - INFO - Retrying analysis for /Users/tomsayada/spectral_analysis_project/data/K_1_50.0_K_2_100.0_SNR_50.0_Q_0.5/simulation_7 (attempt 3)
2025-01-05 19:32:00,955 - INFO - Retrying analysis for /Users/tomsayada/spectral_analysis_project/data/K_1_50.0_K_2_100.0_SNR_50.0_Q_0.5/simulation_8 (attempt 3)
2025-01-05 19:32:00,955 - INFO - Retrying analysis for /Users/tomsayada/spectral_analysis_project/data/K_1_50.0_K_2_100.0_SNR_50.0_Q_0.5/simulation_5 (attempt 3)
2025-01-05 19:32:00,955 - INFO - Found 25 observation files in /Users/tomsayada/spectral_analysis_project/data/K_1_50.0_K_2_100.0_SNR_50.0_Q_0.5/simulation_7
2025-01-05 19:32:00,955 - INFO - Found 25 observation files in /Users/tomsayada/spectral_analysis_project/data/K_1_50.0_K_2_100.0_SNR_50.0_Q_0.5/simulation_8
2025-01-05 19:32:00,955 - INFO - Found 25 observation files in /Users/tomsayada/spectral_analysis_project/data/K_1_50.0_K_2_100.0_SNR_50.0_Q_0.5/simulation_5
2025-01-05 19:32:00,955 - INFO - Running analysis for /Users/tomsayada/spectral_analysis_project/data/K_1_50.0_K_2_100.0_SNR_50.0_Q_0.5/simulation_7
2025-01-05 19:32:00,955 - INFO - Running analysis for /Users/tomsayada/spectral_analysis_project/data/K_1_50.0_K_2_100.0_SNR_50.0_Q_0.5/simulation_8
2025-01-05 19:32:00,955 - INFO - Running analysis for /Users/tomsayada/spectral_analysis_project/data/K_1_50.0_K_2_100.0_SNR_50.0_Q_0.5/simulation_5
2025-01-05 19:32:00,960 - ERROR - Analysis failed with return code 1
STDOUT:

STDERR:
Traceback (most recent call last):
  File "/Users/tomsayada/spectral_analysis_project/src/run_standard_fit.py", line 22, in <module>
    from src.utils import (
    ...<4 lines>...
    )
ImportError: cannot import name 'find_line_center_smoothed' from 'src.utils' (/Users/tomsayada/spectral_analysis_project/src/utils.py)

2025-01-05 19:32:00,960 - INFO - Retrying analysis for /Users/tomsayada/spectral_analysis_project/data/K_1_50.0_K_2_100.0_SNR_50.0_Q_0.5/simulation_6 (attempt 3)
2025-01-05 19:32:00,960 - INFO - Found 25 observation files in /Users/tomsayada/spectral_analysis_project/data/K_1_50.0_K_2_100.0_SNR_50.0_Q_0.5/simulation_6
2025-01-05 19:32:00,960 - INFO - Running analysis for /Users/tomsayada/spectral_analysis_project/data/K_1_50.0_K_2_100.0_SNR_50.0_Q_0.5/simulation_6
2025-01-05 19:32:01,459 - ERROR - Analysis failed with return code 1
STDOUT:

STDERR:
Traceback (most recent call last):
  File "/Users/tomsayada/spectral_analysis_project/src/run_standard_fit.py", line 22, in <module>
    from src.utils import (
    ...<4 lines>...
    )
ImportError: cannot import name 'find_line_center_smoothed' from 'src.utils' (/Users/tomsayada/spectral_analysis_project/src/utils.py)

2025-01-05 19:32:01,459 - ERROR - Analysis failed with return code 1
STDOUT:

STDERR:
Traceback (most recent call last):
  File "/Users/tomsayada/spectral_analysis_project/src/run_standard_fit.py", line 22, in <module>
    from src.utils import (
    ...<4 lines>...
    )
ImportError: cannot import name 'find_line_center_smoothed' from 'src.utils' (/Users/tomsayada/spectral_analysis_project/src/utils.py)

2025-01-05 19:32:01,459 - ERROR - Analysis failed with return code 1
STDOUT:

STDERR:
Traceback (most recent call last):
  File "/Users/tomsayada/spectral_analysis_project/src/run_standard_fit.py", line 22, in <module>
    from src.utils import (
    ...<4 lines>...
    )
ImportError: cannot import name 'find_line_center_smoothed' from 'src.utils' (/Users/tomsayada/spectral_analysis_project/src/utils.py)

2025-01-05 19:32:01,459 - INFO - Found 25 observation files in /Users/tomsayada/spectral_analysis_project/data/K_1_50.0_K_2_100.0_SNR_50.0_Q_0.5/simulation_9
2025-01-05 19:32:01,459 - INFO - Found 25 observation files in /Users/tomsayada/spectral_analysis_project/data/K_1_50.0_K_2_100.0_SNR_50.0_Q_0.5/simulation_10
2025-01-05 19:32:01,459 - INFO - Running analysis for /Users/tomsayada/spectral_analysis_project/data/K_1_50.0_K_2_100.0_SNR_50.0_Q_0.5/simulation_9
2025-01-05 19:32:01,459 - INFO - Running analysis for /Users/tomsayada/spectral_analysis_project/data/K_1_50.0_K_2_100.0_SNR_50.0_Q_0.5/simulation_10
2025-01-05 19:32:01,464 - ERROR - Analysis failed with return code 1
STDOUT:

STDERR:
Traceback (most recent call last):
  File "/Users/tomsayada/spectral_analysis_project/src/run_standard_fit.py", line 22, in <module>
    from src.utils import (
    ...<4 lines>...
    )
ImportError: cannot import name 'find_line_center_smoothed' from 'src.utils' (/Users/tomsayada/spectral_analysis_project/src/utils.py)

2025-01-05 19:32:01,912 - ERROR - Analysis failed with return code 1
STDOUT:

STDERR:
Traceback (most recent call last):
  File "/Users/tomsayada/spectral_analysis_project/src/run_standard_fit.py", line 22, in <module>
    from src.utils import (
    ...<4 lines>...
    )
ImportError: cannot import name 'find_line_center_smoothed' from 'src.utils' (/Users/tomsayada/spectral_analysis_project/src/utils.py)

2025-01-05 19:32:01,912 - INFO - Retrying analysis for /Users/tomsayada/spectral_analysis_project/data/K_1_50.0_K_2_100.0_SNR_50.0_Q_0.5/simulation_10 (attempt 1)
2025-01-05 19:32:01,912 - INFO - Found 25 observation files in /Users/tomsayada/spectral_analysis_project/data/K_1_50.0_K_2_100.0_SNR_50.0_Q_0.5/simulation_10
2025-01-05 19:32:01,912 - INFO - Running analysis for /Users/tomsayada/spectral_analysis_project/data/K_1_50.0_K_2_100.0_SNR_50.0_Q_0.5/simulation_10
2025-01-05 19:32:01,917 - ERROR - Analysis failed with return code 1
STDOUT:

STDERR:
Traceback (most recent call last):
  File "/Users/tomsayada/spectral_analysis_project/src/run_standard_fit.py", line 22, in <module>
    from src.utils import (
    ...<4 lines>...
    )
ImportError: cannot import name 'find_line_center_smoothed' from 'src.utils' (/Users/tomsayada/spectral_analysis_project/src/utils.py)

2025-01-05 19:32:01,917 - INFO - Retrying analysis for /Users/tomsayada/spectral_analysis_project/data/K_1_50.0_K_2_100.0_SNR_50.0_Q_0.5/simulation_9 (attempt 1)
2025-01-05 19:32:01,917 - INFO - Found 25 observation files in /Users/tomsayada/spectral_analysis_project/data/K_1_50.0_K_2_100.0_SNR_50.0_Q_0.5/simulation_9
2025-01-05 19:32:01,917 - INFO - Running analysis for /Users/tomsayada/spectral_analysis_project/data/K_1_50.0_K_2_100.0_SNR_50.0_Q_0.5/simulation_9
2025-01-05 19:32:02,363 - ERROR - Analysis failed with return code 1
STDOUT:

STDERR:
Traceback (most recent call last):
  File "/Users/tomsayada/spectral_analysis_project/src/run_standard_fit.py", line 22, in <module>
    from src.utils import (
    ...<4 lines>...
    )
ImportError: cannot import name 'find_line_center_smoothed' from 'src.utils' (/Users/tomsayada/spectral_analysis_project/src/utils.py)

2025-01-05 19:32:02,363 - INFO - Retrying analysis for /Users/tomsayada/spectral_analysis_project/data/K_1_50.0_K_2_100.0_SNR_50.0_Q_0.5/simulation_10 (attempt 2)
2025-01-05 19:32:02,363 - INFO - Found 25 observation files in /Users/tomsayada/spectral_analysis_project/data/K_1_50.0_K_2_100.0_SNR_50.0_Q_0.5/simulation_10
2025-01-05 19:32:02,363 - INFO - Running analysis for /Users/tomsayada/spectral_analysis_project/data/K_1_50.0_K_2_100.0_SNR_50.0_Q_0.5/simulation_10
2025-01-05 19:32:02,367 - ERROR - Analysis failed with return code 1
STDOUT:

STDERR:
Traceback (most recent call last):
  File "/Users/tomsayada/spectral_analysis_project/src/run_standard_fit.py", line 22, in <module>
    from src.utils import (
    ...<4 lines>...
    )
ImportError: cannot import name 'find_line_center_smoothed' from 'src.utils' (/Users/tomsayada/spectral_analysis_project/src/utils.py)

2025-01-05 19:32:02,367 - INFO - Retrying analysis for /Users/tomsayada/spectral_analysis_project/data/K_1_50.0_K_2_100.0_SNR_50.0_Q_0.5/simulation_9 (attempt 2)
2025-01-05 19:32:02,367 - INFO - Found 25 observation files in /Users/tomsayada/spectral_analysis_project/data/K_1_50.0_K_2_100.0_SNR_50.0_Q_0.5/simulation_9
2025-01-05 19:32:02,367 - INFO - Running analysis for /Users/tomsayada/spectral_analysis_project/data/K_1_50.0_K_2_100.0_SNR_50.0_Q_0.5/simulation_9
2025-01-05 19:32:02,818 - ERROR - Analysis failed with return code 1
STDOUT:

STDERR:
Traceback (most recent call last):
  File "/Users/tomsayada/spectral_analysis_project/src/run_standard_fit.py", line 22, in <module>
    from src.utils import (
    ...<4 lines>...
    )
ImportError: cannot import name 'find_line_center_smoothed' from 'src.utils' (/Users/tomsayada/spectral_analysis_project/src/utils.py)

2025-01-05 19:32:02,818 - INFO - Retrying analysis for /Users/tomsayada/spectral_analysis_project/data/K_1_50.0_K_2_100.0_SNR_50.0_Q_0.5/simulation_10 (attempt 3)
2025-01-05 19:32:02,818 - INFO - Found 25 observation files in /Users/tomsayada/spectral_analysis_project/data/K_1_50.0_K_2_100.0_SNR_50.0_Q_0.5/simulation_10
2025-01-05 19:32:02,818 - INFO - Running analysis for /Users/tomsayada/spectral_analysis_project/data/K_1_50.0_K_2_100.0_SNR_50.0_Q_0.5/simulation_10
2025-01-05 19:32:02,823 - ERROR - Analysis failed with return code 1
STDOUT:

STDERR:
Traceback (most recent call last):
  File "/Users/tomsayada/spectral_analysis_project/src/run_standard_fit.py", line 22, in <module>
    from src.utils import (
    ...<4 lines>...
    )
ImportError: cannot import name 'find_line_center_smoothed' from 'src.utils' (/Users/tomsayada/spectral_analysis_project/src/utils.py)

2025-01-05 19:32:02,824 - INFO - Retrying analysis for /Users/tomsayada/spectral_analysis_project/data/K_1_50.0_K_2_100.0_SNR_50.0_Q_0.5/simulation_9 (attempt 3)
2025-01-05 19:32:02,824 - INFO - Found 25 observation files in /Users/tomsayada/spectral_analysis_project/data/K_1_50.0_K_2_100.0_SNR_50.0_Q_0.5/simulation_9
2025-01-05 19:32:02,824 - INFO - Running analysis for /Users/tomsayada/spectral_analysis_project/data/K_1_50.0_K_2_100.0_SNR_50.0_Q_0.5/simulation_9
2025-01-05 19:32:03,273 - ERROR - Analysis failed with return code 1
STDOUT:

STDERR:
Traceback (most recent call last):
  File "/Users/tomsayada/spectral_analysis_project/src/run_standard_fit.py", line 22, in <module>
    from src.utils import (
    ...<4 lines>...
    )
ImportError: cannot import name 'find_line_center_smoothed' from 'src.utils' (/Users/tomsayada/spectral_analysis_project/src/utils.py)

2025-01-05 19:32:03,276 - ERROR - Analysis failed with return code 1
STDOUT:

STDERR:
Traceback (most recent call last):
  File "/Users/tomsayada/spectral_analysis_project/src/run_standard_fit.py", line 22, in <module>
    from src.utils import (
    ...<4 lines>...
    )
ImportError: cannot import name 'find_line_center_smoothed' from 'src.utils' (/Users/tomsayada/spectral_analysis_project/src/utils.py)

2025-01-05 19:32:03,290 - INFO - 
Analysis complete:
2025-01-05 19:32:03,290 - INFO -   Successful: 0/10
2025-01-05 19:32:03,290 - INFO -   Results saved in: /Users/tomsayada/spectral_analysis_project/data/K_1_50.0_K_2_100.0_SNR_50.0_Q_0.5/analysis_results_20250105_193157
2025-01-05 19:33:56,504 - INFO - Starting spectral analysis pipeline
2025-01-05 19:33:56,505 - INFO - Configuration: AnalysisConfig(data_folder='/Users/tomsayada/spectral_analysis_project/data/K_1_50.0_K_2_100.0_SNR_50.0_Q_0.5', use_simulated=True, profile_type='sym', fit_type='standard', fit_baseline=False, use_weighted=True, parallel_processing=True, max_workers=4, save_intermediates=True, lines_to_fit={'He4026': 1.0, 'He4388': 1.0, 'He4471': 1.0}, retry_failed=True, max_retries=3)
2025-01-05 19:33:56,505 - INFO - Found 10 simulation folder(s)
2025-01-05 19:33:56,506 - INFO - Processing 10 folder(s)
2025-01-05 19:33:56,506 - INFO - Running parallel analysis with 4 workers
2025-01-05 19:33:56,588 - INFO - Found 25 observation files in /Users/tomsayada/spectral_analysis_project/data/K_1_50.0_K_2_100.0_SNR_50.0_Q_0.5/simulation_1
2025-01-05 19:33:56,588 - INFO - Running analysis for /Users/tomsayada/spectral_analysis_project/data/K_1_50.0_K_2_100.0_SNR_50.0_Q_0.5/simulation_1
2025-01-05 19:33:56,590 - INFO - Found 25 observation files in /Users/tomsayada/spectral_analysis_project/data/K_1_50.0_K_2_100.0_SNR_50.0_Q_0.5/simulation_2
2025-01-05 19:33:56,590 - INFO - Running analysis for /Users/tomsayada/spectral_analysis_project/data/K_1_50.0_K_2_100.0_SNR_50.0_Q_0.5/simulation_2
2025-01-05 19:33:56,593 - INFO - Found 25 observation files in /Users/tomsayada/spectral_analysis_project/data/K_1_50.0_K_2_100.0_SNR_50.0_Q_0.5/simulation_3
2025-01-05 19:33:56,593 - INFO - Running analysis for /Users/tomsayada/spectral_analysis_project/data/K_1_50.0_K_2_100.0_SNR_50.0_Q_0.5/simulation_3
2025-01-05 19:33:56,598 - INFO - Found 25 observation files in /Users/tomsayada/spectral_analysis_project/data/K_1_50.0_K_2_100.0_SNR_50.0_Q_0.5/simulation_4
2025-01-05 19:33:56,598 - INFO - Running analysis for /Users/tomsayada/spectral_analysis_project/data/K_1_50.0_K_2_100.0_SNR_50.0_Q_0.5/simulation_4
2025-01-05 19:33:57,232 - ERROR - Analysis failed with return code 1
STDOUT:

Data from: /Users/tomsayada/spectral_analysis_project/data/K_1_50.0_K_2_100.0_SNR_50.0_Q_0.5/simulation_1
Output:   /Users/tomsayada/spectral_analysis_project/data/K_1_50.0_K_2_100.0_SNR_50.0_Q_0.5/analysis_results_20250105_193356/simulation_1/standard_sym_weighted_nobaseline_fit_results
Fitting lines: ['He4026', 'He4388', 'He4471']
Profile type: sym, Weighted=True, Baseline=False

Found 25 files. Building arrays now...

STDERR:
2025-01-05 19:33:57,113 - INFO - Found 25 valid observation files in /Users/tomsayada/spectral_analysis_project/data/K_1_50.0_K_2_100.0_SNR_50.0_Q_0.5/simulation_1

Loading data:   0%|          | 0/25 [00:00<?, ?it/s]
Loading data:   0%|          | 0/25 [00:00<?, ?it/s]
Traceback (most recent call last):
  File "/Users/tomsayada/spectral_analysis_project/src/run_standard_fit.py", line 348, in <module>
    main()
    ~~~~^^
  File "/Users/tomsayada/spectral_analysis_project/src/run_standard_fit.py", line 189, in main
    nrs = find_noise_regions(df, lw_min, lw_max,
                             noise_window=5,
                             min_noise_separation=5,
                             max_noise_offset=80)
TypeError: find_noise_regions() got an unexpected keyword argument 'min_noise_separation'. Did you mean 'min_separation'?

2025-01-05 19:33:57,233 - INFO - Retrying analysis for /Users/tomsayada/spectral_analysis_project/data/K_1_50.0_K_2_100.0_SNR_50.0_Q_0.5/simulation_1 (attempt 1)
2025-01-05 19:33:57,233 - INFO - Found 25 observation files in /Users/tomsayada/spectral_analysis_project/data/K_1_50.0_K_2_100.0_SNR_50.0_Q_0.5/simulation_1
2025-01-05 19:33:57,233 - INFO - Running analysis for /Users/tomsayada/spectral_analysis_project/data/K_1_50.0_K_2_100.0_SNR_50.0_Q_0.5/simulation_1
2025-01-05 19:33:57,249 - ERROR - Analysis failed with return code 1
STDOUT:

Data from: /Users/tomsayada/spectral_analysis_project/data/K_1_50.0_K_2_100.0_SNR_50.0_Q_0.5/simulation_3
Output:   /Users/tomsayada/spectral_analysis_project/data/K_1_50.0_K_2_100.0_SNR_50.0_Q_0.5/analysis_results_20250105_193356/simulation_3/standard_sym_weighted_nobaseline_fit_results
Fitting lines: ['He4026', 'He4388', 'He4471']
Profile type: sym, Weighted=True, Baseline=False

Found 25 files. Building arrays now...

STDERR:
2025-01-05 19:33:57,113 - INFO - Found 25 valid observation files in /Users/tomsayada/spectral_analysis_project/data/K_1_50.0_K_2_100.0_SNR_50.0_Q_0.5/simulation_3

Loading data:   0%|          | 0/25 [00:00<?, ?it/s]
Loading data:   0%|          | 0/25 [00:00<?, ?it/s]
Traceback (most recent call last):
  File "/Users/tomsayada/spectral_analysis_project/src/run_standard_fit.py", line 348, in <module>
    main()
    ~~~~^^
  File "/Users/tomsayada/spectral_analysis_project/src/run_standard_fit.py", line 189, in main
    nrs = find_noise_regions(df, lw_min, lw_max,
                             noise_window=5,
                             min_noise_separation=5,
                             max_noise_offset=80)
TypeError: find_noise_regions() got an unexpected keyword argument 'min_noise_separation'. Did you mean 'min_separation'?

2025-01-05 19:33:57,249 - INFO - Retrying analysis for /Users/tomsayada/spectral_analysis_project/data/K_1_50.0_K_2_100.0_SNR_50.0_Q_0.5/simulation_3 (attempt 1)
2025-01-05 19:33:57,249 - INFO - Found 25 observation files in /Users/tomsayada/spectral_analysis_project/data/K_1_50.0_K_2_100.0_SNR_50.0_Q_0.5/simulation_3
2025-01-05 19:33:57,249 - INFO - Running analysis for /Users/tomsayada/spectral_analysis_project/data/K_1_50.0_K_2_100.0_SNR_50.0_Q_0.5/simulation_3
2025-01-05 19:33:57,249 - ERROR - Analysis failed with return code 1
STDOUT:

Data from: /Users/tomsayada/spectral_analysis_project/data/K_1_50.0_K_2_100.0_SNR_50.0_Q_0.5/simulation_2
Output:   /Users/tomsayada/spectral_analysis_project/data/K_1_50.0_K_2_100.0_SNR_50.0_Q_0.5/analysis_results_20250105_193356/simulation_2/standard_sym_weighted_nobaseline_fit_results
Fitting lines: ['He4026', 'He4388', 'He4471']
Profile type: sym, Weighted=True, Baseline=False

Found 25 files. Building arrays now...

STDERR:
2025-01-05 19:33:57,113 - INFO - Found 25 valid observation files in /Users/tomsayada/spectral_analysis_project/data/K_1_50.0_K_2_100.0_SNR_50.0_Q_0.5/simulation_2

Loading data:   0%|          | 0/25 [00:00<?, ?it/s]
Loading data:   0%|          | 0/25 [00:00<?, ?it/s]
Traceback (most recent call last):
  File "/Users/tomsayada/spectral_analysis_project/src/run_standard_fit.py", line 348, in <module>
    main()
    ~~~~^^
  File "/Users/tomsayada/spectral_analysis_project/src/run_standard_fit.py", line 189, in main
    nrs = find_noise_regions(df, lw_min, lw_max,
                             noise_window=5,
                             min_noise_separation=5,
                             max_noise_offset=80)
TypeError: find_noise_regions() got an unexpected keyword argument 'min_noise_separation'. Did you mean 'min_separation'?

2025-01-05 19:33:57,249 - INFO - Retrying analysis for /Users/tomsayada/spectral_analysis_project/data/K_1_50.0_K_2_100.0_SNR_50.0_Q_0.5/simulation_2 (attempt 1)
2025-01-05 19:33:57,249 - INFO - Found 25 observation files in /Users/tomsayada/spectral_analysis_project/data/K_1_50.0_K_2_100.0_SNR_50.0_Q_0.5/simulation_2
2025-01-05 19:33:57,250 - INFO - Running analysis for /Users/tomsayada/spectral_analysis_project/data/K_1_50.0_K_2_100.0_SNR_50.0_Q_0.5/simulation_2
2025-01-05 19:33:57,257 - ERROR - Analysis failed with return code 1
STDOUT:

Data from: /Users/tomsayada/spectral_analysis_project/data/K_1_50.0_K_2_100.0_SNR_50.0_Q_0.5/simulation_4
Output:   /Users/tomsayada/spectral_analysis_project/data/K_1_50.0_K_2_100.0_SNR_50.0_Q_0.5/analysis_results_20250105_193356/simulation_4/standard_sym_weighted_nobaseline_fit_results
Fitting lines: ['He4026', 'He4388', 'He4471']
Profile type: sym, Weighted=True, Baseline=False

Found 25 files. Building arrays now...

STDERR:
2025-01-05 19:33:57,113 - INFO - Found 25 valid observation files in /Users/tomsayada/spectral_analysis_project/data/K_1_50.0_K_2_100.0_SNR_50.0_Q_0.5/simulation_4

Loading data:   0%|          | 0/25 [00:00<?, ?it/s]
Loading data:   0%|          | 0/25 [00:00<?, ?it/s]
Traceback (most recent call last):
  File "/Users/tomsayada/spectral_analysis_project/src/run_standard_fit.py", line 348, in <module>
    main()
    ~~~~^^
  File "/Users/tomsayada/spectral_analysis_project/src/run_standard_fit.py", line 189, in main
    nrs = find_noise_regions(df, lw_min, lw_max,
                             noise_window=5,
                             min_noise_separation=5,
                             max_noise_offset=80)
TypeError: find_noise_regions() got an unexpected keyword argument 'min_noise_separation'. Did you mean 'min_separation'?

2025-01-05 19:33:57,257 - INFO - Retrying analysis for /Users/tomsayada/spectral_analysis_project/data/K_1_50.0_K_2_100.0_SNR_50.0_Q_0.5/simulation_4 (attempt 1)
2025-01-05 19:33:57,257 - INFO - Found 25 observation files in /Users/tomsayada/spectral_analysis_project/data/K_1_50.0_K_2_100.0_SNR_50.0_Q_0.5/simulation_4
2025-01-05 19:33:57,257 - INFO - Running analysis for /Users/tomsayada/spectral_analysis_project/data/K_1_50.0_K_2_100.0_SNR_50.0_Q_0.5/simulation_4
2025-01-05 19:33:57,857 - ERROR - Analysis failed with return code 1
STDOUT:

Data from: /Users/tomsayada/spectral_analysis_project/data/K_1_50.0_K_2_100.0_SNR_50.0_Q_0.5/simulation_2
Output:   /Users/tomsayada/spectral_analysis_project/data/K_1_50.0_K_2_100.0_SNR_50.0_Q_0.5/analysis_results_20250105_193356/simulation_2/standard_sym_weighted_nobaseline_fit_results
Fitting lines: ['He4026', 'He4388', 'He4471']
Profile type: sym, Weighted=True, Baseline=False

Found 25 files. Building arrays now...

STDERR:
2025-01-05 19:33:57,732 - INFO - Found 25 valid observation files in /Users/tomsayada/spectral_analysis_project/data/K_1_50.0_K_2_100.0_SNR_50.0_Q_0.5/simulation_2

Loading data:   0%|          | 0/25 [00:00<?, ?it/s]
Loading data:   0%|          | 0/25 [00:00<?, ?it/s]
Traceback (most recent call last):
  File "/Users/tomsayada/spectral_analysis_project/src/run_standard_fit.py", line 348, in <module>
    main()
    ~~~~^^
  File "/Users/tomsayada/spectral_analysis_project/src/run_standard_fit.py", line 189, in main
    nrs = find_noise_regions(df, lw_min, lw_max,
                             noise_window=5,
                             min_noise_separation=5,
                             max_noise_offset=80)
TypeError: find_noise_regions() got an unexpected keyword argument 'min_noise_separation'. Did you mean 'min_separation'?

2025-01-05 19:33:57,857 - ERROR - Analysis failed with return code 1
STDOUT:

Data from: /Users/tomsayada/spectral_analysis_project/data/K_1_50.0_K_2_100.0_SNR_50.0_Q_0.5/simulation_1
Output:   /Users/tomsayada/spectral_analysis_project/data/K_1_50.0_K_2_100.0_SNR_50.0_Q_0.5/analysis_results_20250105_193356/simulation_1/standard_sym_weighted_nobaseline_fit_results
Fitting lines: ['He4026', 'He4388', 'He4471']
Profile type: sym, Weighted=True, Baseline=False

Found 25 files. Building arrays now...

STDERR:
2025-01-05 19:33:57,721 - INFO - Found 25 valid observation files in /Users/tomsayada/spectral_analysis_project/data/K_1_50.0_K_2_100.0_SNR_50.0_Q_0.5/simulation_1

Loading data:   0%|          | 0/25 [00:00<?, ?it/s]
Loading data:   0%|          | 0/25 [00:00<?, ?it/s]
Traceback (most recent call last):
  File "/Users/tomsayada/spectral_analysis_project/src/run_standard_fit.py", line 348, in <module>
    main()
    ~~~~^^
  File "/Users/tomsayada/spectral_analysis_project/src/run_standard_fit.py", line 189, in main
    nrs = find_noise_regions(df, lw_min, lw_max,
                             noise_window=5,
                             min_noise_separation=5,
                             max_noise_offset=80)
TypeError: find_noise_regions() got an unexpected keyword argument 'min_noise_separation'. Did you mean 'min_separation'?

2025-01-05 19:33:57,857 - INFO - Retrying analysis for /Users/tomsayada/spectral_analysis_project/data/K_1_50.0_K_2_100.0_SNR_50.0_Q_0.5/simulation_2 (attempt 2)
2025-01-05 19:33:57,857 - INFO - Retrying analysis for /Users/tomsayada/spectral_analysis_project/data/K_1_50.0_K_2_100.0_SNR_50.0_Q_0.5/simulation_1 (attempt 2)
2025-01-05 19:33:57,857 - INFO - Found 25 observation files in /Users/tomsayada/spectral_analysis_project/data/K_1_50.0_K_2_100.0_SNR_50.0_Q_0.5/simulation_2
2025-01-05 19:33:57,857 - INFO - Found 25 observation files in /Users/tomsayada/spectral_analysis_project/data/K_1_50.0_K_2_100.0_SNR_50.0_Q_0.5/simulation_1
2025-01-05 19:33:57,857 - INFO - Running analysis for /Users/tomsayada/spectral_analysis_project/data/K_1_50.0_K_2_100.0_SNR_50.0_Q_0.5/simulation_2
2025-01-05 19:33:57,857 - INFO - Running analysis for /Users/tomsayada/spectral_analysis_project/data/K_1_50.0_K_2_100.0_SNR_50.0_Q_0.5/simulation_1
2025-01-05 19:33:57,860 - ERROR - Analysis failed with return code 1
STDOUT:

Data from: /Users/tomsayada/spectral_analysis_project/data/K_1_50.0_K_2_100.0_SNR_50.0_Q_0.5/simulation_3
Output:   /Users/tomsayada/spectral_analysis_project/data/K_1_50.0_K_2_100.0_SNR_50.0_Q_0.5/analysis_results_20250105_193356/simulation_3/standard_sym_weighted_nobaseline_fit_results
Fitting lines: ['He4026', 'He4388', 'He4471']
Profile type: sym, Weighted=True, Baseline=False

Found 25 files. Building arrays now...

STDERR:
2025-01-05 19:33:57,729 - INFO - Found 25 valid observation files in /Users/tomsayada/spectral_analysis_project/data/K_1_50.0_K_2_100.0_SNR_50.0_Q_0.5/simulation_3

Loading data:   0%|          | 0/25 [00:00<?, ?it/s]
Loading data:   0%|          | 0/25 [00:00<?, ?it/s]
Traceback (most recent call last):
  File "/Users/tomsayada/spectral_analysis_project/src/run_standard_fit.py", line 348, in <module>
    main()
    ~~~~^^
  File "/Users/tomsayada/spectral_analysis_project/src/run_standard_fit.py", line 189, in main
    nrs = find_noise_regions(df, lw_min, lw_max,
                             noise_window=5,
                             min_noise_separation=5,
                             max_noise_offset=80)
TypeError: find_noise_regions() got an unexpected keyword argument 'min_noise_separation'. Did you mean 'min_separation'?

2025-01-05 19:33:57,860 - INFO - Retrying analysis for /Users/tomsayada/spectral_analysis_project/data/K_1_50.0_K_2_100.0_SNR_50.0_Q_0.5/simulation_3 (attempt 2)
2025-01-05 19:33:57,860 - INFO - Found 25 observation files in /Users/tomsayada/spectral_analysis_project/data/K_1_50.0_K_2_100.0_SNR_50.0_Q_0.5/simulation_3
2025-01-05 19:33:57,860 - INFO - Running analysis for /Users/tomsayada/spectral_analysis_project/data/K_1_50.0_K_2_100.0_SNR_50.0_Q_0.5/simulation_3
2025-01-05 19:33:57,871 - ERROR - Analysis failed with return code 1
STDOUT:

Data from: /Users/tomsayada/spectral_analysis_project/data/K_1_50.0_K_2_100.0_SNR_50.0_Q_0.5/simulation_4
Output:   /Users/tomsayada/spectral_analysis_project/data/K_1_50.0_K_2_100.0_SNR_50.0_Q_0.5/analysis_results_20250105_193356/simulation_4/standard_sym_weighted_nobaseline_fit_results
Fitting lines: ['He4026', 'He4388', 'He4471']
Profile type: sym, Weighted=True, Baseline=False

Found 25 files. Building arrays now...

STDERR:
2025-01-05 19:33:57,736 - INFO - Found 25 valid observation files in /Users/tomsayada/spectral_analysis_project/data/K_1_50.0_K_2_100.0_SNR_50.0_Q_0.5/simulation_4

Loading data:   0%|          | 0/25 [00:00<?, ?it/s]
Loading data:   0%|          | 0/25 [00:00<?, ?it/s]
Traceback (most recent call last):
  File "/Users/tomsayada/spectral_analysis_project/src/run_standard_fit.py", line 348, in <module>
    main()
    ~~~~^^
  File "/Users/tomsayada/spectral_analysis_project/src/run_standard_fit.py", line 189, in main
    nrs = find_noise_regions(df, lw_min, lw_max,
                             noise_window=5,
                             min_noise_separation=5,
                             max_noise_offset=80)
TypeError: find_noise_regions() got an unexpected keyword argument 'min_noise_separation'. Did you mean 'min_separation'?

2025-01-05 19:33:57,871 - INFO - Retrying analysis for /Users/tomsayada/spectral_analysis_project/data/K_1_50.0_K_2_100.0_SNR_50.0_Q_0.5/simulation_4 (attempt 2)
2025-01-05 19:33:57,871 - INFO - Found 25 observation files in /Users/tomsayada/spectral_analysis_project/data/K_1_50.0_K_2_100.0_SNR_50.0_Q_0.5/simulation_4
2025-01-05 19:33:57,871 - INFO - Running analysis for /Users/tomsayada/spectral_analysis_project/data/K_1_50.0_K_2_100.0_SNR_50.0_Q_0.5/simulation_4
2025-01-05 19:33:58,479 - ERROR - Analysis failed with return code 1
STDOUT:

Data from: /Users/tomsayada/spectral_analysis_project/data/K_1_50.0_K_2_100.0_SNR_50.0_Q_0.5/simulation_4
Output:   /Users/tomsayada/spectral_analysis_project/data/K_1_50.0_K_2_100.0_SNR_50.0_Q_0.5/analysis_results_20250105_193356/simulation_4/standard_sym_weighted_nobaseline_fit_results
Fitting lines: ['He4026', 'He4388', 'He4471']
Profile type: sym, Weighted=True, Baseline=False

Found 25 files. Building arrays now...

STDERR:
2025-01-05 19:33:58,354 - INFO - Found 25 valid observation files in /Users/tomsayada/spectral_analysis_project/data/K_1_50.0_K_2_100.0_SNR_50.0_Q_0.5/simulation_4

Loading data:   0%|          | 0/25 [00:00<?, ?it/s]
Loading data:   0%|          | 0/25 [00:00<?, ?it/s]
Traceback (most recent call last):
  File "/Users/tomsayada/spectral_analysis_project/src/run_standard_fit.py", line 348, in <module>
    main()
    ~~~~^^
  File "/Users/tomsayada/spectral_analysis_project/src/run_standard_fit.py", line 189, in main
    nrs = find_noise_regions(df, lw_min, lw_max,
                             noise_window=5,
                             min_noise_separation=5,
                             max_noise_offset=80)
TypeError: find_noise_regions() got an unexpected keyword argument 'min_noise_separation'. Did you mean 'min_separation'?

2025-01-05 19:33:58,480 - INFO - Retrying analysis for /Users/tomsayada/spectral_analysis_project/data/K_1_50.0_K_2_100.0_SNR_50.0_Q_0.5/simulation_4 (attempt 3)
2025-01-05 19:33:58,480 - INFO - Found 25 observation files in /Users/tomsayada/spectral_analysis_project/data/K_1_50.0_K_2_100.0_SNR_50.0_Q_0.5/simulation_4
2025-01-05 19:33:58,480 - INFO - Running analysis for /Users/tomsayada/spectral_analysis_project/data/K_1_50.0_K_2_100.0_SNR_50.0_Q_0.5/simulation_4
2025-01-05 19:33:58,489 - ERROR - Analysis failed with return code 1
STDOUT:

Data from: /Users/tomsayada/spectral_analysis_project/data/K_1_50.0_K_2_100.0_SNR_50.0_Q_0.5/simulation_3
Output:   /Users/tomsayada/spectral_analysis_project/data/K_1_50.0_K_2_100.0_SNR_50.0_Q_0.5/analysis_results_20250105_193356/simulation_3/standard_sym_weighted_nobaseline_fit_results
Fitting lines: ['He4026', 'He4388', 'He4471']
Profile type: sym, Weighted=True, Baseline=False

Found 25 files. Building arrays now...

STDERR:
2025-01-05 19:33:58,354 - INFO - Found 25 valid observation files in /Users/tomsayada/spectral_analysis_project/data/K_1_50.0_K_2_100.0_SNR_50.0_Q_0.5/simulation_3

Loading data:   0%|          | 0/25 [00:00<?, ?it/s]
Loading data:   0%|          | 0/25 [00:00<?, ?it/s]
Traceback (most recent call last):
  File "/Users/tomsayada/spectral_analysis_project/src/run_standard_fit.py", line 348, in <module>
    main()
    ~~~~^^
  File "/Users/tomsayada/spectral_analysis_project/src/run_standard_fit.py", line 189, in main
    nrs = find_noise_regions(df, lw_min, lw_max,
                             noise_window=5,
                             min_noise_separation=5,
                             max_noise_offset=80)
TypeError: find_noise_regions() got an unexpected keyword argument 'min_noise_separation'. Did you mean 'min_separation'?

2025-01-05 19:33:58,490 - INFO - Retrying analysis for /Users/tomsayada/spectral_analysis_project/data/K_1_50.0_K_2_100.0_SNR_50.0_Q_0.5/simulation_3 (attempt 3)
2025-01-05 19:33:58,490 - INFO - Found 25 observation files in /Users/tomsayada/spectral_analysis_project/data/K_1_50.0_K_2_100.0_SNR_50.0_Q_0.5/simulation_3
2025-01-05 19:33:58,490 - INFO - Running analysis for /Users/tomsayada/spectral_analysis_project/data/K_1_50.0_K_2_100.0_SNR_50.0_Q_0.5/simulation_3
2025-01-05 19:33:58,490 - ERROR - Analysis failed with return code 1
STDOUT:

Data from: /Users/tomsayada/spectral_analysis_project/data/K_1_50.0_K_2_100.0_SNR_50.0_Q_0.5/simulation_2
Output:   /Users/tomsayada/spectral_analysis_project/data/K_1_50.0_K_2_100.0_SNR_50.0_Q_0.5/analysis_results_20250105_193356/simulation_2/standard_sym_weighted_nobaseline_fit_results
Fitting lines: ['He4026', 'He4388', 'He4471']
Profile type: sym, Weighted=True, Baseline=False

Found 25 files. Building arrays now...

STDERR:
2025-01-05 19:33:58,354 - INFO - Found 25 valid observation files in /Users/tomsayada/spectral_analysis_project/data/K_1_50.0_K_2_100.0_SNR_50.0_Q_0.5/simulation_2

Loading data:   0%|          | 0/25 [00:00<?, ?it/s]
Loading data:   0%|          | 0/25 [00:00<?, ?it/s]
Traceback (most recent call last):
  File "/Users/tomsayada/spectral_analysis_project/src/run_standard_fit.py", line 348, in <module>
    main()
    ~~~~^^
  File "/Users/tomsayada/spectral_analysis_project/src/run_standard_fit.py", line 189, in main
    nrs = find_noise_regions(df, lw_min, lw_max,
                             noise_window=5,
                             min_noise_separation=5,
                             max_noise_offset=80)
TypeError: find_noise_regions() got an unexpected keyword argument 'min_noise_separation'. Did you mean 'min_separation'?

2025-01-05 19:33:58,490 - INFO - Retrying analysis for /Users/tomsayada/spectral_analysis_project/data/K_1_50.0_K_2_100.0_SNR_50.0_Q_0.5/simulation_2 (attempt 3)
2025-01-05 19:33:58,490 - INFO - Found 25 observation files in /Users/tomsayada/spectral_analysis_project/data/K_1_50.0_K_2_100.0_SNR_50.0_Q_0.5/simulation_2
2025-01-05 19:33:58,491 - INFO - Running analysis for /Users/tomsayada/spectral_analysis_project/data/K_1_50.0_K_2_100.0_SNR_50.0_Q_0.5/simulation_2
2025-01-05 19:33:58,493 - ERROR - Analysis failed with return code 1
STDOUT:

Data from: /Users/tomsayada/spectral_analysis_project/data/K_1_50.0_K_2_100.0_SNR_50.0_Q_0.5/simulation_1
Output:   /Users/tomsayada/spectral_analysis_project/data/K_1_50.0_K_2_100.0_SNR_50.0_Q_0.5/analysis_results_20250105_193356/simulation_1/standard_sym_weighted_nobaseline_fit_results
Fitting lines: ['He4026', 'He4388', 'He4471']
Profile type: sym, Weighted=True, Baseline=False

Found 25 files. Building arrays now...

STDERR:
2025-01-05 19:33:58,354 - INFO - Found 25 valid observation files in /Users/tomsayada/spectral_analysis_project/data/K_1_50.0_K_2_100.0_SNR_50.0_Q_0.5/simulation_1

Loading data:   0%|          | 0/25 [00:00<?, ?it/s]
Loading data:   0%|          | 0/25 [00:00<?, ?it/s]
Traceback (most recent call last):
  File "/Users/tomsayada/spectral_analysis_project/src/run_standard_fit.py", line 348, in <module>
    main()
    ~~~~^^
  File "/Users/tomsayada/spectral_analysis_project/src/run_standard_fit.py", line 189, in main
    nrs = find_noise_regions(df, lw_min, lw_max,
                             noise_window=5,
                             min_noise_separation=5,
                             max_noise_offset=80)
TypeError: find_noise_regions() got an unexpected keyword argument 'min_noise_separation'. Did you mean 'min_separation'?

2025-01-05 19:33:58,493 - INFO - Retrying analysis for /Users/tomsayada/spectral_analysis_project/data/K_1_50.0_K_2_100.0_SNR_50.0_Q_0.5/simulation_1 (attempt 3)
2025-01-05 19:33:58,494 - INFO - Found 25 observation files in /Users/tomsayada/spectral_analysis_project/data/K_1_50.0_K_2_100.0_SNR_50.0_Q_0.5/simulation_1
2025-01-05 19:33:58,494 - INFO - Running analysis for /Users/tomsayada/spectral_analysis_project/data/K_1_50.0_K_2_100.0_SNR_50.0_Q_0.5/simulation_1
2025-01-05 19:33:59,096 - ERROR - Analysis failed with return code 1
STDOUT:

Data from: /Users/tomsayada/spectral_analysis_project/data/K_1_50.0_K_2_100.0_SNR_50.0_Q_0.5/simulation_1
Output:   /Users/tomsayada/spectral_analysis_project/data/K_1_50.0_K_2_100.0_SNR_50.0_Q_0.5/analysis_results_20250105_193356/simulation_1/standard_sym_weighted_nobaseline_fit_results
Fitting lines: ['He4026', 'He4388', 'He4471']
Profile type: sym, Weighted=True, Baseline=False

Found 25 files. Building arrays now...

STDERR:
2025-01-05 19:33:58,971 - INFO - Found 25 valid observation files in /Users/tomsayada/spectral_analysis_project/data/K_1_50.0_K_2_100.0_SNR_50.0_Q_0.5/simulation_1

Loading data:   0%|          | 0/25 [00:00<?, ?it/s]
Loading data:   0%|          | 0/25 [00:00<?, ?it/s]
Traceback (most recent call last):
  File "/Users/tomsayada/spectral_analysis_project/src/run_standard_fit.py", line 348, in <module>
    main()
    ~~~~^^
  File "/Users/tomsayada/spectral_analysis_project/src/run_standard_fit.py", line 189, in main
    nrs = find_noise_regions(df, lw_min, lw_max,
                             noise_window=5,
                             min_noise_separation=5,
                             max_noise_offset=80)
TypeError: find_noise_regions() got an unexpected keyword argument 'min_noise_separation'. Did you mean 'min_separation'?

2025-01-05 19:33:59,096 - INFO - Found 25 observation files in /Users/tomsayada/spectral_analysis_project/data/K_1_50.0_K_2_100.0_SNR_50.0_Q_0.5/simulation_5
2025-01-05 19:33:59,096 - INFO - Running analysis for /Users/tomsayada/spectral_analysis_project/data/K_1_50.0_K_2_100.0_SNR_50.0_Q_0.5/simulation_5
2025-01-05 19:33:59,104 - ERROR - Analysis failed with return code 1
STDOUT:

Data from: /Users/tomsayada/spectral_analysis_project/data/K_1_50.0_K_2_100.0_SNR_50.0_Q_0.5/simulation_2
Output:   /Users/tomsayada/spectral_analysis_project/data/K_1_50.0_K_2_100.0_SNR_50.0_Q_0.5/analysis_results_20250105_193356/simulation_2/standard_sym_weighted_nobaseline_fit_results
Fitting lines: ['He4026', 'He4388', 'He4471']
Profile type: sym, Weighted=True, Baseline=False

Found 25 files. Building arrays now...

STDERR:
2025-01-05 19:33:58,971 - INFO - Found 25 valid observation files in /Users/tomsayada/spectral_analysis_project/data/K_1_50.0_K_2_100.0_SNR_50.0_Q_0.5/simulation_2

Loading data:   0%|          | 0/25 [00:00<?, ?it/s]
Loading data:   0%|          | 0/25 [00:00<?, ?it/s]
Traceback (most recent call last):
  File "/Users/tomsayada/spectral_analysis_project/src/run_standard_fit.py", line 348, in <module>
    main()
    ~~~~^^
  File "/Users/tomsayada/spectral_analysis_project/src/run_standard_fit.py", line 189, in main
    nrs = find_noise_regions(df, lw_min, lw_max,
                             noise_window=5,
                             min_noise_separation=5,
                             max_noise_offset=80)
TypeError: find_noise_regions() got an unexpected keyword argument 'min_noise_separation'. Did you mean 'min_separation'?

2025-01-05 19:33:59,105 - INFO - Found 25 observation files in /Users/tomsayada/spectral_analysis_project/data/K_1_50.0_K_2_100.0_SNR_50.0_Q_0.5/simulation_6
2025-01-05 19:33:59,105 - INFO - Running analysis for /Users/tomsayada/spectral_analysis_project/data/K_1_50.0_K_2_100.0_SNR_50.0_Q_0.5/simulation_6
2025-01-05 19:33:59,108 - ERROR - Analysis failed with return code 1
STDOUT:

Data from: /Users/tomsayada/spectral_analysis_project/data/K_1_50.0_K_2_100.0_SNR_50.0_Q_0.5/simulation_3
Output:   /Users/tomsayada/spectral_analysis_project/data/K_1_50.0_K_2_100.0_SNR_50.0_Q_0.5/analysis_results_20250105_193356/simulation_3/standard_sym_weighted_nobaseline_fit_results
Fitting lines: ['He4026', 'He4388', 'He4471']
Profile type: sym, Weighted=True, Baseline=False

Found 25 files. Building arrays now...

STDERR:
2025-01-05 19:33:58,971 - INFO - Found 25 valid observation files in /Users/tomsayada/spectral_analysis_project/data/K_1_50.0_K_2_100.0_SNR_50.0_Q_0.5/simulation_3

Loading data:   0%|          | 0/25 [00:00<?, ?it/s]
Loading data:   0%|          | 0/25 [00:00<?, ?it/s]
Traceback (most recent call last):
  File "/Users/tomsayada/spectral_analysis_project/src/run_standard_fit.py", line 348, in <module>
    main()
    ~~~~^^
  File "/Users/tomsayada/spectral_analysis_project/src/run_standard_fit.py", line 189, in main
    nrs = find_noise_regions(df, lw_min, lw_max,
                             noise_window=5,
                             min_noise_separation=5,
                             max_noise_offset=80)
TypeError: find_noise_regions() got an unexpected keyword argument 'min_noise_separation'. Did you mean 'min_separation'?

2025-01-05 19:33:59,109 - INFO - Found 25 observation files in /Users/tomsayada/spectral_analysis_project/data/K_1_50.0_K_2_100.0_SNR_50.0_Q_0.5/simulation_7
2025-01-05 19:33:59,109 - INFO - Running analysis for /Users/tomsayada/spectral_analysis_project/data/K_1_50.0_K_2_100.0_SNR_50.0_Q_0.5/simulation_7
2025-01-05 19:33:59,112 - ERROR - Analysis failed with return code 1
STDOUT:

Data from: /Users/tomsayada/spectral_analysis_project/data/K_1_50.0_K_2_100.0_SNR_50.0_Q_0.5/simulation_4
Output:   /Users/tomsayada/spectral_analysis_project/data/K_1_50.0_K_2_100.0_SNR_50.0_Q_0.5/analysis_results_20250105_193356/simulation_4/standard_sym_weighted_nobaseline_fit_results
Fitting lines: ['He4026', 'He4388', 'He4471']
Profile type: sym, Weighted=True, Baseline=False

Found 25 files. Building arrays now...

STDERR:
2025-01-05 19:33:58,971 - INFO - Found 25 valid observation files in /Users/tomsayada/spectral_analysis_project/data/K_1_50.0_K_2_100.0_SNR_50.0_Q_0.5/simulation_4

Loading data:   0%|          | 0/25 [00:00<?, ?it/s]
Loading data:   0%|          | 0/25 [00:00<?, ?it/s]
Traceback (most recent call last):
  File "/Users/tomsayada/spectral_analysis_project/src/run_standard_fit.py", line 348, in <module>
    main()
    ~~~~^^
  File "/Users/tomsayada/spectral_analysis_project/src/run_standard_fit.py", line 189, in main
    nrs = find_noise_regions(df, lw_min, lw_max,
                             noise_window=5,
                             min_noise_separation=5,
                             max_noise_offset=80)
TypeError: find_noise_regions() got an unexpected keyword argument 'min_noise_separation'. Did you mean 'min_separation'?

2025-01-05 19:33:59,112 - INFO - Found 25 observation files in /Users/tomsayada/spectral_analysis_project/data/K_1_50.0_K_2_100.0_SNR_50.0_Q_0.5/simulation_8
2025-01-05 19:33:59,112 - INFO - Running analysis for /Users/tomsayada/spectral_analysis_project/data/K_1_50.0_K_2_100.0_SNR_50.0_Q_0.5/simulation_8
2025-01-05 19:33:59,720 - ERROR - Analysis failed with return code 1
STDOUT:

Data from: /Users/tomsayada/spectral_analysis_project/data/K_1_50.0_K_2_100.0_SNR_50.0_Q_0.5/simulation_7
Output:   /Users/tomsayada/spectral_analysis_project/data/K_1_50.0_K_2_100.0_SNR_50.0_Q_0.5/analysis_results_20250105_193356/simulation_7/standard_sym_weighted_nobaseline_fit_results
Fitting lines: ['He4026', 'He4388', 'He4471']
Profile type: sym, Weighted=True, Baseline=False

Found 25 files. Building arrays now...

STDERR:
2025-01-05 19:33:59,588 - INFO - Found 25 valid observation files in /Users/tomsayada/spectral_analysis_project/data/K_1_50.0_K_2_100.0_SNR_50.0_Q_0.5/simulation_7

Loading data:   0%|          | 0/25 [00:00<?, ?it/s]
Loading data:   0%|          | 0/25 [00:00<?, ?it/s]
Traceback (most recent call last):
  File "/Users/tomsayada/spectral_analysis_project/src/run_standard_fit.py", line 348, in <module>
    main()
    ~~~~^^
  File "/Users/tomsayada/spectral_analysis_project/src/run_standard_fit.py", line 189, in main
    nrs = find_noise_regions(df, lw_min, lw_max,
                             noise_window=5,
                             min_noise_separation=5,
                             max_noise_offset=80)
TypeError: find_noise_regions() got an unexpected keyword argument 'min_noise_separation'. Did you mean 'min_separation'?

2025-01-05 19:33:59,720 - INFO - Retrying analysis for /Users/tomsayada/spectral_analysis_project/data/K_1_50.0_K_2_100.0_SNR_50.0_Q_0.5/simulation_7 (attempt 1)
2025-01-05 19:33:59,721 - INFO - Found 25 observation files in /Users/tomsayada/spectral_analysis_project/data/K_1_50.0_K_2_100.0_SNR_50.0_Q_0.5/simulation_7
2025-01-05 19:33:59,721 - INFO - Running analysis for /Users/tomsayada/spectral_analysis_project/data/K_1_50.0_K_2_100.0_SNR_50.0_Q_0.5/simulation_7
2025-01-05 19:33:59,730 - ERROR - Analysis failed with return code 1
STDOUT:

Data from: /Users/tomsayada/spectral_analysis_project/data/K_1_50.0_K_2_100.0_SNR_50.0_Q_0.5/simulation_6
Output:   /Users/tomsayada/spectral_analysis_project/data/K_1_50.0_K_2_100.0_SNR_50.0_Q_0.5/analysis_results_20250105_193356/simulation_6/standard_sym_weighted_nobaseline_fit_results
Fitting lines: ['He4026', 'He4388', 'He4471']
Profile type: sym, Weighted=True, Baseline=False

Found 25 files. Building arrays now...

STDERR:
2025-01-05 19:33:59,588 - INFO - Found 25 valid observation files in /Users/tomsayada/spectral_analysis_project/data/K_1_50.0_K_2_100.0_SNR_50.0_Q_0.5/simulation_6

Loading data:   0%|          | 0/25 [00:00<?, ?it/s]
Loading data:   0%|          | 0/25 [00:00<?, ?it/s]
Traceback (most recent call last):
  File "/Users/tomsayada/spectral_analysis_project/src/run_standard_fit.py", line 348, in <module>
    main()
    ~~~~^^
  File "/Users/tomsayada/spectral_analysis_project/src/run_standard_fit.py", line 189, in main
    nrs = find_noise_regions(df, lw_min, lw_max,
                             noise_window=5,
                             min_noise_separation=5,
                             max_noise_offset=80)
TypeError: find_noise_regions() got an unexpected keyword argument 'min_noise_separation'. Did you mean 'min_separation'?

2025-01-05 19:33:59,730 - ERROR - Analysis failed with return code 1
STDOUT:

Data from: /Users/tomsayada/spectral_analysis_project/data/K_1_50.0_K_2_100.0_SNR_50.0_Q_0.5/simulation_5
Output:   /Users/tomsayada/spectral_analysis_project/data/K_1_50.0_K_2_100.0_SNR_50.0_Q_0.5/analysis_results_20250105_193356/simulation_5/standard_sym_weighted_nobaseline_fit_results
Fitting lines: ['He4026', 'He4388', 'He4471']
Profile type: sym, Weighted=True, Baseline=False

Found 25 files. Building arrays now...

STDERR:
2025-01-05 19:33:59,588 - INFO - Found 25 valid observation files in /Users/tomsayada/spectral_analysis_project/data/K_1_50.0_K_2_100.0_SNR_50.0_Q_0.5/simulation_5

Loading data:   0%|          | 0/25 [00:00<?, ?it/s]
Loading data:   0%|          | 0/25 [00:00<?, ?it/s]
Traceback (most recent call last):
  File "/Users/tomsayada/spectral_analysis_project/src/run_standard_fit.py", line 348, in <module>
    main()
    ~~~~^^
  File "/Users/tomsayada/spectral_analysis_project/src/run_standard_fit.py", line 189, in main
    nrs = find_noise_regions(df, lw_min, lw_max,
                             noise_window=5,
                             min_noise_separation=5,
                             max_noise_offset=80)
TypeError: find_noise_regions() got an unexpected keyword argument 'min_noise_separation'. Did you mean 'min_separation'?

2025-01-05 19:33:59,730 - INFO - Retrying analysis for /Users/tomsayada/spectral_analysis_project/data/K_1_50.0_K_2_100.0_SNR_50.0_Q_0.5/simulation_6 (attempt 1)
2025-01-05 19:33:59,730 - INFO - Retrying analysis for /Users/tomsayada/spectral_analysis_project/data/K_1_50.0_K_2_100.0_SNR_50.0_Q_0.5/simulation_5 (attempt 1)
2025-01-05 19:33:59,730 - INFO - Found 25 observation files in /Users/tomsayada/spectral_analysis_project/data/K_1_50.0_K_2_100.0_SNR_50.0_Q_0.5/simulation_6
2025-01-05 19:33:59,730 - INFO - Found 25 observation files in /Users/tomsayada/spectral_analysis_project/data/K_1_50.0_K_2_100.0_SNR_50.0_Q_0.5/simulation_5
2025-01-05 19:33:59,730 - INFO - Running analysis for /Users/tomsayada/spectral_analysis_project/data/K_1_50.0_K_2_100.0_SNR_50.0_Q_0.5/simulation_6
2025-01-05 19:33:59,730 - INFO - Running analysis for /Users/tomsayada/spectral_analysis_project/data/K_1_50.0_K_2_100.0_SNR_50.0_Q_0.5/simulation_5
2025-01-05 19:33:59,733 - ERROR - Analysis failed with return code 1
STDOUT:

Data from: /Users/tomsayada/spectral_analysis_project/data/K_1_50.0_K_2_100.0_SNR_50.0_Q_0.5/simulation_8
Output:   /Users/tomsayada/spectral_analysis_project/data/K_1_50.0_K_2_100.0_SNR_50.0_Q_0.5/analysis_results_20250105_193356/simulation_8/standard_sym_weighted_nobaseline_fit_results
Fitting lines: ['He4026', 'He4388', 'He4471']
Profile type: sym, Weighted=True, Baseline=False

Found 25 files. Building arrays now...

STDERR:
2025-01-05 19:33:59,588 - INFO - Found 25 valid observation files in /Users/tomsayada/spectral_analysis_project/data/K_1_50.0_K_2_100.0_SNR_50.0_Q_0.5/simulation_8

Loading data:   0%|          | 0/25 [00:00<?, ?it/s]
Loading data:   0%|          | 0/25 [00:00<?, ?it/s]
Traceback (most recent call last):
  File "/Users/tomsayada/spectral_analysis_project/src/run_standard_fit.py", line 348, in <module>
    main()
    ~~~~^^
  File "/Users/tomsayada/spectral_analysis_project/src/run_standard_fit.py", line 189, in main
    nrs = find_noise_regions(df, lw_min, lw_max,
                             noise_window=5,
                             min_noise_separation=5,
                             max_noise_offset=80)
TypeError: find_noise_regions() got an unexpected keyword argument 'min_noise_separation'. Did you mean 'min_separation'?

2025-01-05 19:33:59,733 - INFO - Retrying analysis for /Users/tomsayada/spectral_analysis_project/data/K_1_50.0_K_2_100.0_SNR_50.0_Q_0.5/simulation_8 (attempt 1)
2025-01-05 19:33:59,733 - INFO - Found 25 observation files in /Users/tomsayada/spectral_analysis_project/data/K_1_50.0_K_2_100.0_SNR_50.0_Q_0.5/simulation_8
2025-01-05 19:33:59,733 - INFO - Running analysis for /Users/tomsayada/spectral_analysis_project/data/K_1_50.0_K_2_100.0_SNR_50.0_Q_0.5/simulation_8
2025-01-05 19:34:00,343 - ERROR - Analysis failed with return code 1
STDOUT:

Data from: /Users/tomsayada/spectral_analysis_project/data/K_1_50.0_K_2_100.0_SNR_50.0_Q_0.5/simulation_8
Output:   /Users/tomsayada/spectral_analysis_project/data/K_1_50.0_K_2_100.0_SNR_50.0_Q_0.5/analysis_results_20250105_193356/simulation_8/standard_sym_weighted_nobaseline_fit_results
Fitting lines: ['He4026', 'He4388', 'He4471']
Profile type: sym, Weighted=True, Baseline=False

Found 25 files. Building arrays now...

STDERR:
2025-01-05 19:34:00,215 - INFO - Found 25 valid observation files in /Users/tomsayada/spectral_analysis_project/data/K_1_50.0_K_2_100.0_SNR_50.0_Q_0.5/simulation_8

Loading data:   0%|          | 0/25 [00:00<?, ?it/s]
Loading data:   0%|          | 0/25 [00:00<?, ?it/s]
Traceback (most recent call last):
  File "/Users/tomsayada/spectral_analysis_project/src/run_standard_fit.py", line 348, in <module>
    main()
    ~~~~^^
  File "/Users/tomsayada/spectral_analysis_project/src/run_standard_fit.py", line 189, in main
    nrs = find_noise_regions(df, lw_min, lw_max,
                             noise_window=5,
                             min_noise_separation=5,
                             max_noise_offset=80)
TypeError: find_noise_regions() got an unexpected keyword argument 'min_noise_separation'. Did you mean 'min_separation'?

2025-01-05 19:34:00,344 - INFO - Retrying analysis for /Users/tomsayada/spectral_analysis_project/data/K_1_50.0_K_2_100.0_SNR_50.0_Q_0.5/simulation_8 (attempt 2)
2025-01-05 19:34:00,344 - INFO - Found 25 observation files in /Users/tomsayada/spectral_analysis_project/data/K_1_50.0_K_2_100.0_SNR_50.0_Q_0.5/simulation_8
2025-01-05 19:34:00,344 - INFO - Running analysis for /Users/tomsayada/spectral_analysis_project/data/K_1_50.0_K_2_100.0_SNR_50.0_Q_0.5/simulation_8
2025-01-05 19:34:00,354 - ERROR - Analysis failed with return code 1
STDOUT:

Data from: /Users/tomsayada/spectral_analysis_project/data/K_1_50.0_K_2_100.0_SNR_50.0_Q_0.5/simulation_6
Output:   /Users/tomsayada/spectral_analysis_project/data/K_1_50.0_K_2_100.0_SNR_50.0_Q_0.5/analysis_results_20250105_193356/simulation_6/standard_sym_weighted_nobaseline_fit_results
Fitting lines: ['He4026', 'He4388', 'He4471']
Profile type: sym, Weighted=True, Baseline=False

Found 25 files. Building arrays now...

STDERR:
2025-01-05 19:34:00,215 - INFO - Found 25 valid observation files in /Users/tomsayada/spectral_analysis_project/data/K_1_50.0_K_2_100.0_SNR_50.0_Q_0.5/simulation_6

Loading data:   0%|          | 0/25 [00:00<?, ?it/s]
Loading data:   0%|          | 0/25 [00:00<?, ?it/s]
Traceback (most recent call last):
  File "/Users/tomsayada/spectral_analysis_project/src/run_standard_fit.py", line 348, in <module>
    main()
    ~~~~^^
  File "/Users/tomsayada/spectral_analysis_project/src/run_standard_fit.py", line 189, in main
    nrs = find_noise_regions(df, lw_min, lw_max,
                             noise_window=5,
                             min_noise_separation=5,
                             max_noise_offset=80)
TypeError: find_noise_regions() got an unexpected keyword argument 'min_noise_separation'. Did you mean 'min_separation'?

2025-01-05 19:34:00,354 - INFO - Retrying analysis for /Users/tomsayada/spectral_analysis_project/data/K_1_50.0_K_2_100.0_SNR_50.0_Q_0.5/simulation_6 (attempt 2)
2025-01-05 19:34:00,354 - INFO - Found 25 observation files in /Users/tomsayada/spectral_analysis_project/data/K_1_50.0_K_2_100.0_SNR_50.0_Q_0.5/simulation_6
2025-01-05 19:34:00,354 - INFO - Running analysis for /Users/tomsayada/spectral_analysis_project/data/K_1_50.0_K_2_100.0_SNR_50.0_Q_0.5/simulation_6
2025-01-05 19:34:00,355 - ERROR - Analysis failed with return code 1
STDOUT:

Data from: /Users/tomsayada/spectral_analysis_project/data/K_1_50.0_K_2_100.0_SNR_50.0_Q_0.5/simulation_5
Output:   /Users/tomsayada/spectral_analysis_project/data/K_1_50.0_K_2_100.0_SNR_50.0_Q_0.5/analysis_results_20250105_193356/simulation_5/standard_sym_weighted_nobaseline_fit_results
Fitting lines: ['He4026', 'He4388', 'He4471']
Profile type: sym, Weighted=True, Baseline=False

Found 25 files. Building arrays now...

STDERR:
2025-01-05 19:34:00,215 - INFO - Found 25 valid observation files in /Users/tomsayada/spectral_analysis_project/data/K_1_50.0_K_2_100.0_SNR_50.0_Q_0.5/simulation_5

Loading data:   0%|          | 0/25 [00:00<?, ?it/s]
Loading data:   0%|          | 0/25 [00:00<?, ?it/s]
Traceback (most recent call last):
  File "/Users/tomsayada/spectral_analysis_project/src/run_standard_fit.py", line 348, in <module>
    main()
    ~~~~^^
  File "/Users/tomsayada/spectral_analysis_project/src/run_standard_fit.py", line 189, in main
    nrs = find_noise_regions(df, lw_min, lw_max,
                             noise_window=5,
                             min_noise_separation=5,
                             max_noise_offset=80)
TypeError: find_noise_regions() got an unexpected keyword argument 'min_noise_separation'. Did you mean 'min_separation'?

2025-01-05 19:34:00,356 - INFO - Retrying analysis for /Users/tomsayada/spectral_analysis_project/data/K_1_50.0_K_2_100.0_SNR_50.0_Q_0.5/simulation_5 (attempt 2)
2025-01-05 19:34:00,356 - INFO - Found 25 observation files in /Users/tomsayada/spectral_analysis_project/data/K_1_50.0_K_2_100.0_SNR_50.0_Q_0.5/simulation_5
2025-01-05 19:34:00,356 - INFO - Running analysis for /Users/tomsayada/spectral_analysis_project/data/K_1_50.0_K_2_100.0_SNR_50.0_Q_0.5/simulation_5
2025-01-05 19:34:00,359 - ERROR - Analysis failed with return code 1
STDOUT:

Data from: /Users/tomsayada/spectral_analysis_project/data/K_1_50.0_K_2_100.0_SNR_50.0_Q_0.5/simulation_7
Output:   /Users/tomsayada/spectral_analysis_project/data/K_1_50.0_K_2_100.0_SNR_50.0_Q_0.5/analysis_results_20250105_193356/simulation_7/standard_sym_weighted_nobaseline_fit_results
Fitting lines: ['He4026', 'He4388', 'He4471']
Profile type: sym, Weighted=True, Baseline=False

Found 25 files. Building arrays now...

STDERR:
2025-01-05 19:34:00,215 - INFO - Found 25 valid observation files in /Users/tomsayada/spectral_analysis_project/data/K_1_50.0_K_2_100.0_SNR_50.0_Q_0.5/simulation_7

Loading data:   0%|          | 0/25 [00:00<?, ?it/s]
Loading data:   0%|          | 0/25 [00:00<?, ?it/s]
Traceback (most recent call last):
  File "/Users/tomsayada/spectral_analysis_project/src/run_standard_fit.py", line 348, in <module>
    main()
    ~~~~^^
  File "/Users/tomsayada/spectral_analysis_project/src/run_standard_fit.py", line 189, in main
    nrs = find_noise_regions(df, lw_min, lw_max,
                             noise_window=5,
                             min_noise_separation=5,
                             max_noise_offset=80)
TypeError: find_noise_regions() got an unexpected keyword argument 'min_noise_separation'. Did you mean 'min_separation'?

2025-01-05 19:34:00,359 - INFO - Retrying analysis for /Users/tomsayada/spectral_analysis_project/data/K_1_50.0_K_2_100.0_SNR_50.0_Q_0.5/simulation_7 (attempt 2)
2025-01-05 19:34:00,359 - INFO - Found 25 observation files in /Users/tomsayada/spectral_analysis_project/data/K_1_50.0_K_2_100.0_SNR_50.0_Q_0.5/simulation_7
2025-01-05 19:34:00,359 - INFO - Running analysis for /Users/tomsayada/spectral_analysis_project/data/K_1_50.0_K_2_100.0_SNR_50.0_Q_0.5/simulation_7
2025-01-05 19:34:00,970 - ERROR - Analysis failed with return code 1
STDOUT:

Data from: /Users/tomsayada/spectral_analysis_project/data/K_1_50.0_K_2_100.0_SNR_50.0_Q_0.5/simulation_8
Output:   /Users/tomsayada/spectral_analysis_project/data/K_1_50.0_K_2_100.0_SNR_50.0_Q_0.5/analysis_results_20250105_193356/simulation_8/standard_sym_weighted_nobaseline_fit_results
Fitting lines: ['He4026', 'He4388', 'He4471']
Profile type: sym, Weighted=True, Baseline=False

Found 25 files. Building arrays now...

STDERR:
2025-01-05 19:34:00,832 - INFO - Found 25 valid observation files in /Users/tomsayada/spectral_analysis_project/data/K_1_50.0_K_2_100.0_SNR_50.0_Q_0.5/simulation_8

Loading data:   0%|          | 0/25 [00:00<?, ?it/s]
Loading data:   0%|          | 0/25 [00:00<?, ?it/s]
Traceback (most recent call last):
  File "/Users/tomsayada/spectral_analysis_project/src/run_standard_fit.py", line 348, in <module>
    main()
    ~~~~^^
  File "/Users/tomsayada/spectral_analysis_project/src/run_standard_fit.py", line 189, in main
    nrs = find_noise_regions(df, lw_min, lw_max,
                             noise_window=5,
                             min_noise_separation=5,
                             max_noise_offset=80)
TypeError: find_noise_regions() got an unexpected keyword argument 'min_noise_separation'. Did you mean 'min_separation'?

2025-01-05 19:34:00,971 - INFO - Retrying analysis for /Users/tomsayada/spectral_analysis_project/data/K_1_50.0_K_2_100.0_SNR_50.0_Q_0.5/simulation_8 (attempt 3)
2025-01-05 19:34:00,971 - INFO - Found 25 observation files in /Users/tomsayada/spectral_analysis_project/data/K_1_50.0_K_2_100.0_SNR_50.0_Q_0.5/simulation_8
2025-01-05 19:34:00,971 - INFO - Running analysis for /Users/tomsayada/spectral_analysis_project/data/K_1_50.0_K_2_100.0_SNR_50.0_Q_0.5/simulation_8
2025-01-05 19:34:00,972 - ERROR - Analysis failed with return code 1
STDOUT:

Data from: /Users/tomsayada/spectral_analysis_project/data/K_1_50.0_K_2_100.0_SNR_50.0_Q_0.5/simulation_6
Output:   /Users/tomsayada/spectral_analysis_project/data/K_1_50.0_K_2_100.0_SNR_50.0_Q_0.5/analysis_results_20250105_193356/simulation_6/standard_sym_weighted_nobaseline_fit_results
Fitting lines: ['He4026', 'He4388', 'He4471']
Profile type: sym, Weighted=True, Baseline=False

Found 25 files. Building arrays now...

STDERR:
2025-01-05 19:34:00,835 - INFO - Found 25 valid observation files in /Users/tomsayada/spectral_analysis_project/data/K_1_50.0_K_2_100.0_SNR_50.0_Q_0.5/simulation_6

Loading data:   0%|          | 0/25 [00:00<?, ?it/s]
Loading data:   0%|          | 0/25 [00:00<?, ?it/s]
Traceback (most recent call last):
  File "/Users/tomsayada/spectral_analysis_project/src/run_standard_fit.py", line 348, in <module>
    main()
    ~~~~^^
  File "/Users/tomsayada/spectral_analysis_project/src/run_standard_fit.py", line 189, in main
    nrs = find_noise_regions(df, lw_min, lw_max,
                             noise_window=5,
                             min_noise_separation=5,
                             max_noise_offset=80)
TypeError: find_noise_regions() got an unexpected keyword argument 'min_noise_separation'. Did you mean 'min_separation'?

2025-01-05 19:34:00,972 - INFO - Retrying analysis for /Users/tomsayada/spectral_analysis_project/data/K_1_50.0_K_2_100.0_SNR_50.0_Q_0.5/simulation_6 (attempt 3)
2025-01-05 19:34:00,972 - INFO - Found 25 observation files in /Users/tomsayada/spectral_analysis_project/data/K_1_50.0_K_2_100.0_SNR_50.0_Q_0.5/simulation_6
2025-01-05 19:34:00,972 - INFO - Running analysis for /Users/tomsayada/spectral_analysis_project/data/K_1_50.0_K_2_100.0_SNR_50.0_Q_0.5/simulation_6
2025-01-05 19:34:00,980 - ERROR - Analysis failed with return code 1
STDOUT:

Data from: /Users/tomsayada/spectral_analysis_project/data/K_1_50.0_K_2_100.0_SNR_50.0_Q_0.5/simulation_7
Output:   /Users/tomsayada/spectral_analysis_project/data/K_1_50.0_K_2_100.0_SNR_50.0_Q_0.5/analysis_results_20250105_193356/simulation_7/standard_sym_weighted_nobaseline_fit_results
Fitting lines: ['He4026', 'He4388', 'He4471']
Profile type: sym, Weighted=True, Baseline=False

Found 25 files. Building arrays now...

STDERR:
2025-01-05 19:34:00,836 - INFO - Found 25 valid observation files in /Users/tomsayada/spectral_analysis_project/data/K_1_50.0_K_2_100.0_SNR_50.0_Q_0.5/simulation_7

Loading data:   0%|          | 0/25 [00:00<?, ?it/s]
Loading data:   0%|          | 0/25 [00:00<?, ?it/s]
Traceback (most recent call last):
  File "/Users/tomsayada/spectral_analysis_project/src/run_standard_fit.py", line 348, in <module>
    main()
    ~~~~^^
  File "/Users/tomsayada/spectral_analysis_project/src/run_standard_fit.py", line 189, in main
    nrs = find_noise_regions(df, lw_min, lw_max,
                             noise_window=5,
                             min_noise_separation=5,
                             max_noise_offset=80)
TypeError: find_noise_regions() got an unexpected keyword argument 'min_noise_separation'. Did you mean 'min_separation'?

2025-01-05 19:34:00,980 - INFO - Retrying analysis for /Users/tomsayada/spectral_analysis_project/data/K_1_50.0_K_2_100.0_SNR_50.0_Q_0.5/simulation_7 (attempt 3)
2025-01-05 19:34:00,981 - INFO - Found 25 observation files in /Users/tomsayada/spectral_analysis_project/data/K_1_50.0_K_2_100.0_SNR_50.0_Q_0.5/simulation_7
2025-01-05 19:34:00,981 - INFO - Running analysis for /Users/tomsayada/spectral_analysis_project/data/K_1_50.0_K_2_100.0_SNR_50.0_Q_0.5/simulation_7
2025-01-05 19:34:00,984 - ERROR - Analysis failed with return code 1
STDOUT:

Data from: /Users/tomsayada/spectral_analysis_project/data/K_1_50.0_K_2_100.0_SNR_50.0_Q_0.5/simulation_5
Output:   /Users/tomsayada/spectral_analysis_project/data/K_1_50.0_K_2_100.0_SNR_50.0_Q_0.5/analysis_results_20250105_193356/simulation_5/standard_sym_weighted_nobaseline_fit_results
Fitting lines: ['He4026', 'He4388', 'He4471']
Profile type: sym, Weighted=True, Baseline=False

Found 25 files. Building arrays now...

STDERR:
2025-01-05 19:34:00,836 - INFO - Found 25 valid observation files in /Users/tomsayada/spectral_analysis_project/data/K_1_50.0_K_2_100.0_SNR_50.0_Q_0.5/simulation_5

Loading data:   0%|          | 0/25 [00:00<?, ?it/s]
Loading data:   0%|          | 0/25 [00:00<?, ?it/s]
Traceback (most recent call last):
  File "/Users/tomsayada/spectral_analysis_project/src/run_standard_fit.py", line 348, in <module>
    main()
    ~~~~^^
  File "/Users/tomsayada/spectral_analysis_project/src/run_standard_fit.py", line 189, in main
    nrs = find_noise_regions(df, lw_min, lw_max,
                             noise_window=5,
                             min_noise_separation=5,
                             max_noise_offset=80)
TypeError: find_noise_regions() got an unexpected keyword argument 'min_noise_separation'. Did you mean 'min_separation'?

2025-01-05 19:34:00,984 - INFO - Retrying analysis for /Users/tomsayada/spectral_analysis_project/data/K_1_50.0_K_2_100.0_SNR_50.0_Q_0.5/simulation_5 (attempt 3)
2025-01-05 19:34:00,984 - INFO - Found 25 observation files in /Users/tomsayada/spectral_analysis_project/data/K_1_50.0_K_2_100.0_SNR_50.0_Q_0.5/simulation_5
2025-01-05 19:34:00,984 - INFO - Running analysis for /Users/tomsayada/spectral_analysis_project/data/K_1_50.0_K_2_100.0_SNR_50.0_Q_0.5/simulation_5
2025-01-05 19:34:01,589 - ERROR - Analysis failed with return code 1
STDOUT:

Data from: /Users/tomsayada/spectral_analysis_project/data/K_1_50.0_K_2_100.0_SNR_50.0_Q_0.5/simulation_7
Output:   /Users/tomsayada/spectral_analysis_project/data/K_1_50.0_K_2_100.0_SNR_50.0_Q_0.5/analysis_results_20250105_193356/simulation_7/standard_sym_weighted_nobaseline_fit_results
Fitting lines: ['He4026', 'He4388', 'He4471']
Profile type: sym, Weighted=True, Baseline=False

Found 25 files. Building arrays now...

STDERR:
2025-01-05 19:34:01,462 - INFO - Found 25 valid observation files in /Users/tomsayada/spectral_analysis_project/data/K_1_50.0_K_2_100.0_SNR_50.0_Q_0.5/simulation_7

Loading data:   0%|          | 0/25 [00:00<?, ?it/s]
Loading data:   0%|          | 0/25 [00:00<?, ?it/s]
Traceback (most recent call last):
  File "/Users/tomsayada/spectral_analysis_project/src/run_standard_fit.py", line 348, in <module>
    main()
    ~~~~^^
  File "/Users/tomsayada/spectral_analysis_project/src/run_standard_fit.py", line 189, in main
    nrs = find_noise_regions(df, lw_min, lw_max,
                             noise_window=5,
                             min_noise_separation=5,
                             max_noise_offset=80)
TypeError: find_noise_regions() got an unexpected keyword argument 'min_noise_separation'. Did you mean 'min_separation'?

2025-01-05 19:34:01,590 - INFO - Found 25 observation files in /Users/tomsayada/spectral_analysis_project/data/K_1_50.0_K_2_100.0_SNR_50.0_Q_0.5/simulation_9
2025-01-05 19:34:01,590 - INFO - Running analysis for /Users/tomsayada/spectral_analysis_project/data/K_1_50.0_K_2_100.0_SNR_50.0_Q_0.5/simulation_9
2025-01-05 19:34:01,600 - ERROR - Analysis failed with return code 1
STDOUT:

Data from: /Users/tomsayada/spectral_analysis_project/data/K_1_50.0_K_2_100.0_SNR_50.0_Q_0.5/simulation_5
Output:   /Users/tomsayada/spectral_analysis_project/data/K_1_50.0_K_2_100.0_SNR_50.0_Q_0.5/analysis_results_20250105_193356/simulation_5/standard_sym_weighted_nobaseline_fit_results
Fitting lines: ['He4026', 'He4388', 'He4471']
Profile type: sym, Weighted=True, Baseline=False

Found 25 files. Building arrays now...

STDERR:
2025-01-05 19:34:01,463 - INFO - Found 25 valid observation files in /Users/tomsayada/spectral_analysis_project/data/K_1_50.0_K_2_100.0_SNR_50.0_Q_0.5/simulation_5

Loading data:   0%|          | 0/25 [00:00<?, ?it/s]
Loading data:   0%|          | 0/25 [00:00<?, ?it/s]
Traceback (most recent call last):
  File "/Users/tomsayada/spectral_analysis_project/src/run_standard_fit.py", line 348, in <module>
    main()
    ~~~~^^
  File "/Users/tomsayada/spectral_analysis_project/src/run_standard_fit.py", line 189, in main
    nrs = find_noise_regions(df, lw_min, lw_max,
                             noise_window=5,
                             min_noise_separation=5,
                             max_noise_offset=80)
TypeError: find_noise_regions() got an unexpected keyword argument 'min_noise_separation'. Did you mean 'min_separation'?

2025-01-05 19:34:01,600 - INFO - Found 25 observation files in /Users/tomsayada/spectral_analysis_project/data/K_1_50.0_K_2_100.0_SNR_50.0_Q_0.5/simulation_10
2025-01-05 19:34:01,600 - INFO - Running analysis for /Users/tomsayada/spectral_analysis_project/data/K_1_50.0_K_2_100.0_SNR_50.0_Q_0.5/simulation_10
2025-01-05 19:34:01,602 - ERROR - Analysis failed with return code 1
STDOUT:

Data from: /Users/tomsayada/spectral_analysis_project/data/K_1_50.0_K_2_100.0_SNR_50.0_Q_0.5/simulation_6
Output:   /Users/tomsayada/spectral_analysis_project/data/K_1_50.0_K_2_100.0_SNR_50.0_Q_0.5/analysis_results_20250105_193356/simulation_6/standard_sym_weighted_nobaseline_fit_results
Fitting lines: ['He4026', 'He4388', 'He4471']
Profile type: sym, Weighted=True, Baseline=False

Found 25 files. Building arrays now...

STDERR:
2025-01-05 19:34:01,462 - INFO - Found 25 valid observation files in /Users/tomsayada/spectral_analysis_project/data/K_1_50.0_K_2_100.0_SNR_50.0_Q_0.5/simulation_6

Loading data:   0%|          | 0/25 [00:00<?, ?it/s]
Loading data:   0%|          | 0/25 [00:00<?, ?it/s]
Traceback (most recent call last):
  File "/Users/tomsayada/spectral_analysis_project/src/run_standard_fit.py", line 348, in <module>
    main()
    ~~~~^^
  File "/Users/tomsayada/spectral_analysis_project/src/run_standard_fit.py", line 189, in main
    nrs = find_noise_regions(df, lw_min, lw_max,
                             noise_window=5,
                             min_noise_separation=5,
                             max_noise_offset=80)
TypeError: find_noise_regions() got an unexpected keyword argument 'min_noise_separation'. Did you mean 'min_separation'?

2025-01-05 19:34:01,605 - ERROR - Analysis failed with return code 1
STDOUT:

Data from: /Users/tomsayada/spectral_analysis_project/data/K_1_50.0_K_2_100.0_SNR_50.0_Q_0.5/simulation_8
Output:   /Users/tomsayada/spectral_analysis_project/data/K_1_50.0_K_2_100.0_SNR_50.0_Q_0.5/analysis_results_20250105_193356/simulation_8/standard_sym_weighted_nobaseline_fit_results
Fitting lines: ['He4026', 'He4388', 'He4471']
Profile type: sym, Weighted=True, Baseline=False

Found 25 files. Building arrays now...

STDERR:
2025-01-05 19:34:01,463 - INFO - Found 25 valid observation files in /Users/tomsayada/spectral_analysis_project/data/K_1_50.0_K_2_100.0_SNR_50.0_Q_0.5/simulation_8

Loading data:   0%|          | 0/25 [00:00<?, ?it/s]
Loading data:   0%|          | 0/25 [00:00<?, ?it/s]
Traceback (most recent call last):
  File "/Users/tomsayada/spectral_analysis_project/src/run_standard_fit.py", line 348, in <module>
    main()
    ~~~~^^
  File "/Users/tomsayada/spectral_analysis_project/src/run_standard_fit.py", line 189, in main
    nrs = find_noise_regions(df, lw_min, lw_max,
                             noise_window=5,
                             min_noise_separation=5,
                             max_noise_offset=80)
TypeError: find_noise_regions() got an unexpected keyword argument 'min_noise_separation'. Did you mean 'min_separation'?

2025-01-05 19:34:02,162 - ERROR - Analysis failed with return code 1
STDOUT:

Data from: /Users/tomsayada/spectral_analysis_project/data/K_1_50.0_K_2_100.0_SNR_50.0_Q_0.5/simulation_10
Output:   /Users/tomsayada/spectral_analysis_project/data/K_1_50.0_K_2_100.0_SNR_50.0_Q_0.5/analysis_results_20250105_193356/simulation_10/standard_sym_weighted_nobaseline_fit_results
Fitting lines: ['He4026', 'He4388', 'He4471']
Profile type: sym, Weighted=True, Baseline=False

Found 25 files. Building arrays now...

STDERR:
2025-01-05 19:34:02,060 - INFO - Found 25 valid observation files in /Users/tomsayada/spectral_analysis_project/data/K_1_50.0_K_2_100.0_SNR_50.0_Q_0.5/simulation_10

Loading data:   0%|          | 0/25 [00:00<?, ?it/s]
Loading data:   0%|          | 0/25 [00:00<?, ?it/s]
Traceback (most recent call last):
  File "/Users/tomsayada/spectral_analysis_project/src/run_standard_fit.py", line 348, in <module>
    main()
    ~~~~^^
  File "/Users/tomsayada/spectral_analysis_project/src/run_standard_fit.py", line 189, in main
    nrs = find_noise_regions(df, lw_min, lw_max,
                             noise_window=5,
                             min_noise_separation=5,
                             max_noise_offset=80)
TypeError: find_noise_regions() got an unexpected keyword argument 'min_noise_separation'. Did you mean 'min_separation'?

2025-01-05 19:34:02,162 - INFO - Retrying analysis for /Users/tomsayada/spectral_analysis_project/data/K_1_50.0_K_2_100.0_SNR_50.0_Q_0.5/simulation_10 (attempt 1)
2025-01-05 19:34:02,162 - INFO - Found 25 observation files in /Users/tomsayada/spectral_analysis_project/data/K_1_50.0_K_2_100.0_SNR_50.0_Q_0.5/simulation_10
2025-01-05 19:34:02,162 - INFO - Running analysis for /Users/tomsayada/spectral_analysis_project/data/K_1_50.0_K_2_100.0_SNR_50.0_Q_0.5/simulation_10
2025-01-05 19:34:02,166 - ERROR - Analysis failed with return code 1
STDOUT:

Data from: /Users/tomsayada/spectral_analysis_project/data/K_1_50.0_K_2_100.0_SNR_50.0_Q_0.5/simulation_9
Output:   /Users/tomsayada/spectral_analysis_project/data/K_1_50.0_K_2_100.0_SNR_50.0_Q_0.5/analysis_results_20250105_193356/simulation_9/standard_sym_weighted_nobaseline_fit_results
Fitting lines: ['He4026', 'He4388', 'He4471']
Profile type: sym, Weighted=True, Baseline=False

Found 25 files. Building arrays now...

STDERR:
2025-01-05 19:34:02,061 - INFO - Found 25 valid observation files in /Users/tomsayada/spectral_analysis_project/data/K_1_50.0_K_2_100.0_SNR_50.0_Q_0.5/simulation_9

Loading data:   0%|          | 0/25 [00:00<?, ?it/s]
Loading data:   0%|          | 0/25 [00:00<?, ?it/s]
Traceback (most recent call last):
  File "/Users/tomsayada/spectral_analysis_project/src/run_standard_fit.py", line 348, in <module>
    main()
    ~~~~^^
  File "/Users/tomsayada/spectral_analysis_project/src/run_standard_fit.py", line 189, in main
    nrs = find_noise_regions(df, lw_min, lw_max,
                             noise_window=5,
                             min_noise_separation=5,
                             max_noise_offset=80)
TypeError: find_noise_regions() got an unexpected keyword argument 'min_noise_separation'. Did you mean 'min_separation'?

2025-01-05 19:34:02,166 - INFO - Retrying analysis for /Users/tomsayada/spectral_analysis_project/data/K_1_50.0_K_2_100.0_SNR_50.0_Q_0.5/simulation_9 (attempt 1)
2025-01-05 19:34:02,166 - INFO - Found 25 observation files in /Users/tomsayada/spectral_analysis_project/data/K_1_50.0_K_2_100.0_SNR_50.0_Q_0.5/simulation_9
2025-01-05 19:34:02,166 - INFO - Running analysis for /Users/tomsayada/spectral_analysis_project/data/K_1_50.0_K_2_100.0_SNR_50.0_Q_0.5/simulation_9
2025-01-05 19:34:02,732 - ERROR - Analysis failed with return code 1
STDOUT:

Data from: /Users/tomsayada/spectral_analysis_project/data/K_1_50.0_K_2_100.0_SNR_50.0_Q_0.5/simulation_9
Output:   /Users/tomsayada/spectral_analysis_project/data/K_1_50.0_K_2_100.0_SNR_50.0_Q_0.5/analysis_results_20250105_193356/simulation_9/standard_sym_weighted_nobaseline_fit_results
Fitting lines: ['He4026', 'He4388', 'He4471']
Profile type: sym, Weighted=True, Baseline=False

Found 25 files. Building arrays now...

STDERR:
2025-01-05 19:34:02,632 - INFO - Found 25 valid observation files in /Users/tomsayada/spectral_analysis_project/data/K_1_50.0_K_2_100.0_SNR_50.0_Q_0.5/simulation_9

Loading data:   0%|          | 0/25 [00:00<?, ?it/s]
Loading data:   0%|          | 0/25 [00:00<?, ?it/s]
Traceback (most recent call last):
  File "/Users/tomsayada/spectral_analysis_project/src/run_standard_fit.py", line 348, in <module>
    main()
    ~~~~^^
  File "/Users/tomsayada/spectral_analysis_project/src/run_standard_fit.py", line 189, in main
    nrs = find_noise_regions(df, lw_min, lw_max,
                             noise_window=5,
                             min_noise_separation=5,
                             max_noise_offset=80)
TypeError: find_noise_regions() got an unexpected keyword argument 'min_noise_separation'. Did you mean 'min_separation'?

2025-01-05 19:34:02,732 - INFO - Retrying analysis for /Users/tomsayada/spectral_analysis_project/data/K_1_50.0_K_2_100.0_SNR_50.0_Q_0.5/simulation_9 (attempt 2)
2025-01-05 19:34:02,732 - INFO - Found 25 observation files in /Users/tomsayada/spectral_analysis_project/data/K_1_50.0_K_2_100.0_SNR_50.0_Q_0.5/simulation_9
2025-01-05 19:34:02,732 - INFO - Running analysis for /Users/tomsayada/spectral_analysis_project/data/K_1_50.0_K_2_100.0_SNR_50.0_Q_0.5/simulation_9
2025-01-05 19:34:02,735 - ERROR - Analysis failed with return code 1
STDOUT:

Data from: /Users/tomsayada/spectral_analysis_project/data/K_1_50.0_K_2_100.0_SNR_50.0_Q_0.5/simulation_10
Output:   /Users/tomsayada/spectral_analysis_project/data/K_1_50.0_K_2_100.0_SNR_50.0_Q_0.5/analysis_results_20250105_193356/simulation_10/standard_sym_weighted_nobaseline_fit_results
Fitting lines: ['He4026', 'He4388', 'He4471']
Profile type: sym, Weighted=True, Baseline=False

Found 25 files. Building arrays now...

STDERR:
2025-01-05 19:34:02,632 - INFO - Found 25 valid observation files in /Users/tomsayada/spectral_analysis_project/data/K_1_50.0_K_2_100.0_SNR_50.0_Q_0.5/simulation_10

Loading data:   0%|          | 0/25 [00:00<?, ?it/s]
Loading data:   0%|          | 0/25 [00:00<?, ?it/s]
Traceback (most recent call last):
  File "/Users/tomsayada/spectral_analysis_project/src/run_standard_fit.py", line 348, in <module>
    main()
    ~~~~^^
  File "/Users/tomsayada/spectral_analysis_project/src/run_standard_fit.py", line 189, in main
    nrs = find_noise_regions(df, lw_min, lw_max,
                             noise_window=5,
                             min_noise_separation=5,
                             max_noise_offset=80)
TypeError: find_noise_regions() got an unexpected keyword argument 'min_noise_separation'. Did you mean 'min_separation'?

2025-01-05 19:34:02,735 - INFO - Retrying analysis for /Users/tomsayada/spectral_analysis_project/data/K_1_50.0_K_2_100.0_SNR_50.0_Q_0.5/simulation_10 (attempt 2)
2025-01-05 19:34:02,735 - INFO - Found 25 observation files in /Users/tomsayada/spectral_analysis_project/data/K_1_50.0_K_2_100.0_SNR_50.0_Q_0.5/simulation_10
2025-01-05 19:34:02,735 - INFO - Running analysis for /Users/tomsayada/spectral_analysis_project/data/K_1_50.0_K_2_100.0_SNR_50.0_Q_0.5/simulation_10
2025-01-05 19:34:03,314 - ERROR - Analysis failed with return code 1
STDOUT:

Data from: /Users/tomsayada/spectral_analysis_project/data/K_1_50.0_K_2_100.0_SNR_50.0_Q_0.5/simulation_9
Output:   /Users/tomsayada/spectral_analysis_project/data/K_1_50.0_K_2_100.0_SNR_50.0_Q_0.5/analysis_results_20250105_193356/simulation_9/standard_sym_weighted_nobaseline_fit_results
Fitting lines: ['He4026', 'He4388', 'He4471']
Profile type: sym, Weighted=True, Baseline=False

Found 25 files. Building arrays now...

STDERR:
2025-01-05 19:34:03,215 - INFO - Found 25 valid observation files in /Users/tomsayada/spectral_analysis_project/data/K_1_50.0_K_2_100.0_SNR_50.0_Q_0.5/simulation_9

Loading data:   0%|          | 0/25 [00:00<?, ?it/s]
Loading data:   0%|          | 0/25 [00:00<?, ?it/s]
Traceback (most recent call last):
  File "/Users/tomsayada/spectral_analysis_project/src/run_standard_fit.py", line 348, in <module>
    main()
    ~~~~^^
  File "/Users/tomsayada/spectral_analysis_project/src/run_standard_fit.py", line 189, in main
    nrs = find_noise_regions(df, lw_min, lw_max,
                             noise_window=5,
                             min_noise_separation=5,
                             max_noise_offset=80)
TypeError: find_noise_regions() got an unexpected keyword argument 'min_noise_separation'. Did you mean 'min_separation'?

2025-01-05 19:34:03,314 - INFO - Retrying analysis for /Users/tomsayada/spectral_analysis_project/data/K_1_50.0_K_2_100.0_SNR_50.0_Q_0.5/simulation_9 (attempt 3)
2025-01-05 19:34:03,314 - INFO - Found 25 observation files in /Users/tomsayada/spectral_analysis_project/data/K_1_50.0_K_2_100.0_SNR_50.0_Q_0.5/simulation_9
2025-01-05 19:34:03,314 - INFO - Running analysis for /Users/tomsayada/spectral_analysis_project/data/K_1_50.0_K_2_100.0_SNR_50.0_Q_0.5/simulation_9
2025-01-05 19:34:03,320 - ERROR - Analysis failed with return code 1
STDOUT:

Data from: /Users/tomsayada/spectral_analysis_project/data/K_1_50.0_K_2_100.0_SNR_50.0_Q_0.5/simulation_10
Output:   /Users/tomsayada/spectral_analysis_project/data/K_1_50.0_K_2_100.0_SNR_50.0_Q_0.5/analysis_results_20250105_193356/simulation_10/standard_sym_weighted_nobaseline_fit_results
Fitting lines: ['He4026', 'He4388', 'He4471']
Profile type: sym, Weighted=True, Baseline=False

Found 25 files. Building arrays now...

STDERR:
2025-01-05 19:34:03,215 - INFO - Found 25 valid observation files in /Users/tomsayada/spectral_analysis_project/data/K_1_50.0_K_2_100.0_SNR_50.0_Q_0.5/simulation_10

Loading data:   0%|          | 0/25 [00:00<?, ?it/s]
Loading data:   0%|          | 0/25 [00:00<?, ?it/s]
Traceback (most recent call last):
  File "/Users/tomsayada/spectral_analysis_project/src/run_standard_fit.py", line 348, in <module>
    main()
    ~~~~^^
  File "/Users/tomsayada/spectral_analysis_project/src/run_standard_fit.py", line 189, in main
    nrs = find_noise_regions(df, lw_min, lw_max,
                             noise_window=5,
                             min_noise_separation=5,
                             max_noise_offset=80)
TypeError: find_noise_regions() got an unexpected keyword argument 'min_noise_separation'. Did you mean 'min_separation'?

2025-01-05 19:34:03,320 - INFO - Retrying analysis for /Users/tomsayada/spectral_analysis_project/data/K_1_50.0_K_2_100.0_SNR_50.0_Q_0.5/simulation_10 (attempt 3)
2025-01-05 19:34:03,320 - INFO - Found 25 observation files in /Users/tomsayada/spectral_analysis_project/data/K_1_50.0_K_2_100.0_SNR_50.0_Q_0.5/simulation_10
2025-01-05 19:34:03,320 - INFO - Running analysis for /Users/tomsayada/spectral_analysis_project/data/K_1_50.0_K_2_100.0_SNR_50.0_Q_0.5/simulation_10
2025-01-05 19:34:03,884 - ERROR - Analysis failed with return code 1
STDOUT:

Data from: /Users/tomsayada/spectral_analysis_project/data/K_1_50.0_K_2_100.0_SNR_50.0_Q_0.5/simulation_10
Output:   /Users/tomsayada/spectral_analysis_project/data/K_1_50.0_K_2_100.0_SNR_50.0_Q_0.5/analysis_results_20250105_193356/simulation_10/standard_sym_weighted_nobaseline_fit_results
Fitting lines: ['He4026', 'He4388', 'He4471']
Profile type: sym, Weighted=True, Baseline=False

Found 25 files. Building arrays now...

STDERR:
2025-01-05 19:34:03,785 - INFO - Found 25 valid observation files in /Users/tomsayada/spectral_analysis_project/data/K_1_50.0_K_2_100.0_SNR_50.0_Q_0.5/simulation_10

Loading data:   0%|          | 0/25 [00:00<?, ?it/s]
Loading data:   0%|          | 0/25 [00:00<?, ?it/s]
Traceback (most recent call last):
  File "/Users/tomsayada/spectral_analysis_project/src/run_standard_fit.py", line 348, in <module>
    main()
    ~~~~^^
  File "/Users/tomsayada/spectral_analysis_project/src/run_standard_fit.py", line 189, in main
    nrs = find_noise_regions(df, lw_min, lw_max,
                             noise_window=5,
                             min_noise_separation=5,
                             max_noise_offset=80)
TypeError: find_noise_regions() got an unexpected keyword argument 'min_noise_separation'. Did you mean 'min_separation'?

2025-01-05 19:34:03,887 - ERROR - Analysis failed with return code 1
STDOUT:

Data from: /Users/tomsayada/spectral_analysis_project/data/K_1_50.0_K_2_100.0_SNR_50.0_Q_0.5/simulation_9
Output:   /Users/tomsayada/spectral_analysis_project/data/K_1_50.0_K_2_100.0_SNR_50.0_Q_0.5/analysis_results_20250105_193356/simulation_9/standard_sym_weighted_nobaseline_fit_results
Fitting lines: ['He4026', 'He4388', 'He4471']
Profile type: sym, Weighted=True, Baseline=False

Found 25 files. Building arrays now...

STDERR:
2025-01-05 19:34:03,785 - INFO - Found 25 valid observation files in /Users/tomsayada/spectral_analysis_project/data/K_1_50.0_K_2_100.0_SNR_50.0_Q_0.5/simulation_9

Loading data:   0%|          | 0/25 [00:00<?, ?it/s]
Loading data:   0%|          | 0/25 [00:00<?, ?it/s]
Traceback (most recent call last):
  File "/Users/tomsayada/spectral_analysis_project/src/run_standard_fit.py", line 348, in <module>
    main()
    ~~~~^^
  File "/Users/tomsayada/spectral_analysis_project/src/run_standard_fit.py", line 189, in main
    nrs = find_noise_regions(df, lw_min, lw_max,
                             noise_window=5,
                             min_noise_separation=5,
                             max_noise_offset=80)
TypeError: find_noise_regions() got an unexpected keyword argument 'min_noise_separation'. Did you mean 'min_separation'?

2025-01-05 19:34:03,901 - INFO - 
Analysis complete:
2025-01-05 19:34:03,901 - INFO -   Successful: 0/10
2025-01-05 19:34:03,901 - INFO -   Results saved in: /Users/tomsayada/spectral_analysis_project/data/K_1_50.0_K_2_100.0_SNR_50.0_Q_0.5/analysis_results_20250105_193356
2025-01-05 23:18:17,283 - INFO - Starting spectral analysis pipeline
2025-01-05 23:18:17,283 - INFO - Configuration: AnalysisConfig(data_folder='/Users/tomsayada/spectral_analysis_project/data/K_1_50.0_K_2_100.0_SNR_50.0_Q_0.5', use_simulated=True, profile_type='sym', fit_type='standard', fit_baseline=False, use_weighted=True, parallel_processing=True, max_workers=4, save_intermediates=True, lines_to_fit={'He4026': 1.0, 'He4388': 1.0, 'He4471': 1.0}, retry_failed=True, max_retries=3)
2025-01-05 23:18:17,283 - INFO - Found 10 simulation folder(s)
2025-01-05 23:18:17,285 - INFO - Processing 10 folder(s)
2025-01-05 23:18:17,285 - INFO - Running parallel analysis with 4 workers
2025-01-05 23:18:17,393 - INFO - Found 25 observation files in /Users/tomsayada/spectral_analysis_project/data/K_1_50.0_K_2_100.0_SNR_50.0_Q_0.5/simulation_2
2025-01-05 23:18:17,393 - INFO - Found 25 observation files in /Users/tomsayada/spectral_analysis_project/data/K_1_50.0_K_2_100.0_SNR_50.0_Q_0.5/simulation_1
2025-01-05 23:18:17,393 - INFO - Found 25 observation files in /Users/tomsayada/spectral_analysis_project/data/K_1_50.0_K_2_100.0_SNR_50.0_Q_0.5/simulation_3
2025-01-05 23:18:17,393 - INFO - Running analysis for /Users/tomsayada/spectral_analysis_project/data/K_1_50.0_K_2_100.0_SNR_50.0_Q_0.5/simulation_2
2025-01-05 23:18:17,393 - INFO - Running analysis for /Users/tomsayada/spectral_analysis_project/data/K_1_50.0_K_2_100.0_SNR_50.0_Q_0.5/simulation_1
2025-01-05 23:18:17,393 - INFO - Running analysis for /Users/tomsayada/spectral_analysis_project/data/K_1_50.0_K_2_100.0_SNR_50.0_Q_0.5/simulation_3
2025-01-05 23:18:17,393 - INFO - Found 25 observation files in /Users/tomsayada/spectral_analysis_project/data/K_1_50.0_K_2_100.0_SNR_50.0_Q_0.5/simulation_4
2025-01-05 23:18:17,393 - INFO - Running analysis for /Users/tomsayada/spectral_analysis_project/data/K_1_50.0_K_2_100.0_SNR_50.0_Q_0.5/simulation_4
2025-01-05 23:18:18,428 - ERROR - Analysis failed with return code 1
STDOUT:

Data from: /Users/tomsayada/spectral_analysis_project/data/K_1_50.0_K_2_100.0_SNR_50.0_Q_0.5/simulation_3
Output:   /Users/tomsayada/spectral_analysis_project/data/K_1_50.0_K_2_100.0_SNR_50.0_Q_0.5/analysis_results_20250105_231817/simulation_3/standard_sym_weighted_nobaseline_fit_results
Fitting lines: ['He4026', 'He4388', 'He4471']
Profile type: sym, Weighted=True, Baseline=False

Found 25 files. Building arrays now...

STDERR:
2025-01-05 23:18:18,287 - INFO - Found 25 valid observation files in /Users/tomsayada/spectral_analysis_project/data/K_1_50.0_K_2_100.0_SNR_50.0_Q_0.5/simulation_3

Loading data:   0%|          | 0/25 [00:00<?, ?it/s]
Loading data:   0%|          | 0/25 [00:00<?, ?it/s]
Traceback (most recent call last):
  File "/Users/tomsayada/spectral_analysis_project/src/run_standard_fit.py", line 348, in <module>
    main()
    ~~~~^^
  File "/Users/tomsayada/spectral_analysis_project/src/run_standard_fit.py", line 189, in main
    nrs = find_noise_regions(df, lw_min, lw_max,
                             noise_window=5,
                             min_noise_separation=5,
                             max_noise_offset=80)
TypeError: find_noise_regions() got an unexpected keyword argument 'min_noise_separation'. Did you mean 'min_separation'?

2025-01-05 23:18:18,428 - ERROR - Analysis failed with return code 1
STDOUT:

Data from: /Users/tomsayada/spectral_analysis_project/data/K_1_50.0_K_2_100.0_SNR_50.0_Q_0.5/simulation_2
Output:   /Users/tomsayada/spectral_analysis_project/data/K_1_50.0_K_2_100.0_SNR_50.0_Q_0.5/analysis_results_20250105_231817/simulation_2/standard_sym_weighted_nobaseline_fit_results
Fitting lines: ['He4026', 'He4388', 'He4471']
Profile type: sym, Weighted=True, Baseline=False

Found 25 files. Building arrays now...

STDERR:
2025-01-05 23:18:18,287 - INFO - Found 25 valid observation files in /Users/tomsayada/spectral_analysis_project/data/K_1_50.0_K_2_100.0_SNR_50.0_Q_0.5/simulation_2

Loading data:   0%|          | 0/25 [00:00<?, ?it/s]
Loading data:   0%|          | 0/25 [00:00<?, ?it/s]
Traceback (most recent call last):
  File "/Users/tomsayada/spectral_analysis_project/src/run_standard_fit.py", line 348, in <module>
    main()
    ~~~~^^
  File "/Users/tomsayada/spectral_analysis_project/src/run_standard_fit.py", line 189, in main
    nrs = find_noise_regions(df, lw_min, lw_max,
                             noise_window=5,
                             min_noise_separation=5,
                             max_noise_offset=80)
TypeError: find_noise_regions() got an unexpected keyword argument 'min_noise_separation'. Did you mean 'min_separation'?

2025-01-05 23:18:18,428 - INFO - Retrying analysis for /Users/tomsayada/spectral_analysis_project/data/K_1_50.0_K_2_100.0_SNR_50.0_Q_0.5/simulation_3 (attempt 1)
2025-01-05 23:18:18,428 - INFO - Retrying analysis for /Users/tomsayada/spectral_analysis_project/data/K_1_50.0_K_2_100.0_SNR_50.0_Q_0.5/simulation_2 (attempt 1)
2025-01-05 23:18:18,428 - INFO - Found 25 observation files in /Users/tomsayada/spectral_analysis_project/data/K_1_50.0_K_2_100.0_SNR_50.0_Q_0.5/simulation_2
2025-01-05 23:18:18,428 - INFO - Found 25 observation files in /Users/tomsayada/spectral_analysis_project/data/K_1_50.0_K_2_100.0_SNR_50.0_Q_0.5/simulation_3
2025-01-05 23:18:18,428 - INFO - Running analysis for /Users/tomsayada/spectral_analysis_project/data/K_1_50.0_K_2_100.0_SNR_50.0_Q_0.5/simulation_2
2025-01-05 23:18:18,428 - INFO - Running analysis for /Users/tomsayada/spectral_analysis_project/data/K_1_50.0_K_2_100.0_SNR_50.0_Q_0.5/simulation_3
2025-01-05 23:18:18,430 - ERROR - Analysis failed with return code 1
STDOUT:

Data from: /Users/tomsayada/spectral_analysis_project/data/K_1_50.0_K_2_100.0_SNR_50.0_Q_0.5/simulation_1
Output:   /Users/tomsayada/spectral_analysis_project/data/K_1_50.0_K_2_100.0_SNR_50.0_Q_0.5/analysis_results_20250105_231817/simulation_1/standard_sym_weighted_nobaseline_fit_results
Fitting lines: ['He4026', 'He4388', 'He4471']
Profile type: sym, Weighted=True, Baseline=False

Found 25 files. Building arrays now...

STDERR:
2025-01-05 23:18:18,287 - INFO - Found 25 valid observation files in /Users/tomsayada/spectral_analysis_project/data/K_1_50.0_K_2_100.0_SNR_50.0_Q_0.5/simulation_1

Loading data:   0%|          | 0/25 [00:00<?, ?it/s]
Loading data:   0%|          | 0/25 [00:00<?, ?it/s]
Traceback (most recent call last):
  File "/Users/tomsayada/spectral_analysis_project/src/run_standard_fit.py", line 348, in <module>
    main()
    ~~~~^^
  File "/Users/tomsayada/spectral_analysis_project/src/run_standard_fit.py", line 189, in main
    nrs = find_noise_regions(df, lw_min, lw_max,
                             noise_window=5,
                             min_noise_separation=5,
                             max_noise_offset=80)
TypeError: find_noise_regions() got an unexpected keyword argument 'min_noise_separation'. Did you mean 'min_separation'?

2025-01-05 23:18:18,431 - INFO - Retrying analysis for /Users/tomsayada/spectral_analysis_project/data/K_1_50.0_K_2_100.0_SNR_50.0_Q_0.5/simulation_1 (attempt 1)
2025-01-05 23:18:18,431 - INFO - Found 25 observation files in /Users/tomsayada/spectral_analysis_project/data/K_1_50.0_K_2_100.0_SNR_50.0_Q_0.5/simulation_1
2025-01-05 23:18:18,431 - INFO - Running analysis for /Users/tomsayada/spectral_analysis_project/data/K_1_50.0_K_2_100.0_SNR_50.0_Q_0.5/simulation_1
2025-01-05 23:18:18,434 - ERROR - Analysis failed with return code 1
STDOUT:

Data from: /Users/tomsayada/spectral_analysis_project/data/K_1_50.0_K_2_100.0_SNR_50.0_Q_0.5/simulation_4
Output:   /Users/tomsayada/spectral_analysis_project/data/K_1_50.0_K_2_100.0_SNR_50.0_Q_0.5/analysis_results_20250105_231817/simulation_4/standard_sym_weighted_nobaseline_fit_results
Fitting lines: ['He4026', 'He4388', 'He4471']
Profile type: sym, Weighted=True, Baseline=False

Found 25 files. Building arrays now...

STDERR:
2025-01-05 23:18:18,287 - INFO - Found 25 valid observation files in /Users/tomsayada/spectral_analysis_project/data/K_1_50.0_K_2_100.0_SNR_50.0_Q_0.5/simulation_4

Loading data:   0%|          | 0/25 [00:00<?, ?it/s]
Loading data:   0%|          | 0/25 [00:00<?, ?it/s]
Traceback (most recent call last):
  File "/Users/tomsayada/spectral_analysis_project/src/run_standard_fit.py", line 348, in <module>
    main()
    ~~~~^^
  File "/Users/tomsayada/spectral_analysis_project/src/run_standard_fit.py", line 189, in main
    nrs = find_noise_regions(df, lw_min, lw_max,
                             noise_window=5,
                             min_noise_separation=5,
                             max_noise_offset=80)
TypeError: find_noise_regions() got an unexpected keyword argument 'min_noise_separation'. Did you mean 'min_separation'?

2025-01-05 23:18:18,434 - INFO - Retrying analysis for /Users/tomsayada/spectral_analysis_project/data/K_1_50.0_K_2_100.0_SNR_50.0_Q_0.5/simulation_4 (attempt 1)
2025-01-05 23:18:18,434 - INFO - Found 25 observation files in /Users/tomsayada/spectral_analysis_project/data/K_1_50.0_K_2_100.0_SNR_50.0_Q_0.5/simulation_4
2025-01-05 23:18:18,434 - INFO - Running analysis for /Users/tomsayada/spectral_analysis_project/data/K_1_50.0_K_2_100.0_SNR_50.0_Q_0.5/simulation_4
2025-01-05 23:18:19,047 - ERROR - Analysis failed with return code 1
STDOUT:

Data from: /Users/tomsayada/spectral_analysis_project/data/K_1_50.0_K_2_100.0_SNR_50.0_Q_0.5/simulation_1
Output:   /Users/tomsayada/spectral_analysis_project/data/K_1_50.0_K_2_100.0_SNR_50.0_Q_0.5/analysis_results_20250105_231817/simulation_1/standard_sym_weighted_nobaseline_fit_results
Fitting lines: ['He4026', 'He4388', 'He4471']
Profile type: sym, Weighted=True, Baseline=False

Found 25 files. Building arrays now...

STDERR:
2025-01-05 23:18:18,928 - INFO - Found 25 valid observation files in /Users/tomsayada/spectral_analysis_project/data/K_1_50.0_K_2_100.0_SNR_50.0_Q_0.5/simulation_1

Loading data:   0%|          | 0/25 [00:00<?, ?it/s]
Loading data:   0%|          | 0/25 [00:00<?, ?it/s]
Traceback (most recent call last):
  File "/Users/tomsayada/spectral_analysis_project/src/run_standard_fit.py", line 348, in <module>
    main()
    ~~~~^^
  File "/Users/tomsayada/spectral_analysis_project/src/run_standard_fit.py", line 189, in main
    nrs = find_noise_regions(df, lw_min, lw_max,
                             noise_window=5,
                             min_noise_separation=5,
                             max_noise_offset=80)
TypeError: find_noise_regions() got an unexpected keyword argument 'min_noise_separation'. Did you mean 'min_separation'?

2025-01-05 23:18:19,047 - INFO - Retrying analysis for /Users/tomsayada/spectral_analysis_project/data/K_1_50.0_K_2_100.0_SNR_50.0_Q_0.5/simulation_1 (attempt 2)
2025-01-05 23:18:19,047 - INFO - Found 25 observation files in /Users/tomsayada/spectral_analysis_project/data/K_1_50.0_K_2_100.0_SNR_50.0_Q_0.5/simulation_1
2025-01-05 23:18:19,047 - INFO - Running analysis for /Users/tomsayada/spectral_analysis_project/data/K_1_50.0_K_2_100.0_SNR_50.0_Q_0.5/simulation_1
2025-01-05 23:18:19,062 - ERROR - Analysis failed with return code 1
STDOUT:

Data from: /Users/tomsayada/spectral_analysis_project/data/K_1_50.0_K_2_100.0_SNR_50.0_Q_0.5/simulation_4
Output:   /Users/tomsayada/spectral_analysis_project/data/K_1_50.0_K_2_100.0_SNR_50.0_Q_0.5/analysis_results_20250105_231817/simulation_4/standard_sym_weighted_nobaseline_fit_results
Fitting lines: ['He4026', 'He4388', 'He4471']
Profile type: sym, Weighted=True, Baseline=False

Found 25 files. Building arrays now...

STDERR:
2025-01-05 23:18:18,928 - INFO - Found 25 valid observation files in /Users/tomsayada/spectral_analysis_project/data/K_1_50.0_K_2_100.0_SNR_50.0_Q_0.5/simulation_4

Loading data:   0%|          | 0/25 [00:00<?, ?it/s]
Loading data:   0%|          | 0/25 [00:00<?, ?it/s]
Traceback (most recent call last):
  File "/Users/tomsayada/spectral_analysis_project/src/run_standard_fit.py", line 348, in <module>
    main()
    ~~~~^^
  File "/Users/tomsayada/spectral_analysis_project/src/run_standard_fit.py", line 189, in main
    nrs = find_noise_regions(df, lw_min, lw_max,
                             noise_window=5,
                             min_noise_separation=5,
                             max_noise_offset=80)
TypeError: find_noise_regions() got an unexpected keyword argument 'min_noise_separation'. Did you mean 'min_separation'?

2025-01-05 23:18:19,062 - INFO - Retrying analysis for /Users/tomsayada/spectral_analysis_project/data/K_1_50.0_K_2_100.0_SNR_50.0_Q_0.5/simulation_4 (attempt 2)
2025-01-05 23:18:19,062 - ERROR - Analysis failed with return code 1
STDOUT:

Data from: /Users/tomsayada/spectral_analysis_project/data/K_1_50.0_K_2_100.0_SNR_50.0_Q_0.5/simulation_2
Output:   /Users/tomsayada/spectral_analysis_project/data/K_1_50.0_K_2_100.0_SNR_50.0_Q_0.5/analysis_results_20250105_231817/simulation_2/standard_sym_weighted_nobaseline_fit_results
Fitting lines: ['He4026', 'He4388', 'He4471']
Profile type: sym, Weighted=True, Baseline=False

Found 25 files. Building arrays now...

STDERR:
2025-01-05 23:18:18,928 - INFO - Found 25 valid observation files in /Users/tomsayada/spectral_analysis_project/data/K_1_50.0_K_2_100.0_SNR_50.0_Q_0.5/simulation_2

Loading data:   0%|          | 0/25 [00:00<?, ?it/s]
Loading data:   0%|          | 0/25 [00:00<?, ?it/s]
Traceback (most recent call last):
  File "/Users/tomsayada/spectral_analysis_project/src/run_standard_fit.py", line 348, in <module>
    main()
    ~~~~^^
  File "/Users/tomsayada/spectral_analysis_project/src/run_standard_fit.py", line 189, in main
    nrs = find_noise_regions(df, lw_min, lw_max,
                             noise_window=5,
                             min_noise_separation=5,
                             max_noise_offset=80)
TypeError: find_noise_regions() got an unexpected keyword argument 'min_noise_separation'. Did you mean 'min_separation'?

2025-01-05 23:18:19,062 - INFO - Found 25 observation files in /Users/tomsayada/spectral_analysis_project/data/K_1_50.0_K_2_100.0_SNR_50.0_Q_0.5/simulation_4
2025-01-05 23:18:19,062 - INFO - Retrying analysis for /Users/tomsayada/spectral_analysis_project/data/K_1_50.0_K_2_100.0_SNR_50.0_Q_0.5/simulation_2 (attempt 2)
2025-01-05 23:18:19,062 - INFO - Running analysis for /Users/tomsayada/spectral_analysis_project/data/K_1_50.0_K_2_100.0_SNR_50.0_Q_0.5/simulation_4
2025-01-05 23:18:19,063 - INFO - Found 25 observation files in /Users/tomsayada/spectral_analysis_project/data/K_1_50.0_K_2_100.0_SNR_50.0_Q_0.5/simulation_2
2025-01-05 23:18:19,063 - INFO - Running analysis for /Users/tomsayada/spectral_analysis_project/data/K_1_50.0_K_2_100.0_SNR_50.0_Q_0.5/simulation_2
2025-01-05 23:18:19,067 - ERROR - Analysis failed with return code 1
STDOUT:

Data from: /Users/tomsayada/spectral_analysis_project/data/K_1_50.0_K_2_100.0_SNR_50.0_Q_0.5/simulation_3
Output:   /Users/tomsayada/spectral_analysis_project/data/K_1_50.0_K_2_100.0_SNR_50.0_Q_0.5/analysis_results_20250105_231817/simulation_3/standard_sym_weighted_nobaseline_fit_results
Fitting lines: ['He4026', 'He4388', 'He4471']
Profile type: sym, Weighted=True, Baseline=False

Found 25 files. Building arrays now...

STDERR:
2025-01-05 23:18:18,928 - INFO - Found 25 valid observation files in /Users/tomsayada/spectral_analysis_project/data/K_1_50.0_K_2_100.0_SNR_50.0_Q_0.5/simulation_3

Loading data:   0%|          | 0/25 [00:00<?, ?it/s]
Loading data:   0%|          | 0/25 [00:00<?, ?it/s]
Traceback (most recent call last):
  File "/Users/tomsayada/spectral_analysis_project/src/run_standard_fit.py", line 348, in <module>
    main()
    ~~~~^^
  File "/Users/tomsayada/spectral_analysis_project/src/run_standard_fit.py", line 189, in main
    nrs = find_noise_regions(df, lw_min, lw_max,
                             noise_window=5,
                             min_noise_separation=5,
                             max_noise_offset=80)
TypeError: find_noise_regions() got an unexpected keyword argument 'min_noise_separation'. Did you mean 'min_separation'?

2025-01-05 23:18:19,067 - INFO - Retrying analysis for /Users/tomsayada/spectral_analysis_project/data/K_1_50.0_K_2_100.0_SNR_50.0_Q_0.5/simulation_3 (attempt 2)
2025-01-05 23:18:19,067 - INFO - Found 25 observation files in /Users/tomsayada/spectral_analysis_project/data/K_1_50.0_K_2_100.0_SNR_50.0_Q_0.5/simulation_3
2025-01-05 23:18:19,067 - INFO - Running analysis for /Users/tomsayada/spectral_analysis_project/data/K_1_50.0_K_2_100.0_SNR_50.0_Q_0.5/simulation_3
2025-01-05 23:18:19,670 - ERROR - Analysis failed with return code 1
STDOUT:

Data from: /Users/tomsayada/spectral_analysis_project/data/K_1_50.0_K_2_100.0_SNR_50.0_Q_0.5/simulation_2
Output:   /Users/tomsayada/spectral_analysis_project/data/K_1_50.0_K_2_100.0_SNR_50.0_Q_0.5/analysis_results_20250105_231817/simulation_2/standard_sym_weighted_nobaseline_fit_results
Fitting lines: ['He4026', 'He4388', 'He4471']
Profile type: sym, Weighted=True, Baseline=False

Found 25 files. Building arrays now...

STDERR:
2025-01-05 23:18:19,542 - INFO - Found 25 valid observation files in /Users/tomsayada/spectral_analysis_project/data/K_1_50.0_K_2_100.0_SNR_50.0_Q_0.5/simulation_2

Loading data:   0%|          | 0/25 [00:00<?, ?it/s]
Loading data:   0%|          | 0/25 [00:00<?, ?it/s]
Traceback (most recent call last):
  File "/Users/tomsayada/spectral_analysis_project/src/run_standard_fit.py", line 348, in <module>
    main()
    ~~~~^^
  File "/Users/tomsayada/spectral_analysis_project/src/run_standard_fit.py", line 189, in main
    nrs = find_noise_regions(df, lw_min, lw_max,
                             noise_window=5,
                             min_noise_separation=5,
                             max_noise_offset=80)
TypeError: find_noise_regions() got an unexpected keyword argument 'min_noise_separation'. Did you mean 'min_separation'?

2025-01-05 23:18:19,671 - INFO - Retrying analysis for /Users/tomsayada/spectral_analysis_project/data/K_1_50.0_K_2_100.0_SNR_50.0_Q_0.5/simulation_2 (attempt 3)
2025-01-05 23:18:19,671 - INFO - Found 25 observation files in /Users/tomsayada/spectral_analysis_project/data/K_1_50.0_K_2_100.0_SNR_50.0_Q_0.5/simulation_2
2025-01-05 23:18:19,671 - INFO - Running analysis for /Users/tomsayada/spectral_analysis_project/data/K_1_50.0_K_2_100.0_SNR_50.0_Q_0.5/simulation_2
2025-01-05 23:18:19,676 - ERROR - Analysis failed with return code 1
STDOUT:

Data from: /Users/tomsayada/spectral_analysis_project/data/K_1_50.0_K_2_100.0_SNR_50.0_Q_0.5/simulation_3
Output:   /Users/tomsayada/spectral_analysis_project/data/K_1_50.0_K_2_100.0_SNR_50.0_Q_0.5/analysis_results_20250105_231817/simulation_3/standard_sym_weighted_nobaseline_fit_results
Fitting lines: ['He4026', 'He4388', 'He4471']
Profile type: sym, Weighted=True, Baseline=False

Found 25 files. Building arrays now...

STDERR:
2025-01-05 23:18:19,542 - INFO - Found 25 valid observation files in /Users/tomsayada/spectral_analysis_project/data/K_1_50.0_K_2_100.0_SNR_50.0_Q_0.5/simulation_3

Loading data:   0%|          | 0/25 [00:00<?, ?it/s]
Loading data:   0%|          | 0/25 [00:00<?, ?it/s]
Traceback (most recent call last):
  File "/Users/tomsayada/spectral_analysis_project/src/run_standard_fit.py", line 348, in <module>
    main()
    ~~~~^^
  File "/Users/tomsayada/spectral_analysis_project/src/run_standard_fit.py", line 189, in main
    nrs = find_noise_regions(df, lw_min, lw_max,
                             noise_window=5,
                             min_noise_separation=5,
                             max_noise_offset=80)
TypeError: find_noise_regions() got an unexpected keyword argument 'min_noise_separation'. Did you mean 'min_separation'?

2025-01-05 23:18:19,677 - INFO - Retrying analysis for /Users/tomsayada/spectral_analysis_project/data/K_1_50.0_K_2_100.0_SNR_50.0_Q_0.5/simulation_3 (attempt 3)
2025-01-05 23:18:19,677 - INFO - Found 25 observation files in /Users/tomsayada/spectral_analysis_project/data/K_1_50.0_K_2_100.0_SNR_50.0_Q_0.5/simulation_3
2025-01-05 23:18:19,677 - INFO - Running analysis for /Users/tomsayada/spectral_analysis_project/data/K_1_50.0_K_2_100.0_SNR_50.0_Q_0.5/simulation_3
2025-01-05 23:18:19,678 - ERROR - Analysis failed with return code 1
STDOUT:

Data from: /Users/tomsayada/spectral_analysis_project/data/K_1_50.0_K_2_100.0_SNR_50.0_Q_0.5/simulation_1
Output:   /Users/tomsayada/spectral_analysis_project/data/K_1_50.0_K_2_100.0_SNR_50.0_Q_0.5/analysis_results_20250105_231817/simulation_1/standard_sym_weighted_nobaseline_fit_results
Fitting lines: ['He4026', 'He4388', 'He4471']
Profile type: sym, Weighted=True, Baseline=False

Found 25 files. Building arrays now...

STDERR:
2025-01-05 23:18:19,542 - INFO - Found 25 valid observation files in /Users/tomsayada/spectral_analysis_project/data/K_1_50.0_K_2_100.0_SNR_50.0_Q_0.5/simulation_1

Loading data:   0%|          | 0/25 [00:00<?, ?it/s]
Loading data:   0%|          | 0/25 [00:00<?, ?it/s]
Traceback (most recent call last):
  File "/Users/tomsayada/spectral_analysis_project/src/run_standard_fit.py", line 348, in <module>
    main()
    ~~~~^^
  File "/Users/tomsayada/spectral_analysis_project/src/run_standard_fit.py", line 189, in main
    nrs = find_noise_regions(df, lw_min, lw_max,
                             noise_window=5,
                             min_noise_separation=5,
                             max_noise_offset=80)
TypeError: find_noise_regions() got an unexpected keyword argument 'min_noise_separation'. Did you mean 'min_separation'?

2025-01-05 23:18:19,678 - INFO - Retrying analysis for /Users/tomsayada/spectral_analysis_project/data/K_1_50.0_K_2_100.0_SNR_50.0_Q_0.5/simulation_1 (attempt 3)
2025-01-05 23:18:19,678 - INFO - Found 25 observation files in /Users/tomsayada/spectral_analysis_project/data/K_1_50.0_K_2_100.0_SNR_50.0_Q_0.5/simulation_1
2025-01-05 23:18:19,678 - INFO - Running analysis for /Users/tomsayada/spectral_analysis_project/data/K_1_50.0_K_2_100.0_SNR_50.0_Q_0.5/simulation_1
2025-01-05 23:18:19,686 - ERROR - Analysis failed with return code 1
STDOUT:

Data from: /Users/tomsayada/spectral_analysis_project/data/K_1_50.0_K_2_100.0_SNR_50.0_Q_0.5/simulation_4
Output:   /Users/tomsayada/spectral_analysis_project/data/K_1_50.0_K_2_100.0_SNR_50.0_Q_0.5/analysis_results_20250105_231817/simulation_4/standard_sym_weighted_nobaseline_fit_results
Fitting lines: ['He4026', 'He4388', 'He4471']
Profile type: sym, Weighted=True, Baseline=False

Found 25 files. Building arrays now...

STDERR:
2025-01-05 23:18:19,543 - INFO - Found 25 valid observation files in /Users/tomsayada/spectral_analysis_project/data/K_1_50.0_K_2_100.0_SNR_50.0_Q_0.5/simulation_4

Loading data:   0%|          | 0/25 [00:00<?, ?it/s]
Loading data:   0%|          | 0/25 [00:00<?, ?it/s]
Traceback (most recent call last):
  File "/Users/tomsayada/spectral_analysis_project/src/run_standard_fit.py", line 348, in <module>
    main()
    ~~~~^^
  File "/Users/tomsayada/spectral_analysis_project/src/run_standard_fit.py", line 189, in main
    nrs = find_noise_regions(df, lw_min, lw_max,
                             noise_window=5,
                             min_noise_separation=5,
                             max_noise_offset=80)
TypeError: find_noise_regions() got an unexpected keyword argument 'min_noise_separation'. Did you mean 'min_separation'?

2025-01-05 23:18:19,686 - INFO - Retrying analysis for /Users/tomsayada/spectral_analysis_project/data/K_1_50.0_K_2_100.0_SNR_50.0_Q_0.5/simulation_4 (attempt 3)
2025-01-05 23:18:19,686 - INFO - Found 25 observation files in /Users/tomsayada/spectral_analysis_project/data/K_1_50.0_K_2_100.0_SNR_50.0_Q_0.5/simulation_4
2025-01-05 23:18:19,686 - INFO - Running analysis for /Users/tomsayada/spectral_analysis_project/data/K_1_50.0_K_2_100.0_SNR_50.0_Q_0.5/simulation_4
2025-01-05 23:18:20,291 - ERROR - Analysis failed with return code 1
STDOUT:

Data from: /Users/tomsayada/spectral_analysis_project/data/K_1_50.0_K_2_100.0_SNR_50.0_Q_0.5/simulation_4
Output:   /Users/tomsayada/spectral_analysis_project/data/K_1_50.0_K_2_100.0_SNR_50.0_Q_0.5/analysis_results_20250105_231817/simulation_4/standard_sym_weighted_nobaseline_fit_results
Fitting lines: ['He4026', 'He4388', 'He4471']
Profile type: sym, Weighted=True, Baseline=False

Found 25 files. Building arrays now...

STDERR:
2025-01-05 23:18:20,165 - INFO - Found 25 valid observation files in /Users/tomsayada/spectral_analysis_project/data/K_1_50.0_K_2_100.0_SNR_50.0_Q_0.5/simulation_4

Loading data:   0%|          | 0/25 [00:00<?, ?it/s]
Loading data:   0%|          | 0/25 [00:00<?, ?it/s]
Traceback (most recent call last):
  File "/Users/tomsayada/spectral_analysis_project/src/run_standard_fit.py", line 348, in <module>
    main()
    ~~~~^^
  File "/Users/tomsayada/spectral_analysis_project/src/run_standard_fit.py", line 189, in main
    nrs = find_noise_regions(df, lw_min, lw_max,
                             noise_window=5,
                             min_noise_separation=5,
                             max_noise_offset=80)
TypeError: find_noise_regions() got an unexpected keyword argument 'min_noise_separation'. Did you mean 'min_separation'?

2025-01-05 23:18:20,292 - INFO - Found 25 observation files in /Users/tomsayada/spectral_analysis_project/data/K_1_50.0_K_2_100.0_SNR_50.0_Q_0.5/simulation_5
2025-01-05 23:18:20,292 - INFO - Running analysis for /Users/tomsayada/spectral_analysis_project/data/K_1_50.0_K_2_100.0_SNR_50.0_Q_0.5/simulation_5
2025-01-05 23:18:20,293 - ERROR - Analysis failed with return code 1
STDOUT:

Data from: /Users/tomsayada/spectral_analysis_project/data/K_1_50.0_K_2_100.0_SNR_50.0_Q_0.5/simulation_3
Output:   /Users/tomsayada/spectral_analysis_project/data/K_1_50.0_K_2_100.0_SNR_50.0_Q_0.5/analysis_results_20250105_231817/simulation_3/standard_sym_weighted_nobaseline_fit_results
Fitting lines: ['He4026', 'He4388', 'He4471']
Profile type: sym, Weighted=True, Baseline=False

Found 25 files. Building arrays now...

STDERR:
2025-01-05 23:18:20,164 - INFO - Found 25 valid observation files in /Users/tomsayada/spectral_analysis_project/data/K_1_50.0_K_2_100.0_SNR_50.0_Q_0.5/simulation_3

Loading data:   0%|          | 0/25 [00:00<?, ?it/s]
Loading data:   0%|          | 0/25 [00:00<?, ?it/s]
Traceback (most recent call last):
  File "/Users/tomsayada/spectral_analysis_project/src/run_standard_fit.py", line 348, in <module>
    main()
    ~~~~^^
  File "/Users/tomsayada/spectral_analysis_project/src/run_standard_fit.py", line 189, in main
    nrs = find_noise_regions(df, lw_min, lw_max,
                             noise_window=5,
                             min_noise_separation=5,
                             max_noise_offset=80)
TypeError: find_noise_regions() got an unexpected keyword argument 'min_noise_separation'. Did you mean 'min_separation'?

2025-01-05 23:18:20,293 - ERROR - Analysis failed with return code 1
STDOUT:

Data from: /Users/tomsayada/spectral_analysis_project/data/K_1_50.0_K_2_100.0_SNR_50.0_Q_0.5/simulation_1
Output:   /Users/tomsayada/spectral_analysis_project/data/K_1_50.0_K_2_100.0_SNR_50.0_Q_0.5/analysis_results_20250105_231817/simulation_1/standard_sym_weighted_nobaseline_fit_results
Fitting lines: ['He4026', 'He4388', 'He4471']
Profile type: sym, Weighted=True, Baseline=False

Found 25 files. Building arrays now...

STDERR:
2025-01-05 23:18:20,164 - INFO - Found 25 valid observation files in /Users/tomsayada/spectral_analysis_project/data/K_1_50.0_K_2_100.0_SNR_50.0_Q_0.5/simulation_1

Loading data:   0%|          | 0/25 [00:00<?, ?it/s]
Loading data:   0%|          | 0/25 [00:00<?, ?it/s]
Traceback (most recent call last):
  File "/Users/tomsayada/spectral_analysis_project/src/run_standard_fit.py", line 348, in <module>
    main()
    ~~~~^^
  File "/Users/tomsayada/spectral_analysis_project/src/run_standard_fit.py", line 189, in main
    nrs = find_noise_regions(df, lw_min, lw_max,
                             noise_window=5,
                             min_noise_separation=5,
                             max_noise_offset=80)
TypeError: find_noise_regions() got an unexpected keyword argument 'min_noise_separation'. Did you mean 'min_separation'?

2025-01-05 23:18:20,293 - INFO - Found 25 observation files in /Users/tomsayada/spectral_analysis_project/data/K_1_50.0_K_2_100.0_SNR_50.0_Q_0.5/simulation_6
2025-01-05 23:18:20,293 - INFO - Running analysis for /Users/tomsayada/spectral_analysis_project/data/K_1_50.0_K_2_100.0_SNR_50.0_Q_0.5/simulation_6
2025-01-05 23:18:20,294 - INFO - Found 25 observation files in /Users/tomsayada/spectral_analysis_project/data/K_1_50.0_K_2_100.0_SNR_50.0_Q_0.5/simulation_7
2025-01-05 23:18:20,294 - INFO - Running analysis for /Users/tomsayada/spectral_analysis_project/data/K_1_50.0_K_2_100.0_SNR_50.0_Q_0.5/simulation_7
2025-01-05 23:18:20,295 - ERROR - Analysis failed with return code 1
STDOUT:

Data from: /Users/tomsayada/spectral_analysis_project/data/K_1_50.0_K_2_100.0_SNR_50.0_Q_0.5/simulation_2
Output:   /Users/tomsayada/spectral_analysis_project/data/K_1_50.0_K_2_100.0_SNR_50.0_Q_0.5/analysis_results_20250105_231817/simulation_2/standard_sym_weighted_nobaseline_fit_results
Fitting lines: ['He4026', 'He4388', 'He4471']
Profile type: sym, Weighted=True, Baseline=False

Found 25 files. Building arrays now...

STDERR:
2025-01-05 23:18:20,164 - INFO - Found 25 valid observation files in /Users/tomsayada/spectral_analysis_project/data/K_1_50.0_K_2_100.0_SNR_50.0_Q_0.5/simulation_2

Loading data:   0%|          | 0/25 [00:00<?, ?it/s]
Loading data:   0%|          | 0/25 [00:00<?, ?it/s]
Traceback (most recent call last):
  File "/Users/tomsayada/spectral_analysis_project/src/run_standard_fit.py", line 348, in <module>
    main()
    ~~~~^^
  File "/Users/tomsayada/spectral_analysis_project/src/run_standard_fit.py", line 189, in main
    nrs = find_noise_regions(df, lw_min, lw_max,
                             noise_window=5,
                             min_noise_separation=5,
                             max_noise_offset=80)
TypeError: find_noise_regions() got an unexpected keyword argument 'min_noise_separation'. Did you mean 'min_separation'?

2025-01-05 23:18:20,296 - INFO - Found 25 observation files in /Users/tomsayada/spectral_analysis_project/data/K_1_50.0_K_2_100.0_SNR_50.0_Q_0.5/simulation_8
2025-01-05 23:18:20,296 - INFO - Running analysis for /Users/tomsayada/spectral_analysis_project/data/K_1_50.0_K_2_100.0_SNR_50.0_Q_0.5/simulation_8
2025-01-05 23:18:20,913 - ERROR - Analysis failed with return code 1
STDOUT:

Data from: /Users/tomsayada/spectral_analysis_project/data/K_1_50.0_K_2_100.0_SNR_50.0_Q_0.5/simulation_7
Output:   /Users/tomsayada/spectral_analysis_project/data/K_1_50.0_K_2_100.0_SNR_50.0_Q_0.5/analysis_results_20250105_231817/simulation_7/standard_sym_weighted_nobaseline_fit_results
Fitting lines: ['He4026', 'He4388', 'He4471']
Profile type: sym, Weighted=True, Baseline=False

Found 25 files. Building arrays now...

STDERR:
2025-01-05 23:18:20,779 - INFO - Found 25 valid observation files in /Users/tomsayada/spectral_analysis_project/data/K_1_50.0_K_2_100.0_SNR_50.0_Q_0.5/simulation_7

Loading data:   0%|          | 0/25 [00:00<?, ?it/s]
Loading data:   0%|          | 0/25 [00:00<?, ?it/s]
Traceback (most recent call last):
  File "/Users/tomsayada/spectral_analysis_project/src/run_standard_fit.py", line 348, in <module>
    main()
    ~~~~^^
  File "/Users/tomsayada/spectral_analysis_project/src/run_standard_fit.py", line 189, in main
    nrs = find_noise_regions(df, lw_min, lw_max,
                             noise_window=5,
                             min_noise_separation=5,
                             max_noise_offset=80)
TypeError: find_noise_regions() got an unexpected keyword argument 'min_noise_separation'. Did you mean 'min_separation'?

2025-01-05 23:18:20,914 - INFO - Retrying analysis for /Users/tomsayada/spectral_analysis_project/data/K_1_50.0_K_2_100.0_SNR_50.0_Q_0.5/simulation_7 (attempt 1)
2025-01-05 23:18:20,914 - INFO - Found 25 observation files in /Users/tomsayada/spectral_analysis_project/data/K_1_50.0_K_2_100.0_SNR_50.0_Q_0.5/simulation_7
2025-01-05 23:18:20,914 - INFO - Running analysis for /Users/tomsayada/spectral_analysis_project/data/K_1_50.0_K_2_100.0_SNR_50.0_Q_0.5/simulation_7
2025-01-05 23:18:20,917 - ERROR - Analysis failed with return code 1
STDOUT:

Data from: /Users/tomsayada/spectral_analysis_project/data/K_1_50.0_K_2_100.0_SNR_50.0_Q_0.5/simulation_5
Output:   /Users/tomsayada/spectral_analysis_project/data/K_1_50.0_K_2_100.0_SNR_50.0_Q_0.5/analysis_results_20250105_231817/simulation_5/standard_sym_weighted_nobaseline_fit_results
Fitting lines: ['He4026', 'He4388', 'He4471']
Profile type: sym, Weighted=True, Baseline=False

Found 25 files. Building arrays now...

STDERR:
2025-01-05 23:18:20,779 - INFO - Found 25 valid observation files in /Users/tomsayada/spectral_analysis_project/data/K_1_50.0_K_2_100.0_SNR_50.0_Q_0.5/simulation_5

Loading data:   0%|          | 0/25 [00:00<?, ?it/s]
Loading data:   0%|          | 0/25 [00:00<?, ?it/s]
Traceback (most recent call last):
  File "/Users/tomsayada/spectral_analysis_project/src/run_standard_fit.py", line 348, in <module>
    main()
    ~~~~^^
  File "/Users/tomsayada/spectral_analysis_project/src/run_standard_fit.py", line 189, in main
    nrs = find_noise_regions(df, lw_min, lw_max,
                             noise_window=5,
                             min_noise_separation=5,
                             max_noise_offset=80)
TypeError: find_noise_regions() got an unexpected keyword argument 'min_noise_separation'. Did you mean 'min_separation'?

2025-01-05 23:18:20,917 - INFO - Retrying analysis for /Users/tomsayada/spectral_analysis_project/data/K_1_50.0_K_2_100.0_SNR_50.0_Q_0.5/simulation_5 (attempt 1)
2025-01-05 23:18:20,917 - INFO - Found 25 observation files in /Users/tomsayada/spectral_analysis_project/data/K_1_50.0_K_2_100.0_SNR_50.0_Q_0.5/simulation_5
2025-01-05 23:18:20,917 - INFO - Running analysis for /Users/tomsayada/spectral_analysis_project/data/K_1_50.0_K_2_100.0_SNR_50.0_Q_0.5/simulation_5
2025-01-05 23:18:20,918 - ERROR - Analysis failed with return code 1
STDOUT:

Data from: /Users/tomsayada/spectral_analysis_project/data/K_1_50.0_K_2_100.0_SNR_50.0_Q_0.5/simulation_8
Output:   /Users/tomsayada/spectral_analysis_project/data/K_1_50.0_K_2_100.0_SNR_50.0_Q_0.5/analysis_results_20250105_231817/simulation_8/standard_sym_weighted_nobaseline_fit_results
Fitting lines: ['He4026', 'He4388', 'He4471']
Profile type: sym, Weighted=True, Baseline=False

Found 25 files. Building arrays now...

STDERR:
2025-01-05 23:18:20,779 - INFO - Found 25 valid observation files in /Users/tomsayada/spectral_analysis_project/data/K_1_50.0_K_2_100.0_SNR_50.0_Q_0.5/simulation_8

Loading data:   0%|          | 0/25 [00:00<?, ?it/s]
Loading data:   0%|          | 0/25 [00:00<?, ?it/s]
Traceback (most recent call last):
  File "/Users/tomsayada/spectral_analysis_project/src/run_standard_fit.py", line 348, in <module>
    main()
    ~~~~^^
  File "/Users/tomsayada/spectral_analysis_project/src/run_standard_fit.py", line 189, in main
    nrs = find_noise_regions(df, lw_min, lw_max,
                             noise_window=5,
                             min_noise_separation=5,
                             max_noise_offset=80)
TypeError: find_noise_regions() got an unexpected keyword argument 'min_noise_separation'. Did you mean 'min_separation'?

2025-01-05 23:18:20,918 - INFO - Retrying analysis for /Users/tomsayada/spectral_analysis_project/data/K_1_50.0_K_2_100.0_SNR_50.0_Q_0.5/simulation_8 (attempt 1)
2025-01-05 23:18:20,918 - INFO - Found 25 observation files in /Users/tomsayada/spectral_analysis_project/data/K_1_50.0_K_2_100.0_SNR_50.0_Q_0.5/simulation_8
2025-01-05 23:18:20,918 - INFO - Running analysis for /Users/tomsayada/spectral_analysis_project/data/K_1_50.0_K_2_100.0_SNR_50.0_Q_0.5/simulation_8
2025-01-05 23:18:20,924 - ERROR - Analysis failed with return code 1
STDOUT:

Data from: /Users/tomsayada/spectral_analysis_project/data/K_1_50.0_K_2_100.0_SNR_50.0_Q_0.5/simulation_6
Output:   /Users/tomsayada/spectral_analysis_project/data/K_1_50.0_K_2_100.0_SNR_50.0_Q_0.5/analysis_results_20250105_231817/simulation_6/standard_sym_weighted_nobaseline_fit_results
Fitting lines: ['He4026', 'He4388', 'He4471']
Profile type: sym, Weighted=True, Baseline=False

Found 25 files. Building arrays now...

STDERR:
2025-01-05 23:18:20,779 - INFO - Found 25 valid observation files in /Users/tomsayada/spectral_analysis_project/data/K_1_50.0_K_2_100.0_SNR_50.0_Q_0.5/simulation_6

Loading data:   0%|          | 0/25 [00:00<?, ?it/s]
Loading data:   0%|          | 0/25 [00:00<?, ?it/s]
Traceback (most recent call last):
  File "/Users/tomsayada/spectral_analysis_project/src/run_standard_fit.py", line 348, in <module>
    main()
    ~~~~^^
  File "/Users/tomsayada/spectral_analysis_project/src/run_standard_fit.py", line 189, in main
    nrs = find_noise_regions(df, lw_min, lw_max,
                             noise_window=5,
                             min_noise_separation=5,
                             max_noise_offset=80)
TypeError: find_noise_regions() got an unexpected keyword argument 'min_noise_separation'. Did you mean 'min_separation'?

2025-01-05 23:18:20,924 - INFO - Retrying analysis for /Users/tomsayada/spectral_analysis_project/data/K_1_50.0_K_2_100.0_SNR_50.0_Q_0.5/simulation_6 (attempt 1)
2025-01-05 23:18:20,924 - INFO - Found 25 observation files in /Users/tomsayada/spectral_analysis_project/data/K_1_50.0_K_2_100.0_SNR_50.0_Q_0.5/simulation_6
2025-01-05 23:18:20,924 - INFO - Running analysis for /Users/tomsayada/spectral_analysis_project/data/K_1_50.0_K_2_100.0_SNR_50.0_Q_0.5/simulation_6
2025-01-05 23:18:21,536 - ERROR - Analysis failed with return code 1
STDOUT:

Data from: /Users/tomsayada/spectral_analysis_project/data/K_1_50.0_K_2_100.0_SNR_50.0_Q_0.5/simulation_5
Output:   /Users/tomsayada/spectral_analysis_project/data/K_1_50.0_K_2_100.0_SNR_50.0_Q_0.5/analysis_results_20250105_231817/simulation_5/standard_sym_weighted_nobaseline_fit_results
Fitting lines: ['He4026', 'He4388', 'He4471']
Profile type: sym, Weighted=True, Baseline=False

Found 25 files. Building arrays now...

STDERR:
2025-01-05 23:18:21,412 - INFO - Found 25 valid observation files in /Users/tomsayada/spectral_analysis_project/data/K_1_50.0_K_2_100.0_SNR_50.0_Q_0.5/simulation_5

Loading data:   0%|          | 0/25 [00:00<?, ?it/s]
Loading data:   0%|          | 0/25 [00:00<?, ?it/s]
Traceback (most recent call last):
  File "/Users/tomsayada/spectral_analysis_project/src/run_standard_fit.py", line 348, in <module>
    main()
    ~~~~^^
  File "/Users/tomsayada/spectral_analysis_project/src/run_standard_fit.py", line 189, in main
    nrs = find_noise_regions(df, lw_min, lw_max,
                             noise_window=5,
                             min_noise_separation=5,
                             max_noise_offset=80)
TypeError: find_noise_regions() got an unexpected keyword argument 'min_noise_separation'. Did you mean 'min_separation'?

2025-01-05 23:18:21,537 - INFO - Retrying analysis for /Users/tomsayada/spectral_analysis_project/data/K_1_50.0_K_2_100.0_SNR_50.0_Q_0.5/simulation_5 (attempt 2)
2025-01-05 23:18:21,537 - INFO - Found 25 observation files in /Users/tomsayada/spectral_analysis_project/data/K_1_50.0_K_2_100.0_SNR_50.0_Q_0.5/simulation_5
2025-01-05 23:18:21,537 - INFO - Running analysis for /Users/tomsayada/spectral_analysis_project/data/K_1_50.0_K_2_100.0_SNR_50.0_Q_0.5/simulation_5
2025-01-05 23:18:21,537 - ERROR - Analysis failed with return code 1
STDOUT:

Data from: /Users/tomsayada/spectral_analysis_project/data/K_1_50.0_K_2_100.0_SNR_50.0_Q_0.5/simulation_6
Output:   /Users/tomsayada/spectral_analysis_project/data/K_1_50.0_K_2_100.0_SNR_50.0_Q_0.5/analysis_results_20250105_231817/simulation_6/standard_sym_weighted_nobaseline_fit_results
Fitting lines: ['He4026', 'He4388', 'He4471']
Profile type: sym, Weighted=True, Baseline=False

Found 25 files. Building arrays now...

STDERR:
2025-01-05 23:18:21,413 - INFO - Found 25 valid observation files in /Users/tomsayada/spectral_analysis_project/data/K_1_50.0_K_2_100.0_SNR_50.0_Q_0.5/simulation_6

Loading data:   0%|          | 0/25 [00:00<?, ?it/s]
Loading data:   0%|          | 0/25 [00:00<?, ?it/s]
Traceback (most recent call last):
  File "/Users/tomsayada/spectral_analysis_project/src/run_standard_fit.py", line 348, in <module>
    main()
    ~~~~^^
  File "/Users/tomsayada/spectral_analysis_project/src/run_standard_fit.py", line 189, in main
    nrs = find_noise_regions(df, lw_min, lw_max,
                             noise_window=5,
                             min_noise_separation=5,
                             max_noise_offset=80)
TypeError: find_noise_regions() got an unexpected keyword argument 'min_noise_separation'. Did you mean 'min_separation'?

2025-01-05 23:18:21,538 - INFO - Retrying analysis for /Users/tomsayada/spectral_analysis_project/data/K_1_50.0_K_2_100.0_SNR_50.0_Q_0.5/simulation_6 (attempt 2)
2025-01-05 23:18:21,538 - INFO - Found 25 observation files in /Users/tomsayada/spectral_analysis_project/data/K_1_50.0_K_2_100.0_SNR_50.0_Q_0.5/simulation_6
2025-01-05 23:18:21,538 - INFO - Running analysis for /Users/tomsayada/spectral_analysis_project/data/K_1_50.0_K_2_100.0_SNR_50.0_Q_0.5/simulation_6
2025-01-05 23:18:21,543 - ERROR - Analysis failed with return code 1
STDOUT:

Data from: /Users/tomsayada/spectral_analysis_project/data/K_1_50.0_K_2_100.0_SNR_50.0_Q_0.5/simulation_7
Output:   /Users/tomsayada/spectral_analysis_project/data/K_1_50.0_K_2_100.0_SNR_50.0_Q_0.5/analysis_results_20250105_231817/simulation_7/standard_sym_weighted_nobaseline_fit_results
Fitting lines: ['He4026', 'He4388', 'He4471']
Profile type: sym, Weighted=True, Baseline=False

Found 25 files. Building arrays now...

STDERR:
2025-01-05 23:18:21,412 - INFO - Found 25 valid observation files in /Users/tomsayada/spectral_analysis_project/data/K_1_50.0_K_2_100.0_SNR_50.0_Q_0.5/simulation_7

Loading data:   0%|          | 0/25 [00:00<?, ?it/s]
Loading data:   0%|          | 0/25 [00:00<?, ?it/s]
Traceback (most recent call last):
  File "/Users/tomsayada/spectral_analysis_project/src/run_standard_fit.py", line 348, in <module>
    main()
    ~~~~^^
  File "/Users/tomsayada/spectral_analysis_project/src/run_standard_fit.py", line 189, in main
    nrs = find_noise_regions(df, lw_min, lw_max,
                             noise_window=5,
                             min_noise_separation=5,
                             max_noise_offset=80)
TypeError: find_noise_regions() got an unexpected keyword argument 'min_noise_separation'. Did you mean 'min_separation'?

2025-01-05 23:18:21,543 - INFO - Retrying analysis for /Users/tomsayada/spectral_analysis_project/data/K_1_50.0_K_2_100.0_SNR_50.0_Q_0.5/simulation_7 (attempt 2)
2025-01-05 23:18:21,543 - INFO - Found 25 observation files in /Users/tomsayada/spectral_analysis_project/data/K_1_50.0_K_2_100.0_SNR_50.0_Q_0.5/simulation_7
2025-01-05 23:18:21,543 - INFO - Running analysis for /Users/tomsayada/spectral_analysis_project/data/K_1_50.0_K_2_100.0_SNR_50.0_Q_0.5/simulation_7
2025-01-05 23:18:21,547 - ERROR - Analysis failed with return code 1
STDOUT:

Data from: /Users/tomsayada/spectral_analysis_project/data/K_1_50.0_K_2_100.0_SNR_50.0_Q_0.5/simulation_8
Output:   /Users/tomsayada/spectral_analysis_project/data/K_1_50.0_K_2_100.0_SNR_50.0_Q_0.5/analysis_results_20250105_231817/simulation_8/standard_sym_weighted_nobaseline_fit_results
Fitting lines: ['He4026', 'He4388', 'He4471']
Profile type: sym, Weighted=True, Baseline=False

Found 25 files. Building arrays now...

STDERR:
2025-01-05 23:18:21,413 - INFO - Found 25 valid observation files in /Users/tomsayada/spectral_analysis_project/data/K_1_50.0_K_2_100.0_SNR_50.0_Q_0.5/simulation_8

Loading data:   0%|          | 0/25 [00:00<?, ?it/s]
Loading data:   0%|          | 0/25 [00:00<?, ?it/s]
Traceback (most recent call last):
  File "/Users/tomsayada/spectral_analysis_project/src/run_standard_fit.py", line 348, in <module>
    main()
    ~~~~^^
  File "/Users/tomsayada/spectral_analysis_project/src/run_standard_fit.py", line 189, in main
    nrs = find_noise_regions(df, lw_min, lw_max,
                             noise_window=5,
                             min_noise_separation=5,
                             max_noise_offset=80)
TypeError: find_noise_regions() got an unexpected keyword argument 'min_noise_separation'. Did you mean 'min_separation'?

2025-01-05 23:18:21,547 - INFO - Retrying analysis for /Users/tomsayada/spectral_analysis_project/data/K_1_50.0_K_2_100.0_SNR_50.0_Q_0.5/simulation_8 (attempt 2)
2025-01-05 23:18:21,548 - INFO - Found 25 observation files in /Users/tomsayada/spectral_analysis_project/data/K_1_50.0_K_2_100.0_SNR_50.0_Q_0.5/simulation_8
2025-01-05 23:18:21,548 - INFO - Running analysis for /Users/tomsayada/spectral_analysis_project/data/K_1_50.0_K_2_100.0_SNR_50.0_Q_0.5/simulation_8
2025-01-05 23:18:22,143 - ERROR - Analysis failed with return code 1
STDOUT:

Data from: /Users/tomsayada/spectral_analysis_project/data/K_1_50.0_K_2_100.0_SNR_50.0_Q_0.5/simulation_8
Output:   /Users/tomsayada/spectral_analysis_project/data/K_1_50.0_K_2_100.0_SNR_50.0_Q_0.5/analysis_results_20250105_231817/simulation_8/standard_sym_weighted_nobaseline_fit_results
Fitting lines: ['He4026', 'He4388', 'He4471']
Profile type: sym, Weighted=True, Baseline=False

Found 25 files. Building arrays now...

STDERR:
2025-01-05 23:18:22,030 - INFO - Found 25 valid observation files in /Users/tomsayada/spectral_analysis_project/data/K_1_50.0_K_2_100.0_SNR_50.0_Q_0.5/simulation_8

Loading data:   0%|          | 0/25 [00:00<?, ?it/s]
Loading data:   0%|          | 0/25 [00:00<?, ?it/s]
Traceback (most recent call last):
  File "/Users/tomsayada/spectral_analysis_project/src/run_standard_fit.py", line 348, in <module>
    main()
    ~~~~^^
  File "/Users/tomsayada/spectral_analysis_project/src/run_standard_fit.py", line 189, in main
    nrs = find_noise_regions(df, lw_min, lw_max,
                             noise_window=5,
                             min_noise_separation=5,
                             max_noise_offset=80)
TypeError: find_noise_regions() got an unexpected keyword argument 'min_noise_separation'. Did you mean 'min_separation'?

2025-01-05 23:18:22,143 - INFO - Retrying analysis for /Users/tomsayada/spectral_analysis_project/data/K_1_50.0_K_2_100.0_SNR_50.0_Q_0.5/simulation_8 (attempt 3)
2025-01-05 23:18:22,143 - INFO - Found 25 observation files in /Users/tomsayada/spectral_analysis_project/data/K_1_50.0_K_2_100.0_SNR_50.0_Q_0.5/simulation_8
2025-01-05 23:18:22,143 - INFO - Running analysis for /Users/tomsayada/spectral_analysis_project/data/K_1_50.0_K_2_100.0_SNR_50.0_Q_0.5/simulation_8
2025-01-05 23:18:22,154 - ERROR - Analysis failed with return code 1
STDOUT:

Data from: /Users/tomsayada/spectral_analysis_project/data/K_1_50.0_K_2_100.0_SNR_50.0_Q_0.5/simulation_6
Output:   /Users/tomsayada/spectral_analysis_project/data/K_1_50.0_K_2_100.0_SNR_50.0_Q_0.5/analysis_results_20250105_231817/simulation_6/standard_sym_weighted_nobaseline_fit_results
Fitting lines: ['He4026', 'He4388', 'He4471']
Profile type: sym, Weighted=True, Baseline=False

Found 25 files. Building arrays now...

STDERR:
2025-01-05 23:18:22,030 - INFO - Found 25 valid observation files in /Users/tomsayada/spectral_analysis_project/data/K_1_50.0_K_2_100.0_SNR_50.0_Q_0.5/simulation_6

Loading data:   0%|          | 0/25 [00:00<?, ?it/s]
Loading data:   0%|          | 0/25 [00:00<?, ?it/s]
Traceback (most recent call last):
  File "/Users/tomsayada/spectral_analysis_project/src/run_standard_fit.py", line 348, in <module>
    main()
    ~~~~^^
  File "/Users/tomsayada/spectral_analysis_project/src/run_standard_fit.py", line 189, in main
    nrs = find_noise_regions(df, lw_min, lw_max,
                             noise_window=5,
                             min_noise_separation=5,
                             max_noise_offset=80)
TypeError: find_noise_regions() got an unexpected keyword argument 'min_noise_separation'. Did you mean 'min_separation'?

2025-01-05 23:18:22,154 - INFO - Retrying analysis for /Users/tomsayada/spectral_analysis_project/data/K_1_50.0_K_2_100.0_SNR_50.0_Q_0.5/simulation_6 (attempt 3)
2025-01-05 23:18:22,154 - INFO - Found 25 observation files in /Users/tomsayada/spectral_analysis_project/data/K_1_50.0_K_2_100.0_SNR_50.0_Q_0.5/simulation_6
2025-01-05 23:18:22,154 - INFO - Running analysis for /Users/tomsayada/spectral_analysis_project/data/K_1_50.0_K_2_100.0_SNR_50.0_Q_0.5/simulation_6
2025-01-05 23:18:22,160 - ERROR - Analysis failed with return code 1
STDOUT:

Data from: /Users/tomsayada/spectral_analysis_project/data/K_1_50.0_K_2_100.0_SNR_50.0_Q_0.5/simulation_5
Output:   /Users/tomsayada/spectral_analysis_project/data/K_1_50.0_K_2_100.0_SNR_50.0_Q_0.5/analysis_results_20250105_231817/simulation_5/standard_sym_weighted_nobaseline_fit_results
Fitting lines: ['He4026', 'He4388', 'He4471']
Profile type: sym, Weighted=True, Baseline=False

Found 25 files. Building arrays now...

STDERR:
2025-01-05 23:18:22,030 - INFO - Found 25 valid observation files in /Users/tomsayada/spectral_analysis_project/data/K_1_50.0_K_2_100.0_SNR_50.0_Q_0.5/simulation_5

Loading data:   0%|          | 0/25 [00:00<?, ?it/s]
Loading data:   0%|          | 0/25 [00:00<?, ?it/s]
Traceback (most recent call last):
  File "/Users/tomsayada/spectral_analysis_project/src/run_standard_fit.py", line 348, in <module>
    main()
    ~~~~^^
  File "/Users/tomsayada/spectral_analysis_project/src/run_standard_fit.py", line 189, in main
    nrs = find_noise_regions(df, lw_min, lw_max,
                             noise_window=5,
                             min_noise_separation=5,
                             max_noise_offset=80)
TypeError: find_noise_regions() got an unexpected keyword argument 'min_noise_separation'. Did you mean 'min_separation'?

2025-01-05 23:18:22,160 - INFO - Retrying analysis for /Users/tomsayada/spectral_analysis_project/data/K_1_50.0_K_2_100.0_SNR_50.0_Q_0.5/simulation_5 (attempt 3)
2025-01-05 23:18:22,160 - INFO - Found 25 observation files in /Users/tomsayada/spectral_analysis_project/data/K_1_50.0_K_2_100.0_SNR_50.0_Q_0.5/simulation_5
2025-01-05 23:18:22,161 - INFO - Running analysis for /Users/tomsayada/spectral_analysis_project/data/K_1_50.0_K_2_100.0_SNR_50.0_Q_0.5/simulation_5
2025-01-05 23:18:22,165 - ERROR - Analysis failed with return code 1
STDOUT:

Data from: /Users/tomsayada/spectral_analysis_project/data/K_1_50.0_K_2_100.0_SNR_50.0_Q_0.5/simulation_7
Output:   /Users/tomsayada/spectral_analysis_project/data/K_1_50.0_K_2_100.0_SNR_50.0_Q_0.5/analysis_results_20250105_231817/simulation_7/standard_sym_weighted_nobaseline_fit_results
Fitting lines: ['He4026', 'He4388', 'He4471']
Profile type: sym, Weighted=True, Baseline=False

Found 25 files. Building arrays now...

STDERR:
2025-01-05 23:18:22,030 - INFO - Found 25 valid observation files in /Users/tomsayada/spectral_analysis_project/data/K_1_50.0_K_2_100.0_SNR_50.0_Q_0.5/simulation_7

Loading data:   0%|          | 0/25 [00:00<?, ?it/s]
Loading data:   0%|          | 0/25 [00:00<?, ?it/s]
Traceback (most recent call last):
  File "/Users/tomsayada/spectral_analysis_project/src/run_standard_fit.py", line 348, in <module>
    main()
    ~~~~^^
  File "/Users/tomsayada/spectral_analysis_project/src/run_standard_fit.py", line 189, in main
    nrs = find_noise_regions(df, lw_min, lw_max,
                             noise_window=5,
                             min_noise_separation=5,
                             max_noise_offset=80)
TypeError: find_noise_regions() got an unexpected keyword argument 'min_noise_separation'. Did you mean 'min_separation'?

2025-01-05 23:18:22,165 - INFO - Retrying analysis for /Users/tomsayada/spectral_analysis_project/data/K_1_50.0_K_2_100.0_SNR_50.0_Q_0.5/simulation_7 (attempt 3)
2025-01-05 23:18:22,165 - INFO - Found 25 observation files in /Users/tomsayada/spectral_analysis_project/data/K_1_50.0_K_2_100.0_SNR_50.0_Q_0.5/simulation_7
2025-01-05 23:18:22,165 - INFO - Running analysis for /Users/tomsayada/spectral_analysis_project/data/K_1_50.0_K_2_100.0_SNR_50.0_Q_0.5/simulation_7
2025-01-05 23:18:22,768 - ERROR - Analysis failed with return code 1
STDOUT:

Data from: /Users/tomsayada/spectral_analysis_project/data/K_1_50.0_K_2_100.0_SNR_50.0_Q_0.5/simulation_6
Output:   /Users/tomsayada/spectral_analysis_project/data/K_1_50.0_K_2_100.0_SNR_50.0_Q_0.5/analysis_results_20250105_231817/simulation_6/standard_sym_weighted_nobaseline_fit_results
Fitting lines: ['He4026', 'He4388', 'He4471']
Profile type: sym, Weighted=True, Baseline=False

Found 25 files. Building arrays now...

STDERR:
2025-01-05 23:18:22,635 - INFO - Found 25 valid observation files in /Users/tomsayada/spectral_analysis_project/data/K_1_50.0_K_2_100.0_SNR_50.0_Q_0.5/simulation_6

Loading data:   0%|          | 0/25 [00:00<?, ?it/s]
Loading data:   0%|          | 0/25 [00:00<?, ?it/s]
Traceback (most recent call last):
  File "/Users/tomsayada/spectral_analysis_project/src/run_standard_fit.py", line 348, in <module>
    main()
    ~~~~^^
  File "/Users/tomsayada/spectral_analysis_project/src/run_standard_fit.py", line 189, in main
    nrs = find_noise_regions(df, lw_min, lw_max,
                             noise_window=5,
                             min_noise_separation=5,
                             max_noise_offset=80)
TypeError: find_noise_regions() got an unexpected keyword argument 'min_noise_separation'. Did you mean 'min_separation'?

2025-01-05 23:18:22,769 - INFO - Found 25 observation files in /Users/tomsayada/spectral_analysis_project/data/K_1_50.0_K_2_100.0_SNR_50.0_Q_0.5/simulation_9
2025-01-05 23:18:22,769 - INFO - Running analysis for /Users/tomsayada/spectral_analysis_project/data/K_1_50.0_K_2_100.0_SNR_50.0_Q_0.5/simulation_9
2025-01-05 23:18:22,771 - ERROR - Analysis failed with return code 1
STDOUT:

Data from: /Users/tomsayada/spectral_analysis_project/data/K_1_50.0_K_2_100.0_SNR_50.0_Q_0.5/simulation_8
Output:   /Users/tomsayada/spectral_analysis_project/data/K_1_50.0_K_2_100.0_SNR_50.0_Q_0.5/analysis_results_20250105_231817/simulation_8/standard_sym_weighted_nobaseline_fit_results
Fitting lines: ['He4026', 'He4388', 'He4471']
Profile type: sym, Weighted=True, Baseline=False

Found 25 files. Building arrays now...

STDERR:
2025-01-05 23:18:22,635 - INFO - Found 25 valid observation files in /Users/tomsayada/spectral_analysis_project/data/K_1_50.0_K_2_100.0_SNR_50.0_Q_0.5/simulation_8

Loading data:   0%|          | 0/25 [00:00<?, ?it/s]
Loading data:   0%|          | 0/25 [00:00<?, ?it/s]
Traceback (most recent call last):
  File "/Users/tomsayada/spectral_analysis_project/src/run_standard_fit.py", line 348, in <module>
    main()
    ~~~~^^
  File "/Users/tomsayada/spectral_analysis_project/src/run_standard_fit.py", line 189, in main
    nrs = find_noise_regions(df, lw_min, lw_max,
                             noise_window=5,
                             min_noise_separation=5,
                             max_noise_offset=80)
TypeError: find_noise_regions() got an unexpected keyword argument 'min_noise_separation'. Did you mean 'min_separation'?

2025-01-05 23:18:22,771 - INFO - Found 25 observation files in /Users/tomsayada/spectral_analysis_project/data/K_1_50.0_K_2_100.0_SNR_50.0_Q_0.5/simulation_10
2025-01-05 23:18:22,771 - INFO - Running analysis for /Users/tomsayada/spectral_analysis_project/data/K_1_50.0_K_2_100.0_SNR_50.0_Q_0.5/simulation_10
2025-01-05 23:18:22,772 - ERROR - Analysis failed with return code 1
STDOUT:

Data from: /Users/tomsayada/spectral_analysis_project/data/K_1_50.0_K_2_100.0_SNR_50.0_Q_0.5/simulation_5
Output:   /Users/tomsayada/spectral_analysis_project/data/K_1_50.0_K_2_100.0_SNR_50.0_Q_0.5/analysis_results_20250105_231817/simulation_5/standard_sym_weighted_nobaseline_fit_results
Fitting lines: ['He4026', 'He4388', 'He4471']
Profile type: sym, Weighted=True, Baseline=False

Found 25 files. Building arrays now...

STDERR:
2025-01-05 23:18:22,640 - INFO - Found 25 valid observation files in /Users/tomsayada/spectral_analysis_project/data/K_1_50.0_K_2_100.0_SNR_50.0_Q_0.5/simulation_5

Loading data:   0%|          | 0/25 [00:00<?, ?it/s]
Loading data:   0%|          | 0/25 [00:00<?, ?it/s]
Traceback (most recent call last):
  File "/Users/tomsayada/spectral_analysis_project/src/run_standard_fit.py", line 348, in <module>
    main()
    ~~~~^^
  File "/Users/tomsayada/spectral_analysis_project/src/run_standard_fit.py", line 189, in main
    nrs = find_noise_regions(df, lw_min, lw_max,
                             noise_window=5,
                             min_noise_separation=5,
                             max_noise_offset=80)
TypeError: find_noise_regions() got an unexpected keyword argument 'min_noise_separation'. Did you mean 'min_separation'?

2025-01-05 23:18:22,781 - ERROR - Analysis failed with return code 1
STDOUT:

Data from: /Users/tomsayada/spectral_analysis_project/data/K_1_50.0_K_2_100.0_SNR_50.0_Q_0.5/simulation_7
Output:   /Users/tomsayada/spectral_analysis_project/data/K_1_50.0_K_2_100.0_SNR_50.0_Q_0.5/analysis_results_20250105_231817/simulation_7/standard_sym_weighted_nobaseline_fit_results
Fitting lines: ['He4026', 'He4388', 'He4471']
Profile type: sym, Weighted=True, Baseline=False

Found 25 files. Building arrays now...

STDERR:
2025-01-05 23:18:22,643 - INFO - Found 25 valid observation files in /Users/tomsayada/spectral_analysis_project/data/K_1_50.0_K_2_100.0_SNR_50.0_Q_0.5/simulation_7

Loading data:   0%|          | 0/25 [00:00<?, ?it/s]
Loading data:   0%|          | 0/25 [00:00<?, ?it/s]
Traceback (most recent call last):
  File "/Users/tomsayada/spectral_analysis_project/src/run_standard_fit.py", line 348, in <module>
    main()
    ~~~~^^
  File "/Users/tomsayada/spectral_analysis_project/src/run_standard_fit.py", line 189, in main
    nrs = find_noise_regions(df, lw_min, lw_max,
                             noise_window=5,
                             min_noise_separation=5,
                             max_noise_offset=80)
TypeError: find_noise_regions() got an unexpected keyword argument 'min_noise_separation'. Did you mean 'min_separation'?

2025-01-05 23:18:23,322 - ERROR - Analysis failed with return code 1
STDOUT:

Data from: /Users/tomsayada/spectral_analysis_project/data/K_1_50.0_K_2_100.0_SNR_50.0_Q_0.5/simulation_10
Output:   /Users/tomsayada/spectral_analysis_project/data/K_1_50.0_K_2_100.0_SNR_50.0_Q_0.5/analysis_results_20250105_231817/simulation_10/standard_sym_weighted_nobaseline_fit_results
Fitting lines: ['He4026', 'He4388', 'He4471']
Profile type: sym, Weighted=True, Baseline=False

Found 25 files. Building arrays now...

STDERR:
2025-01-05 23:18:23,227 - INFO - Found 25 valid observation files in /Users/tomsayada/spectral_analysis_project/data/K_1_50.0_K_2_100.0_SNR_50.0_Q_0.5/simulation_10

Loading data:   0%|          | 0/25 [00:00<?, ?it/s]
Loading data:   0%|          | 0/25 [00:00<?, ?it/s]
Traceback (most recent call last):
  File "/Users/tomsayada/spectral_analysis_project/src/run_standard_fit.py", line 348, in <module>
    main()
    ~~~~^^
  File "/Users/tomsayada/spectral_analysis_project/src/run_standard_fit.py", line 189, in main
    nrs = find_noise_regions(df, lw_min, lw_max,
                             noise_window=5,
                             min_noise_separation=5,
                             max_noise_offset=80)
TypeError: find_noise_regions() got an unexpected keyword argument 'min_noise_separation'. Did you mean 'min_separation'?

2025-01-05 23:18:23,322 - INFO - Retrying analysis for /Users/tomsayada/spectral_analysis_project/data/K_1_50.0_K_2_100.0_SNR_50.0_Q_0.5/simulation_10 (attempt 1)
2025-01-05 23:18:23,322 - INFO - Found 25 observation files in /Users/tomsayada/spectral_analysis_project/data/K_1_50.0_K_2_100.0_SNR_50.0_Q_0.5/simulation_10
2025-01-05 23:18:23,322 - INFO - Running analysis for /Users/tomsayada/spectral_analysis_project/data/K_1_50.0_K_2_100.0_SNR_50.0_Q_0.5/simulation_10
2025-01-05 23:18:23,329 - ERROR - Analysis failed with return code 1
STDOUT:

Data from: /Users/tomsayada/spectral_analysis_project/data/K_1_50.0_K_2_100.0_SNR_50.0_Q_0.5/simulation_9
Output:   /Users/tomsayada/spectral_analysis_project/data/K_1_50.0_K_2_100.0_SNR_50.0_Q_0.5/analysis_results_20250105_231817/simulation_9/standard_sym_weighted_nobaseline_fit_results
Fitting lines: ['He4026', 'He4388', 'He4471']
Profile type: sym, Weighted=True, Baseline=False

Found 25 files. Building arrays now...

STDERR:
2025-01-05 23:18:23,227 - INFO - Found 25 valid observation files in /Users/tomsayada/spectral_analysis_project/data/K_1_50.0_K_2_100.0_SNR_50.0_Q_0.5/simulation_9

Loading data:   0%|          | 0/25 [00:00<?, ?it/s]
Loading data:   0%|          | 0/25 [00:00<?, ?it/s]
Traceback (most recent call last):
  File "/Users/tomsayada/spectral_analysis_project/src/run_standard_fit.py", line 348, in <module>
    main()
    ~~~~^^
  File "/Users/tomsayada/spectral_analysis_project/src/run_standard_fit.py", line 189, in main
    nrs = find_noise_regions(df, lw_min, lw_max,
                             noise_window=5,
                             min_noise_separation=5,
                             max_noise_offset=80)
TypeError: find_noise_regions() got an unexpected keyword argument 'min_noise_separation'. Did you mean 'min_separation'?

2025-01-05 23:18:23,329 - INFO - Retrying analysis for /Users/tomsayada/spectral_analysis_project/data/K_1_50.0_K_2_100.0_SNR_50.0_Q_0.5/simulation_9 (attempt 1)
2025-01-05 23:18:23,329 - INFO - Found 25 observation files in /Users/tomsayada/spectral_analysis_project/data/K_1_50.0_K_2_100.0_SNR_50.0_Q_0.5/simulation_9
2025-01-05 23:18:23,329 - INFO - Running analysis for /Users/tomsayada/spectral_analysis_project/data/K_1_50.0_K_2_100.0_SNR_50.0_Q_0.5/simulation_9
2025-01-05 23:18:23,882 - ERROR - Analysis failed with return code 1
STDOUT:

Data from: /Users/tomsayada/spectral_analysis_project/data/K_1_50.0_K_2_100.0_SNR_50.0_Q_0.5/simulation_10
Output:   /Users/tomsayada/spectral_analysis_project/data/K_1_50.0_K_2_100.0_SNR_50.0_Q_0.5/analysis_results_20250105_231817/simulation_10/standard_sym_weighted_nobaseline_fit_results
Fitting lines: ['He4026', 'He4388', 'He4471']
Profile type: sym, Weighted=True, Baseline=False

Found 25 files. Building arrays now...

STDERR:
2025-01-05 23:18:23,787 - INFO - Found 25 valid observation files in /Users/tomsayada/spectral_analysis_project/data/K_1_50.0_K_2_100.0_SNR_50.0_Q_0.5/simulation_10

Loading data:   0%|          | 0/25 [00:00<?, ?it/s]
Loading data:   0%|          | 0/25 [00:00<?, ?it/s]
Traceback (most recent call last):
  File "/Users/tomsayada/spectral_analysis_project/src/run_standard_fit.py", line 348, in <module>
    main()
    ~~~~^^
  File "/Users/tomsayada/spectral_analysis_project/src/run_standard_fit.py", line 189, in main
    nrs = find_noise_regions(df, lw_min, lw_max,
                             noise_window=5,
                             min_noise_separation=5,
                             max_noise_offset=80)
TypeError: find_noise_regions() got an unexpected keyword argument 'min_noise_separation'. Did you mean 'min_separation'?

2025-01-05 23:18:23,882 - INFO - Retrying analysis for /Users/tomsayada/spectral_analysis_project/data/K_1_50.0_K_2_100.0_SNR_50.0_Q_0.5/simulation_10 (attempt 2)
2025-01-05 23:18:23,882 - INFO - Found 25 observation files in /Users/tomsayada/spectral_analysis_project/data/K_1_50.0_K_2_100.0_SNR_50.0_Q_0.5/simulation_10
2025-01-05 23:18:23,882 - INFO - Running analysis for /Users/tomsayada/spectral_analysis_project/data/K_1_50.0_K_2_100.0_SNR_50.0_Q_0.5/simulation_10
2025-01-05 23:18:23,886 - ERROR - Analysis failed with return code 1
STDOUT:

Data from: /Users/tomsayada/spectral_analysis_project/data/K_1_50.0_K_2_100.0_SNR_50.0_Q_0.5/simulation_9
Output:   /Users/tomsayada/spectral_analysis_project/data/K_1_50.0_K_2_100.0_SNR_50.0_Q_0.5/analysis_results_20250105_231817/simulation_9/standard_sym_weighted_nobaseline_fit_results
Fitting lines: ['He4026', 'He4388', 'He4471']
Profile type: sym, Weighted=True, Baseline=False

Found 25 files. Building arrays now...

STDERR:
2025-01-05 23:18:23,787 - INFO - Found 25 valid observation files in /Users/tomsayada/spectral_analysis_project/data/K_1_50.0_K_2_100.0_SNR_50.0_Q_0.5/simulation_9

Loading data:   0%|          | 0/25 [00:00<?, ?it/s]
Loading data:   0%|          | 0/25 [00:00<?, ?it/s]
Traceback (most recent call last):
  File "/Users/tomsayada/spectral_analysis_project/src/run_standard_fit.py", line 348, in <module>
    main()
    ~~~~^^
  File "/Users/tomsayada/spectral_analysis_project/src/run_standard_fit.py", line 189, in main
    nrs = find_noise_regions(df, lw_min, lw_max,
                             noise_window=5,
                             min_noise_separation=5,
                             max_noise_offset=80)
TypeError: find_noise_regions() got an unexpected keyword argument 'min_noise_separation'. Did you mean 'min_separation'?

2025-01-05 23:18:23,886 - INFO - Retrying analysis for /Users/tomsayada/spectral_analysis_project/data/K_1_50.0_K_2_100.0_SNR_50.0_Q_0.5/simulation_9 (attempt 2)
2025-01-05 23:18:23,886 - INFO - Found 25 observation files in /Users/tomsayada/spectral_analysis_project/data/K_1_50.0_K_2_100.0_SNR_50.0_Q_0.5/simulation_9
2025-01-05 23:18:23,886 - INFO - Running analysis for /Users/tomsayada/spectral_analysis_project/data/K_1_50.0_K_2_100.0_SNR_50.0_Q_0.5/simulation_9
2025-01-05 23:18:24,444 - ERROR - Analysis failed with return code 1
STDOUT:

Data from: /Users/tomsayada/spectral_analysis_project/data/K_1_50.0_K_2_100.0_SNR_50.0_Q_0.5/simulation_10
Output:   /Users/tomsayada/spectral_analysis_project/data/K_1_50.0_K_2_100.0_SNR_50.0_Q_0.5/analysis_results_20250105_231817/simulation_10/standard_sym_weighted_nobaseline_fit_results
Fitting lines: ['He4026', 'He4388', 'He4471']
Profile type: sym, Weighted=True, Baseline=False

Found 25 files. Building arrays now...

STDERR:
2025-01-05 23:18:24,349 - INFO - Found 25 valid observation files in /Users/tomsayada/spectral_analysis_project/data/K_1_50.0_K_2_100.0_SNR_50.0_Q_0.5/simulation_10

Loading data:   0%|          | 0/25 [00:00<?, ?it/s]
Loading data:   0%|          | 0/25 [00:00<?, ?it/s]
Traceback (most recent call last):
  File "/Users/tomsayada/spectral_analysis_project/src/run_standard_fit.py", line 348, in <module>
    main()
    ~~~~^^
  File "/Users/tomsayada/spectral_analysis_project/src/run_standard_fit.py", line 189, in main
    nrs = find_noise_regions(df, lw_min, lw_max,
                             noise_window=5,
                             min_noise_separation=5,
                             max_noise_offset=80)
TypeError: find_noise_regions() got an unexpected keyword argument 'min_noise_separation'. Did you mean 'min_separation'?

2025-01-05 23:18:24,444 - INFO - Retrying analysis for /Users/tomsayada/spectral_analysis_project/data/K_1_50.0_K_2_100.0_SNR_50.0_Q_0.5/simulation_10 (attempt 3)
2025-01-05 23:18:24,444 - INFO - Found 25 observation files in /Users/tomsayada/spectral_analysis_project/data/K_1_50.0_K_2_100.0_SNR_50.0_Q_0.5/simulation_10
2025-01-05 23:18:24,444 - INFO - Running analysis for /Users/tomsayada/spectral_analysis_project/data/K_1_50.0_K_2_100.0_SNR_50.0_Q_0.5/simulation_10
2025-01-05 23:18:24,448 - ERROR - Analysis failed with return code 1
STDOUT:

Data from: /Users/tomsayada/spectral_analysis_project/data/K_1_50.0_K_2_100.0_SNR_50.0_Q_0.5/simulation_9
Output:   /Users/tomsayada/spectral_analysis_project/data/K_1_50.0_K_2_100.0_SNR_50.0_Q_0.5/analysis_results_20250105_231817/simulation_9/standard_sym_weighted_nobaseline_fit_results
Fitting lines: ['He4026', 'He4388', 'He4471']
Profile type: sym, Weighted=True, Baseline=False

Found 25 files. Building arrays now...

STDERR:
2025-01-05 23:18:24,349 - INFO - Found 25 valid observation files in /Users/tomsayada/spectral_analysis_project/data/K_1_50.0_K_2_100.0_SNR_50.0_Q_0.5/simulation_9

Loading data:   0%|          | 0/25 [00:00<?, ?it/s]
Loading data:   0%|          | 0/25 [00:00<?, ?it/s]
Traceback (most recent call last):
  File "/Users/tomsayada/spectral_analysis_project/src/run_standard_fit.py", line 348, in <module>
    main()
    ~~~~^^
  File "/Users/tomsayada/spectral_analysis_project/src/run_standard_fit.py", line 189, in main
    nrs = find_noise_regions(df, lw_min, lw_max,
                             noise_window=5,
                             min_noise_separation=5,
                             max_noise_offset=80)
TypeError: find_noise_regions() got an unexpected keyword argument 'min_noise_separation'. Did you mean 'min_separation'?

2025-01-05 23:18:24,448 - INFO - Retrying analysis for /Users/tomsayada/spectral_analysis_project/data/K_1_50.0_K_2_100.0_SNR_50.0_Q_0.5/simulation_9 (attempt 3)
2025-01-05 23:18:24,448 - INFO - Found 25 observation files in /Users/tomsayada/spectral_analysis_project/data/K_1_50.0_K_2_100.0_SNR_50.0_Q_0.5/simulation_9
2025-01-05 23:18:24,448 - INFO - Running analysis for /Users/tomsayada/spectral_analysis_project/data/K_1_50.0_K_2_100.0_SNR_50.0_Q_0.5/simulation_9
2025-01-05 23:18:25,003 - ERROR - Analysis failed with return code 1
STDOUT:

Data from: /Users/tomsayada/spectral_analysis_project/data/K_1_50.0_K_2_100.0_SNR_50.0_Q_0.5/simulation_9
Output:   /Users/tomsayada/spectral_analysis_project/data/K_1_50.0_K_2_100.0_SNR_50.0_Q_0.5/analysis_results_20250105_231817/simulation_9/standard_sym_weighted_nobaseline_fit_results
Fitting lines: ['He4026', 'He4388', 'He4471']
Profile type: sym, Weighted=True, Baseline=False

Found 25 files. Building arrays now...

STDERR:
2025-01-05 23:18:24,906 - INFO - Found 25 valid observation files in /Users/tomsayada/spectral_analysis_project/data/K_1_50.0_K_2_100.0_SNR_50.0_Q_0.5/simulation_9

Loading data:   0%|          | 0/25 [00:00<?, ?it/s]
Loading data:   0%|          | 0/25 [00:00<?, ?it/s]
Traceback (most recent call last):
  File "/Users/tomsayada/spectral_analysis_project/src/run_standard_fit.py", line 348, in <module>
    main()
    ~~~~^^
  File "/Users/tomsayada/spectral_analysis_project/src/run_standard_fit.py", line 189, in main
    nrs = find_noise_regions(df, lw_min, lw_max,
                             noise_window=5,
                             min_noise_separation=5,
                             max_noise_offset=80)
TypeError: find_noise_regions() got an unexpected keyword argument 'min_noise_separation'. Did you mean 'min_separation'?

2025-01-05 23:18:25,006 - ERROR - Analysis failed with return code 1
STDOUT:

Data from: /Users/tomsayada/spectral_analysis_project/data/K_1_50.0_K_2_100.0_SNR_50.0_Q_0.5/simulation_10
Output:   /Users/tomsayada/spectral_analysis_project/data/K_1_50.0_K_2_100.0_SNR_50.0_Q_0.5/analysis_results_20250105_231817/simulation_10/standard_sym_weighted_nobaseline_fit_results
Fitting lines: ['He4026', 'He4388', 'He4471']
Profile type: sym, Weighted=True, Baseline=False

Found 25 files. Building arrays now...

STDERR:
2025-01-05 23:18:24,906 - INFO - Found 25 valid observation files in /Users/tomsayada/spectral_analysis_project/data/K_1_50.0_K_2_100.0_SNR_50.0_Q_0.5/simulation_10

Loading data:   0%|          | 0/25 [00:00<?, ?it/s]
Loading data:   0%|          | 0/25 [00:00<?, ?it/s]
Traceback (most recent call last):
  File "/Users/tomsayada/spectral_analysis_project/src/run_standard_fit.py", line 348, in <module>
    main()
    ~~~~^^
  File "/Users/tomsayada/spectral_analysis_project/src/run_standard_fit.py", line 189, in main
    nrs = find_noise_regions(df, lw_min, lw_max,
                             noise_window=5,
                             min_noise_separation=5,
                             max_noise_offset=80)
TypeError: find_noise_regions() got an unexpected keyword argument 'min_noise_separation'. Did you mean 'min_separation'?

2025-01-05 23:18:25,020 - INFO - 
Analysis complete:
2025-01-05 23:18:25,020 - INFO -   Successful: 0/10
2025-01-05 23:18:25,020 - INFO -   Results saved in: /Users/tomsayada/spectral_analysis_project/data/K_1_50.0_K_2_100.0_SNR_50.0_Q_0.5/analysis_results_20250105_231817
2025-01-05 23:20:42,130 - INFO - Starting spectral analysis pipeline
2025-01-05 23:20:42,131 - INFO - Configuration: AnalysisConfig(data_folder='/Users/tomsayada/spectral_analysis_project/data/K_1_50.0_K_2_100.0_SNR_50.0_Q_0.5', use_simulated=True, profile_type='sym', fit_type='standard', fit_baseline=False, use_weighted=True, parallel_processing=True, max_workers=4, save_intermediates=True, lines_to_fit={'He4026': 1.0, 'He4388': 1.0, 'He4471': 1.0}, retry_failed=True, max_retries=3)
2025-01-05 23:20:42,131 - INFO - Found 10 simulation folder(s)
2025-01-05 23:20:42,132 - INFO - Processing 10 folder(s)
2025-01-05 23:20:42,132 - INFO - Running parallel analysis with 4 workers
2025-01-05 23:20:42,213 - INFO - Found 25 observation files in /Users/tomsayada/spectral_analysis_project/data/K_1_50.0_K_2_100.0_SNR_50.0_Q_0.5/simulation_1
2025-01-05 23:20:42,213 - INFO - Running analysis for /Users/tomsayada/spectral_analysis_project/data/K_1_50.0_K_2_100.0_SNR_50.0_Q_0.5/simulation_1
2025-01-05 23:20:42,215 - INFO - Found 25 observation files in /Users/tomsayada/spectral_analysis_project/data/K_1_50.0_K_2_100.0_SNR_50.0_Q_0.5/simulation_2
2025-01-05 23:20:42,216 - INFO - Running analysis for /Users/tomsayada/spectral_analysis_project/data/K_1_50.0_K_2_100.0_SNR_50.0_Q_0.5/simulation_2
2025-01-05 23:20:42,218 - INFO - Found 25 observation files in /Users/tomsayada/spectral_analysis_project/data/K_1_50.0_K_2_100.0_SNR_50.0_Q_0.5/simulation_3
2025-01-05 23:20:42,218 - INFO - Running analysis for /Users/tomsayada/spectral_analysis_project/data/K_1_50.0_K_2_100.0_SNR_50.0_Q_0.5/simulation_3
2025-01-05 23:20:42,225 - INFO - Found 25 observation files in /Users/tomsayada/spectral_analysis_project/data/K_1_50.0_K_2_100.0_SNR_50.0_Q_0.5/simulation_4
2025-01-05 23:20:42,225 - INFO - Running analysis for /Users/tomsayada/spectral_analysis_project/data/K_1_50.0_K_2_100.0_SNR_50.0_Q_0.5/simulation_4
2025-01-05 23:57:44,473 - INFO - Starting spectral analysis pipeline
2025-01-05 23:57:44,473 - INFO - Configuration: AnalysisConfig(data_folder='/Users/tomsayada/Users/tomsayada/spectral_analysis_project/data/K_1_50.0_K_2_100.0_SNR_50.0_Q_0.5/simulation_1', use_simulated=False, profile_type='sym', fit_type='standard', fit_baseline=False, use_weighted=True, parallel_processing=False, max_workers=4, save_intermediates=True, lines_to_fit={'He4026': 1.0, 'He4388': 1.0, 'He4471': 1.0, 'H4340': 0.7}, retry_failed=True, max_retries=3)
2025-01-05 23:57:44,474 - INFO - Found 1 simulation folder(s)
2025-01-05 23:57:44,474 - INFO - Processing 1 folder(s)
2025-01-05 23:57:44,474 - INFO - Running sequential analysis
2025-01-05 23:57:44,479 - INFO - Found 0 observation files in /Users/tomsayada/Users/tomsayada/spectral_analysis_project/data/K_1_50.0_K_2_100.0_SNR_50.0_Q_0.5/simulation_1
2025-01-05 23:57:44,479 - ERROR - No observation files found in /Users/tomsayada/Users/tomsayada/spectral_analysis_project/data/K_1_50.0_K_2_100.0_SNR_50.0_Q_0.5/simulation_1
2025-01-05 23:57:44,480 - INFO - 
Analysis complete:
2025-01-05 23:57:44,480 - INFO -   Successful: 0/1
2025-01-05 23:57:44,480 - INFO -   Results saved in: /Users/tomsayada/Users/tomsayada/spectral_analysis_project/data/K_1_50.0_K_2_100.0_SNR_50.0_Q_0.5/simulation_1/analysis_results_20250105_235744
2025-01-05 23:57:44,480 - WARNING - Some analyses failed. Check analysis_summary.json for details
2025-01-05 23:57:44,588 - INFO - Found 25 observation files in /Users/tomsayada/spectral_analysis_project/data/K_1_50.0_K_2_100.0_SNR_50.0_Q_0.5/simulation_5
2025-01-05 23:57:44,588 - INFO - Running analysis for /Users/tomsayada/spectral_analysis_project/data/K_1_50.0_K_2_100.0_SNR_50.0_Q_0.5/simulation_5
2025-01-06 00:03:55,745 - INFO - Starting spectral analysis pipeline
2025-01-06 00:03:55,746 - INFO - Configuration: AnalysisConfig(data_folder='/Users/tomsayada/spectral_analysis_project/data/K_1_50.0_K_2_100.0_SNR_50.0_Q_0.5/simulation_1', use_simulated=False, profile_type='sym', fit_type='standard', fit_baseline=False, use_weighted=True, parallel_processing=False, max_workers=4, save_intermediates=True, lines_to_fit={'He4026': 1.0, 'He4388': 1.0, 'He4471': 1.0, 'H4340': 0.7}, retry_failed=True, max_retries=3)
2025-01-06 00:03:55,746 - INFO - Found 1 simulation folder(s)
2025-01-06 00:03:55,746 - INFO - Processing 1 folder(s)
2025-01-06 00:03:55,746 - INFO - Running sequential analysis
2025-01-06 00:03:55,749 - INFO - Found 25 observation files in /Users/tomsayada/spectral_analysis_project/data/K_1_50.0_K_2_100.0_SNR_50.0_Q_0.5/simulation_1
2025-01-06 00:03:55,749 - INFO - Running analysis for /Users/tomsayada/spectral_analysis_project/data/K_1_50.0_K_2_100.0_SNR_50.0_Q_0.5/simulation_1
2025-01-06 00:43:16,552 - INFO - 
Analysis interrupted by user
2025-01-06 00:43:16,740 - INFO - Starting spectral analysis pipeline
2025-01-06 00:43:16,740 - INFO - Configuration: AnalysisConfig(data_folder='/Users/tomsayada/spectral_analysis_project/data/K_1_50.0_K_2_100.0_SNR_50.0_Q_0.5/simulation_1', use_simulated=False, profile_type='sym', fit_type='standard', fit_baseline=False, use_weighted=True, parallel_processing=False, max_workers=4, save_intermediates=True, lines_to_fit={'He4026': 1.0, 'He4388': 1.0, 'He4471': 1.0, 'H4340': 0.7}, retry_failed=True, max_retries=3)
2025-01-06 00:43:16,741 - INFO - Found 1 simulation folder(s)
2025-01-06 00:43:16,741 - INFO - Processing 1 folder(s)
2025-01-06 00:43:16,741 - INFO - Running sequential analysis
2025-01-06 00:43:16,745 - INFO - Found 25 observation files in /Users/tomsayada/spectral_analysis_project/data/K_1_50.0_K_2_100.0_SNR_50.0_Q_0.5/simulation_1
2025-01-06 00:43:16,745 - INFO - Running analysis for /Users/tomsayada/spectral_analysis_project/data/K_1_50.0_K_2_100.0_SNR_50.0_Q_0.5/simulation_1
2025-01-06 00:43:51,920 - INFO - 
Analysis interrupted by user
2025-01-06 00:44:06,966 - INFO - Starting spectral analysis pipeline
2025-01-06 00:44:06,966 - INFO - Configuration: AnalysisConfig(data_folder='/Users/tomsayada/spectral_analysis_project/data/K_1_50.0_K_2_100.0_SNR_50.0_Q_0.5/simulation_1', use_simulated=False, profile_type='sym', fit_type='standard', fit_baseline=False, use_weighted=True, parallel_processing=False, max_workers=4, save_intermediates=True, lines_to_fit={'He4026': 1.0, 'He4388': 1.0, 'He4471': 1.0, 'H4340': 0.7}, retry_failed=True, max_retries=3)
2025-01-06 00:44:06,966 - INFO - Found 1 simulation folder(s)
2025-01-06 00:44:06,966 - INFO - Processing 1 folder(s)
2025-01-06 00:44:06,967 - INFO - Running sequential analysis
2025-01-06 00:44:06,970 - INFO - Found 25 observation files in /Users/tomsayada/spectral_analysis_project/data/K_1_50.0_K_2_100.0_SNR_50.0_Q_0.5/simulation_1
2025-01-06 00:44:06,970 - INFO - Running analysis for /Users/tomsayada/spectral_analysis_project/data/K_1_50.0_K_2_100.0_SNR_50.0_Q_0.5/simulation_1
2025-01-06 00:56:20,606 - INFO - 
Analysis interrupted by user
2025-01-06 00:56:20,947 - INFO - Select the parent data folder:
2025-01-06 00:56:29,175 - INFO - User selected folder: /Users/tomsayada/spectral_analysis_project/data/K_1_50.0_K_2_100.0_SNR_50.0_Q_0.5
2025-01-06 00:56:29,176 - INFO - Data folder set to: /Users/tomsayada/spectral_analysis_project/data/K_1_50.0_K_2_100.0_SNR_50.0_Q_0.5
2025-01-06 00:56:29,176 - INFO - Base output: /Users/tomsayada/spectral_analysis_project/data/K_1_50.0_K_2_100.0_SNR_50.0_Q_0.5/analysis_results_20250106_005629
2025-01-06 00:56:29,261 - INFO - Would run analysis with run_standard_fit.py on: /Users/tomsayada/spectral_analysis_project/data/K_1_50.0_K_2_100.0_SNR_50.0_Q_0.5/simulation_1
2025-01-06 00:56:29,261 - INFO - Found 25 observation files in /Users/tomsayada/spectral_analysis_project/data/K_1_50.0_K_2_100.0_SNR_50.0_Q_0.5/simulation_1
2025-01-06 00:56:29,262 - INFO - Would run analysis with run_standard_fit.py on: /Users/tomsayada/spectral_analysis_project/data/K_1_50.0_K_2_100.0_SNR_50.0_Q_0.5/simulation_2
2025-01-06 00:56:29,262 - INFO - Found 25 observation files in /Users/tomsayada/spectral_analysis_project/data/K_1_50.0_K_2_100.0_SNR_50.0_Q_0.5/simulation_2
2025-01-06 00:56:29,262 - INFO - Would run analysis with run_standard_fit.py on: /Users/tomsayada/spectral_analysis_project/data/K_1_50.0_K_2_100.0_SNR_50.0_Q_0.5/simulation_3
2025-01-06 00:56:29,262 - INFO - Found 25 observation files in /Users/tomsayada/spectral_analysis_project/data/K_1_50.0_K_2_100.0_SNR_50.0_Q_0.5/simulation_3
2025-01-06 00:56:29,262 - INFO - Would run analysis with run_standard_fit.py on: /Users/tomsayada/spectral_analysis_project/data/K_1_50.0_K_2_100.0_SNR_50.0_Q_0.5/simulation_4
2025-01-06 00:56:29,262 - INFO - Found 25 observation files in /Users/tomsayada/spectral_analysis_project/data/K_1_50.0_K_2_100.0_SNR_50.0_Q_0.5/simulation_4
2025-01-06 00:56:29,262 - INFO - Would run analysis with run_standard_fit.py on: /Users/tomsayada/spectral_analysis_project/data/K_1_50.0_K_2_100.0_SNR_50.0_Q_0.5/simulation_5
2025-01-06 00:56:29,262 - INFO - Found 25 observation files in /Users/tomsayada/spectral_analysis_project/data/K_1_50.0_K_2_100.0_SNR_50.0_Q_0.5/simulation_5
2025-01-06 00:56:29,263 - INFO - Would run analysis with run_standard_fit.py on: /Users/tomsayada/spectral_analysis_project/data/K_1_50.0_K_2_100.0_SNR_50.0_Q_0.5/simulation_6
2025-01-06 00:56:29,263 - INFO - Would run analysis with run_standard_fit.py on: /Users/tomsayada/spectral_analysis_project/data/K_1_50.0_K_2_100.0_SNR_50.0_Q_0.5/simulation_7
2025-01-06 00:56:29,263 - INFO - Found 25 observation files in /Users/tomsayada/spectral_analysis_project/data/K_1_50.0_K_2_100.0_SNR_50.0_Q_0.5/simulation_6
2025-01-06 00:56:29,263 - INFO - Would run analysis with run_standard_fit.py on: /Users/tomsayada/spectral_analysis_project/data/K_1_50.0_K_2_100.0_SNR_50.0_Q_0.5/simulation_8
2025-01-06 00:56:29,263 - INFO - Found 25 observation files in /Users/tomsayada/spectral_analysis_project/data/K_1_50.0_K_2_100.0_SNR_50.0_Q_0.5/simulation_7
2025-01-06 00:56:29,263 - INFO - Would run analysis with run_standard_fit.py on: /Users/tomsayada/spectral_analysis_project/data/K_1_50.0_K_2_100.0_SNR_50.0_Q_0.5/simulation_9
2025-01-06 00:56:29,263 - INFO - Found 25 observation files in /Users/tomsayada/spectral_analysis_project/data/K_1_50.0_K_2_100.0_SNR_50.0_Q_0.5/simulation_8
2025-01-06 00:56:29,263 - INFO - Would run analysis with run_standard_fit.py on: /Users/tomsayada/spectral_analysis_project/data/K_1_50.0_K_2_100.0_SNR_50.0_Q_0.5/simulation_10
2025-01-06 00:56:29,263 - INFO - Found 25 observation files in /Users/tomsayada/spectral_analysis_project/data/K_1_50.0_K_2_100.0_SNR_50.0_Q_0.5/simulation_9
2025-01-06 00:56:29,263 - INFO - Found 25 observation files in /Users/tomsayada/spectral_analysis_project/data/K_1_50.0_K_2_100.0_SNR_50.0_Q_0.5/simulation_10
2025-01-06 00:56:29,279 - INFO - Analysis complete: 10/10 successful
2025-01-06 01:10:25,442 - INFO - Select the parent data folder:
2025-01-06 01:10:48,746 - INFO - User selected folder: /Users/tomsayada/spectral_analysis_project/data/K_1_50.0_K_2_100.0_SNR_50.0_Q_0.5
2025-01-06 01:10:48,747 - INFO - Data folder set to: /Users/tomsayada/spectral_analysis_project/data/K_1_50.0_K_2_100.0_SNR_50.0_Q_0.5
2025-01-06 01:10:48,747 - INFO - Base output: /Users/tomsayada/spectral_analysis_project/data/K_1_50.0_K_2_100.0_SNR_50.0_Q_0.5/analysis_results_20250106_011048
2025-01-06 01:10:48,835 - INFO - Found 25 observation files in /Users/tomsayada/spectral_analysis_project/data/K_1_50.0_K_2_100.0_SNR_50.0_Q_0.5/simulation_1
2025-01-06 01:10:48,835 - INFO - Running command: /usr/local/bin/python3.13 /Users/tomsayada/spectral_analysis_project/src/runs_standard_fit.py --data_dir /Users/tomsayada/spectral_analysis_project/data/K_1_50.0_K_2_100.0_SNR_50.0_Q_0.5/simulation_1 --output_dir /Users/tomsayada/spectral_analysis_project/data/K_1_50.0_K_2_100.0_SNR_50.0_Q_0.5/simulation_1/standard_sym_weighted_nobaseline_fit_results --profile_type sym --lines He4026,He4388,He4471
2025-01-06 01:10:48,836 - INFO - Found 25 observation files in /Users/tomsayada/spectral_analysis_project/data/K_1_50.0_K_2_100.0_SNR_50.0_Q_0.5/simulation_2
2025-01-06 01:10:48,837 - INFO - Running command: /usr/local/bin/python3.13 /Users/tomsayada/spectral_analysis_project/src/runs_standard_fit.py --data_dir /Users/tomsayada/spectral_analysis_project/data/K_1_50.0_K_2_100.0_SNR_50.0_Q_0.5/simulation_2 --output_dir /Users/tomsayada/spectral_analysis_project/data/K_1_50.0_K_2_100.0_SNR_50.0_Q_0.5/simulation_2/standard_sym_weighted_nobaseline_fit_results --profile_type sym --lines He4026,He4388,He4471
2025-01-06 01:10:48,839 - INFO - Found 25 observation files in /Users/tomsayada/spectral_analysis_project/data/K_1_50.0_K_2_100.0_SNR_50.0_Q_0.5/simulation_3
2025-01-06 01:10:48,840 - INFO - Running command: /usr/local/bin/python3.13 /Users/tomsayada/spectral_analysis_project/src/runs_standard_fit.py --data_dir /Users/tomsayada/spectral_analysis_project/data/K_1_50.0_K_2_100.0_SNR_50.0_Q_0.5/simulation_3 --output_dir /Users/tomsayada/spectral_analysis_project/data/K_1_50.0_K_2_100.0_SNR_50.0_Q_0.5/simulation_3/standard_sym_weighted_nobaseline_fit_results --profile_type sym --lines He4026,He4388,He4471
2025-01-06 01:10:48,845 - INFO - Found 25 observation files in /Users/tomsayada/spectral_analysis_project/data/K_1_50.0_K_2_100.0_SNR_50.0_Q_0.5/simulation_4
2025-01-06 01:10:48,845 - INFO - Running command: /usr/local/bin/python3.13 /Users/tomsayada/spectral_analysis_project/src/runs_standard_fit.py --data_dir /Users/tomsayada/spectral_analysis_project/data/K_1_50.0_K_2_100.0_SNR_50.0_Q_0.5/simulation_4 --output_dir /Users/tomsayada/spectral_analysis_project/data/K_1_50.0_K_2_100.0_SNR_50.0_Q_0.5/simulation_4/standard_sym_weighted_nobaseline_fit_results --profile_type sym --lines He4026,He4388,He4471
2025-01-06 01:10:48,851 - ERROR - runs_standard_fit.py failed (rc=2)
STDOUT:

STDERR:
/Library/Frameworks/Python.framework/Versions/3.13/Resources/Python.app/Contents/MacOS/Python: can't open file '/Users/tomsayada/spectral_analysis_project/src/runs_standard_fit.py': [Errno 2] No such file or directory

2025-01-06 01:10:48,851 - INFO - Retrying /Users/tomsayada/spectral_analysis_project/data/K_1_50.0_K_2_100.0_SNR_50.0_Q_0.5/simulation_2 (attempt 1)
2025-01-06 01:10:48,851 - ERROR - runs_standard_fit.py failed (rc=2)
STDOUT:

STDERR:
/Library/Frameworks/Python.framework/Versions/3.13/Resources/Python.app/Contents/MacOS/Python: can't open file '/Users/tomsayada/spectral_analysis_project/src/runs_standard_fit.py': [Errno 2] No such file or directory

2025-01-06 01:10:48,851 - INFO - Retrying /Users/tomsayada/spectral_analysis_project/data/K_1_50.0_K_2_100.0_SNR_50.0_Q_0.5/simulation_1 (attempt 1)
2025-01-06 01:10:48,851 - INFO - Found 25 observation files in /Users/tomsayada/spectral_analysis_project/data/K_1_50.0_K_2_100.0_SNR_50.0_Q_0.5/simulation_2
2025-01-06 01:10:48,852 - INFO - Found 25 observation files in /Users/tomsayada/spectral_analysis_project/data/K_1_50.0_K_2_100.0_SNR_50.0_Q_0.5/simulation_1
2025-01-06 01:10:48,852 - INFO - Running command: /usr/local/bin/python3.13 /Users/tomsayada/spectral_analysis_project/src/runs_standard_fit.py --data_dir /Users/tomsayada/spectral_analysis_project/data/K_1_50.0_K_2_100.0_SNR_50.0_Q_0.5/simulation_2 --output_dir /Users/tomsayada/spectral_analysis_project/data/K_1_50.0_K_2_100.0_SNR_50.0_Q_0.5/simulation_2/standard_sym_weighted_nobaseline_fit_results --profile_type sym --lines He4026,He4388,He4471
2025-01-06 01:10:48,852 - INFO - Running command: /usr/local/bin/python3.13 /Users/tomsayada/spectral_analysis_project/src/runs_standard_fit.py --data_dir /Users/tomsayada/spectral_analysis_project/data/K_1_50.0_K_2_100.0_SNR_50.0_Q_0.5/simulation_1 --output_dir /Users/tomsayada/spectral_analysis_project/data/K_1_50.0_K_2_100.0_SNR_50.0_Q_0.5/simulation_1/standard_sym_weighted_nobaseline_fit_results --profile_type sym --lines He4026,He4388,He4471
2025-01-06 01:10:48,855 - ERROR - runs_standard_fit.py failed (rc=2)
STDOUT:

STDERR:
/Library/Frameworks/Python.framework/Versions/3.13/Resources/Python.app/Contents/MacOS/Python: can't open file '/Users/tomsayada/spectral_analysis_project/src/runs_standard_fit.py': [Errno 2] No such file or directory

2025-01-06 01:10:48,855 - INFO - Retrying /Users/tomsayada/spectral_analysis_project/data/K_1_50.0_K_2_100.0_SNR_50.0_Q_0.5/simulation_3 (attempt 1)
2025-01-06 01:10:48,855 - INFO - Found 25 observation files in /Users/tomsayada/spectral_analysis_project/data/K_1_50.0_K_2_100.0_SNR_50.0_Q_0.5/simulation_3
2025-01-06 01:10:48,855 - INFO - Running command: /usr/local/bin/python3.13 /Users/tomsayada/spectral_analysis_project/src/runs_standard_fit.py --data_dir /Users/tomsayada/spectral_analysis_project/data/K_1_50.0_K_2_100.0_SNR_50.0_Q_0.5/simulation_3 --output_dir /Users/tomsayada/spectral_analysis_project/data/K_1_50.0_K_2_100.0_SNR_50.0_Q_0.5/simulation_3/standard_sym_weighted_nobaseline_fit_results --profile_type sym --lines He4026,He4388,He4471
2025-01-06 01:10:48,860 - ERROR - runs_standard_fit.py failed (rc=2)
STDOUT:

STDERR:
/Library/Frameworks/Python.framework/Versions/3.13/Resources/Python.app/Contents/MacOS/Python: can't open file '/Users/tomsayada/spectral_analysis_project/src/runs_standard_fit.py': [Errno 2] No such file or directory

2025-01-06 01:10:48,860 - INFO - Retrying /Users/tomsayada/spectral_analysis_project/data/K_1_50.0_K_2_100.0_SNR_50.0_Q_0.5/simulation_4 (attempt 1)
2025-01-06 01:10:48,860 - INFO - Found 25 observation files in /Users/tomsayada/spectral_analysis_project/data/K_1_50.0_K_2_100.0_SNR_50.0_Q_0.5/simulation_4
2025-01-06 01:10:48,860 - INFO - Running command: /usr/local/bin/python3.13 /Users/tomsayada/spectral_analysis_project/src/runs_standard_fit.py --data_dir /Users/tomsayada/spectral_analysis_project/data/K_1_50.0_K_2_100.0_SNR_50.0_Q_0.5/simulation_4 --output_dir /Users/tomsayada/spectral_analysis_project/data/K_1_50.0_K_2_100.0_SNR_50.0_Q_0.5/simulation_4/standard_sym_weighted_nobaseline_fit_results --profile_type sym --lines He4026,He4388,He4471
2025-01-06 01:10:48,867 - ERROR - runs_standard_fit.py failed (rc=2)
STDOUT:

STDERR:
/Library/Frameworks/Python.framework/Versions/3.13/Resources/Python.app/Contents/MacOS/Python: can't open file '/Users/tomsayada/spectral_analysis_project/src/runs_standard_fit.py': [Errno 2] No such file or directory

2025-01-06 01:10:48,867 - ERROR - runs_standard_fit.py failed (rc=2)
STDOUT:

STDERR:
/Library/Frameworks/Python.framework/Versions/3.13/Resources/Python.app/Contents/MacOS/Python: can't open file '/Users/tomsayada/spectral_analysis_project/src/runs_standard_fit.py': [Errno 2] No such file or directory

2025-01-06 01:10:48,867 - INFO - Retrying /Users/tomsayada/spectral_analysis_project/data/K_1_50.0_K_2_100.0_SNR_50.0_Q_0.5/simulation_2 (attempt 2)
2025-01-06 01:10:48,867 - INFO - Retrying /Users/tomsayada/spectral_analysis_project/data/K_1_50.0_K_2_100.0_SNR_50.0_Q_0.5/simulation_1 (attempt 2)
2025-01-06 01:10:48,867 - INFO - Found 25 observation files in /Users/tomsayada/spectral_analysis_project/data/K_1_50.0_K_2_100.0_SNR_50.0_Q_0.5/simulation_2
2025-01-06 01:10:48,867 - INFO - Found 25 observation files in /Users/tomsayada/spectral_analysis_project/data/K_1_50.0_K_2_100.0_SNR_50.0_Q_0.5/simulation_1
2025-01-06 01:10:48,867 - INFO - Running command: /usr/local/bin/python3.13 /Users/tomsayada/spectral_analysis_project/src/runs_standard_fit.py --data_dir /Users/tomsayada/spectral_analysis_project/data/K_1_50.0_K_2_100.0_SNR_50.0_Q_0.5/simulation_2 --output_dir /Users/tomsayada/spectral_analysis_project/data/K_1_50.0_K_2_100.0_SNR_50.0_Q_0.5/simulation_2/standard_sym_weighted_nobaseline_fit_results --profile_type sym --lines He4026,He4388,He4471
2025-01-06 01:10:48,867 - INFO - Running command: /usr/local/bin/python3.13 /Users/tomsayada/spectral_analysis_project/src/runs_standard_fit.py --data_dir /Users/tomsayada/spectral_analysis_project/data/K_1_50.0_K_2_100.0_SNR_50.0_Q_0.5/simulation_1 --output_dir /Users/tomsayada/spectral_analysis_project/data/K_1_50.0_K_2_100.0_SNR_50.0_Q_0.5/simulation_1/standard_sym_weighted_nobaseline_fit_results --profile_type sym --lines He4026,He4388,He4471
2025-01-06 01:10:48,870 - ERROR - runs_standard_fit.py failed (rc=2)
STDOUT:

STDERR:
/Library/Frameworks/Python.framework/Versions/3.13/Resources/Python.app/Contents/MacOS/Python: can't open file '/Users/tomsayada/spectral_analysis_project/src/runs_standard_fit.py': [Errno 2] No such file or directory

2025-01-06 01:10:48,870 - INFO - Retrying /Users/tomsayada/spectral_analysis_project/data/K_1_50.0_K_2_100.0_SNR_50.0_Q_0.5/simulation_3 (attempt 2)
2025-01-06 01:10:48,870 - INFO - Found 25 observation files in /Users/tomsayada/spectral_analysis_project/data/K_1_50.0_K_2_100.0_SNR_50.0_Q_0.5/simulation_3
2025-01-06 01:10:48,870 - INFO - Running command: /usr/local/bin/python3.13 /Users/tomsayada/spectral_analysis_project/src/runs_standard_fit.py --data_dir /Users/tomsayada/spectral_analysis_project/data/K_1_50.0_K_2_100.0_SNR_50.0_Q_0.5/simulation_3 --output_dir /Users/tomsayada/spectral_analysis_project/data/K_1_50.0_K_2_100.0_SNR_50.0_Q_0.5/simulation_3/standard_sym_weighted_nobaseline_fit_results --profile_type sym --lines He4026,He4388,He4471
2025-01-06 01:10:48,874 - ERROR - runs_standard_fit.py failed (rc=2)
STDOUT:

STDERR:
/Library/Frameworks/Python.framework/Versions/3.13/Resources/Python.app/Contents/MacOS/Python: can't open file '/Users/tomsayada/spectral_analysis_project/src/runs_standard_fit.py': [Errno 2] No such file or directory

2025-01-06 01:10:48,875 - INFO - Retrying /Users/tomsayada/spectral_analysis_project/data/K_1_50.0_K_2_100.0_SNR_50.0_Q_0.5/simulation_4 (attempt 2)
2025-01-06 01:10:48,875 - INFO - Found 25 observation files in /Users/tomsayada/spectral_analysis_project/data/K_1_50.0_K_2_100.0_SNR_50.0_Q_0.5/simulation_4
2025-01-06 01:10:48,875 - INFO - Running command: /usr/local/bin/python3.13 /Users/tomsayada/spectral_analysis_project/src/runs_standard_fit.py --data_dir /Users/tomsayada/spectral_analysis_project/data/K_1_50.0_K_2_100.0_SNR_50.0_Q_0.5/simulation_4 --output_dir /Users/tomsayada/spectral_analysis_project/data/K_1_50.0_K_2_100.0_SNR_50.0_Q_0.5/simulation_4/standard_sym_weighted_nobaseline_fit_results --profile_type sym --lines He4026,He4388,He4471
2025-01-06 01:10:48,884 - ERROR - runs_standard_fit.py failed (rc=2)
STDOUT:

STDERR:
/Library/Frameworks/Python.framework/Versions/3.13/Resources/Python.app/Contents/MacOS/Python: can't open file '/Users/tomsayada/spectral_analysis_project/src/runs_standard_fit.py': [Errno 2] No such file or directory

2025-01-06 01:10:48,884 - INFO - Retrying /Users/tomsayada/spectral_analysis_project/data/K_1_50.0_K_2_100.0_SNR_50.0_Q_0.5/simulation_2 (attempt 3)
2025-01-06 01:10:48,884 - INFO - Found 25 observation files in /Users/tomsayada/spectral_analysis_project/data/K_1_50.0_K_2_100.0_SNR_50.0_Q_0.5/simulation_2
2025-01-06 01:10:48,884 - INFO - Running command: /usr/local/bin/python3.13 /Users/tomsayada/spectral_analysis_project/src/runs_standard_fit.py --data_dir /Users/tomsayada/spectral_analysis_project/data/K_1_50.0_K_2_100.0_SNR_50.0_Q_0.5/simulation_2 --output_dir /Users/tomsayada/spectral_analysis_project/data/K_1_50.0_K_2_100.0_SNR_50.0_Q_0.5/simulation_2/standard_sym_weighted_nobaseline_fit_results --profile_type sym --lines He4026,He4388,He4471
2025-01-06 01:10:48,884 - ERROR - runs_standard_fit.py failed (rc=2)
STDOUT:

STDERR:
/Library/Frameworks/Python.framework/Versions/3.13/Resources/Python.app/Contents/MacOS/Python: can't open file '/Users/tomsayada/spectral_analysis_project/src/runs_standard_fit.py': [Errno 2] No such file or directory

2025-01-06 01:10:48,884 - INFO - Retrying /Users/tomsayada/spectral_analysis_project/data/K_1_50.0_K_2_100.0_SNR_50.0_Q_0.5/simulation_1 (attempt 3)
2025-01-06 01:10:48,884 - INFO - Found 25 observation files in /Users/tomsayada/spectral_analysis_project/data/K_1_50.0_K_2_100.0_SNR_50.0_Q_0.5/simulation_1
2025-01-06 01:10:48,884 - INFO - Running command: /usr/local/bin/python3.13 /Users/tomsayada/spectral_analysis_project/src/runs_standard_fit.py --data_dir /Users/tomsayada/spectral_analysis_project/data/K_1_50.0_K_2_100.0_SNR_50.0_Q_0.5/simulation_1 --output_dir /Users/tomsayada/spectral_analysis_project/data/K_1_50.0_K_2_100.0_SNR_50.0_Q_0.5/simulation_1/standard_sym_weighted_nobaseline_fit_results --profile_type sym --lines He4026,He4388,He4471
2025-01-06 01:10:48,885 - ERROR - runs_standard_fit.py failed (rc=2)
STDOUT:

STDERR:
/Library/Frameworks/Python.framework/Versions/3.13/Resources/Python.app/Contents/MacOS/Python: can't open file '/Users/tomsayada/spectral_analysis_project/src/runs_standard_fit.py': [Errno 2] No such file or directory

2025-01-06 01:10:48,885 - INFO - Retrying /Users/tomsayada/spectral_analysis_project/data/K_1_50.0_K_2_100.0_SNR_50.0_Q_0.5/simulation_3 (attempt 3)
2025-01-06 01:10:48,885 - INFO - Found 25 observation files in /Users/tomsayada/spectral_analysis_project/data/K_1_50.0_K_2_100.0_SNR_50.0_Q_0.5/simulation_3
2025-01-06 01:10:48,885 - INFO - Running command: /usr/local/bin/python3.13 /Users/tomsayada/spectral_analysis_project/src/runs_standard_fit.py --data_dir /Users/tomsayada/spectral_analysis_project/data/K_1_50.0_K_2_100.0_SNR_50.0_Q_0.5/simulation_3 --output_dir /Users/tomsayada/spectral_analysis_project/data/K_1_50.0_K_2_100.0_SNR_50.0_Q_0.5/simulation_3/standard_sym_weighted_nobaseline_fit_results --profile_type sym --lines He4026,He4388,He4471
2025-01-06 01:10:48,889 - ERROR - runs_standard_fit.py failed (rc=2)
STDOUT:

STDERR:
/Library/Frameworks/Python.framework/Versions/3.13/Resources/Python.app/Contents/MacOS/Python: can't open file '/Users/tomsayada/spectral_analysis_project/src/runs_standard_fit.py': [Errno 2] No such file or directory

2025-01-06 01:10:48,889 - INFO - Retrying /Users/tomsayada/spectral_analysis_project/data/K_1_50.0_K_2_100.0_SNR_50.0_Q_0.5/simulation_4 (attempt 3)
2025-01-06 01:10:48,889 - INFO - Found 25 observation files in /Users/tomsayada/spectral_analysis_project/data/K_1_50.0_K_2_100.0_SNR_50.0_Q_0.5/simulation_4
2025-01-06 01:10:48,889 - INFO - Running command: /usr/local/bin/python3.13 /Users/tomsayada/spectral_analysis_project/src/runs_standard_fit.py --data_dir /Users/tomsayada/spectral_analysis_project/data/K_1_50.0_K_2_100.0_SNR_50.0_Q_0.5/simulation_4 --output_dir /Users/tomsayada/spectral_analysis_project/data/K_1_50.0_K_2_100.0_SNR_50.0_Q_0.5/simulation_4/standard_sym_weighted_nobaseline_fit_results --profile_type sym --lines He4026,He4388,He4471
2025-01-06 01:10:48,900 - ERROR - runs_standard_fit.py failed (rc=2)
STDOUT:

STDERR:
/Library/Frameworks/Python.framework/Versions/3.13/Resources/Python.app/Contents/MacOS/Python: can't open file '/Users/tomsayada/spectral_analysis_project/src/runs_standard_fit.py': [Errno 2] No such file or directory

2025-01-06 01:10:48,900 - ERROR - runs_standard_fit.py failed (rc=2)
STDOUT:

STDERR:
/Library/Frameworks/Python.framework/Versions/3.13/Resources/Python.app/Contents/MacOS/Python: can't open file '/Users/tomsayada/spectral_analysis_project/src/runs_standard_fit.py': [Errno 2] No such file or directory

2025-01-06 01:10:48,900 - ERROR - runs_standard_fit.py failed (rc=2)
STDOUT:

STDERR:
/Library/Frameworks/Python.framework/Versions/3.13/Resources/Python.app/Contents/MacOS/Python: can't open file '/Users/tomsayada/spectral_analysis_project/src/runs_standard_fit.py': [Errno 2] No such file or directory

2025-01-06 01:10:48,901 - INFO - Found 25 observation files in /Users/tomsayada/spectral_analysis_project/data/K_1_50.0_K_2_100.0_SNR_50.0_Q_0.5/simulation_6
2025-01-06 01:10:48,901 - INFO - Found 25 observation files in /Users/tomsayada/spectral_analysis_project/data/K_1_50.0_K_2_100.0_SNR_50.0_Q_0.5/simulation_7
2025-01-06 01:10:48,901 - INFO - Running command: /usr/local/bin/python3.13 /Users/tomsayada/spectral_analysis_project/src/runs_standard_fit.py --data_dir /Users/tomsayada/spectral_analysis_project/data/K_1_50.0_K_2_100.0_SNR_50.0_Q_0.5/simulation_6 --output_dir /Users/tomsayada/spectral_analysis_project/data/K_1_50.0_K_2_100.0_SNR_50.0_Q_0.5/simulation_6/standard_sym_weighted_nobaseline_fit_results --profile_type sym --lines He4026,He4388,He4471
2025-01-06 01:10:48,901 - INFO - Found 25 observation files in /Users/tomsayada/spectral_analysis_project/data/K_1_50.0_K_2_100.0_SNR_50.0_Q_0.5/simulation_5
2025-01-06 01:10:48,901 - INFO - Running command: /usr/local/bin/python3.13 /Users/tomsayada/spectral_analysis_project/src/runs_standard_fit.py --data_dir /Users/tomsayada/spectral_analysis_project/data/K_1_50.0_K_2_100.0_SNR_50.0_Q_0.5/simulation_7 --output_dir /Users/tomsayada/spectral_analysis_project/data/K_1_50.0_K_2_100.0_SNR_50.0_Q_0.5/simulation_7/standard_sym_weighted_nobaseline_fit_results --profile_type sym --lines He4026,He4388,He4471
2025-01-06 01:10:48,901 - INFO - Running command: /usr/local/bin/python3.13 /Users/tomsayada/spectral_analysis_project/src/runs_standard_fit.py --data_dir /Users/tomsayada/spectral_analysis_project/data/K_1_50.0_K_2_100.0_SNR_50.0_Q_0.5/simulation_5 --output_dir /Users/tomsayada/spectral_analysis_project/data/K_1_50.0_K_2_100.0_SNR_50.0_Q_0.5/simulation_5/standard_sym_weighted_nobaseline_fit_results --profile_type sym --lines He4026,He4388,He4471
2025-01-06 01:10:48,903 - ERROR - runs_standard_fit.py failed (rc=2)
STDOUT:

STDERR:
/Library/Frameworks/Python.framework/Versions/3.13/Resources/Python.app/Contents/MacOS/Python: can't open file '/Users/tomsayada/spectral_analysis_project/src/runs_standard_fit.py': [Errno 2] No such file or directory

2025-01-06 01:10:48,904 - INFO - Found 25 observation files in /Users/tomsayada/spectral_analysis_project/data/K_1_50.0_K_2_100.0_SNR_50.0_Q_0.5/simulation_8
2025-01-06 01:10:48,904 - INFO - Running command: /usr/local/bin/python3.13 /Users/tomsayada/spectral_analysis_project/src/runs_standard_fit.py --data_dir /Users/tomsayada/spectral_analysis_project/data/K_1_50.0_K_2_100.0_SNR_50.0_Q_0.5/simulation_8 --output_dir /Users/tomsayada/spectral_analysis_project/data/K_1_50.0_K_2_100.0_SNR_50.0_Q_0.5/simulation_8/standard_sym_weighted_nobaseline_fit_results --profile_type sym --lines He4026,He4388,He4471
2025-01-06 01:10:48,918 - ERROR - runs_standard_fit.py failed (rc=2)
STDOUT:

STDERR:
/Library/Frameworks/Python.framework/Versions/3.13/Resources/Python.app/Contents/MacOS/Python: can't open file '/Users/tomsayada/spectral_analysis_project/src/runs_standard_fit.py': [Errno 2] No such file or directory

2025-01-06 01:10:48,918 - INFO - Retrying /Users/tomsayada/spectral_analysis_project/data/K_1_50.0_K_2_100.0_SNR_50.0_Q_0.5/simulation_7 (attempt 1)
2025-01-06 01:10:48,918 - ERROR - runs_standard_fit.py failed (rc=2)
STDOUT:

STDERR:
/Library/Frameworks/Python.framework/Versions/3.13/Resources/Python.app/Contents/MacOS/Python: can't open file '/Users/tomsayada/spectral_analysis_project/src/runs_standard_fit.py': [Errno 2] No such file or directory

2025-01-06 01:10:48,918 - INFO - Retrying /Users/tomsayada/spectral_analysis_project/data/K_1_50.0_K_2_100.0_SNR_50.0_Q_0.5/simulation_5 (attempt 1)
2025-01-06 01:10:48,918 - ERROR - runs_standard_fit.py failed (rc=2)
STDOUT:

STDERR:
/Library/Frameworks/Python.framework/Versions/3.13/Resources/Python.app/Contents/MacOS/Python: can't open file '/Users/tomsayada/spectral_analysis_project/src/runs_standard_fit.py': [Errno 2] No such file or directory

2025-01-06 01:10:48,918 - INFO - Retrying /Users/tomsayada/spectral_analysis_project/data/K_1_50.0_K_2_100.0_SNR_50.0_Q_0.5/simulation_6 (attempt 1)
2025-01-06 01:10:48,918 - INFO - Found 25 observation files in /Users/tomsayada/spectral_analysis_project/data/K_1_50.0_K_2_100.0_SNR_50.0_Q_0.5/simulation_7
2025-01-06 01:10:48,918 - INFO - Found 25 observation files in /Users/tomsayada/spectral_analysis_project/data/K_1_50.0_K_2_100.0_SNR_50.0_Q_0.5/simulation_5
2025-01-06 01:10:48,918 - INFO - Found 25 observation files in /Users/tomsayada/spectral_analysis_project/data/K_1_50.0_K_2_100.0_SNR_50.0_Q_0.5/simulation_6
2025-01-06 01:10:48,918 - INFO - Running command: /usr/local/bin/python3.13 /Users/tomsayada/spectral_analysis_project/src/runs_standard_fit.py --data_dir /Users/tomsayada/spectral_analysis_project/data/K_1_50.0_K_2_100.0_SNR_50.0_Q_0.5/simulation_7 --output_dir /Users/tomsayada/spectral_analysis_project/data/K_1_50.0_K_2_100.0_SNR_50.0_Q_0.5/simulation_7/standard_sym_weighted_nobaseline_fit_results --profile_type sym --lines He4026,He4388,He4471
2025-01-06 01:10:48,918 - INFO - Running command: /usr/local/bin/python3.13 /Users/tomsayada/spectral_analysis_project/src/runs_standard_fit.py --data_dir /Users/tomsayada/spectral_analysis_project/data/K_1_50.0_K_2_100.0_SNR_50.0_Q_0.5/simulation_5 --output_dir /Users/tomsayada/spectral_analysis_project/data/K_1_50.0_K_2_100.0_SNR_50.0_Q_0.5/simulation_5/standard_sym_weighted_nobaseline_fit_results --profile_type sym --lines He4026,He4388,He4471
2025-01-06 01:10:48,919 - INFO - Running command: /usr/local/bin/python3.13 /Users/tomsayada/spectral_analysis_project/src/runs_standard_fit.py --data_dir /Users/tomsayada/spectral_analysis_project/data/K_1_50.0_K_2_100.0_SNR_50.0_Q_0.5/simulation_6 --output_dir /Users/tomsayada/spectral_analysis_project/data/K_1_50.0_K_2_100.0_SNR_50.0_Q_0.5/simulation_6/standard_sym_weighted_nobaseline_fit_results --profile_type sym --lines He4026,He4388,He4471
2025-01-06 01:10:48,919 - ERROR - runs_standard_fit.py failed (rc=2)
STDOUT:

STDERR:
/Library/Frameworks/Python.framework/Versions/3.13/Resources/Python.app/Contents/MacOS/Python: can't open file '/Users/tomsayada/spectral_analysis_project/src/runs_standard_fit.py': [Errno 2] No such file or directory

2025-01-06 01:10:48,919 - INFO - Retrying /Users/tomsayada/spectral_analysis_project/data/K_1_50.0_K_2_100.0_SNR_50.0_Q_0.5/simulation_8 (attempt 1)
2025-01-06 01:10:48,919 - INFO - Found 25 observation files in /Users/tomsayada/spectral_analysis_project/data/K_1_50.0_K_2_100.0_SNR_50.0_Q_0.5/simulation_8
2025-01-06 01:10:48,919 - INFO - Running command: /usr/local/bin/python3.13 /Users/tomsayada/spectral_analysis_project/src/runs_standard_fit.py --data_dir /Users/tomsayada/spectral_analysis_project/data/K_1_50.0_K_2_100.0_SNR_50.0_Q_0.5/simulation_8 --output_dir /Users/tomsayada/spectral_analysis_project/data/K_1_50.0_K_2_100.0_SNR_50.0_Q_0.5/simulation_8/standard_sym_weighted_nobaseline_fit_results --profile_type sym --lines He4026,He4388,He4471
2025-01-06 01:10:48,935 - ERROR - runs_standard_fit.py failed (rc=2)
STDOUT:

STDERR:
/Library/Frameworks/Python.framework/Versions/3.13/Resources/Python.app/Contents/MacOS/Python: can't open file '/Users/tomsayada/spectral_analysis_project/src/runs_standard_fit.py': [Errno 2] No such file or directory

2025-01-06 01:10:48,935 - INFO - Retrying /Users/tomsayada/spectral_analysis_project/data/K_1_50.0_K_2_100.0_SNR_50.0_Q_0.5/simulation_8 (attempt 2)
2025-01-06 01:10:48,935 - INFO - Found 25 observation files in /Users/tomsayada/spectral_analysis_project/data/K_1_50.0_K_2_100.0_SNR_50.0_Q_0.5/simulation_8
2025-01-06 01:10:48,935 - ERROR - runs_standard_fit.py failed (rc=2)
STDOUT:

STDERR:
/Library/Frameworks/Python.framework/Versions/3.13/Resources/Python.app/Contents/MacOS/Python: can't open file '/Users/tomsayada/spectral_analysis_project/src/runs_standard_fit.py': [Errno 2] No such file or directory

2025-01-06 01:10:48,935 - ERROR - runs_standard_fit.py failed (rc=2)
STDOUT:

STDERR:
/Library/Frameworks/Python.framework/Versions/3.13/Resources/Python.app/Contents/MacOS/Python: can't open file '/Users/tomsayada/spectral_analysis_project/src/runs_standard_fit.py': [Errno 2] No such file or directory

2025-01-06 01:10:48,935 - INFO - Running command: /usr/local/bin/python3.13 /Users/tomsayada/spectral_analysis_project/src/runs_standard_fit.py --data_dir /Users/tomsayada/spectral_analysis_project/data/K_1_50.0_K_2_100.0_SNR_50.0_Q_0.5/simulation_8 --output_dir /Users/tomsayada/spectral_analysis_project/data/K_1_50.0_K_2_100.0_SNR_50.0_Q_0.5/simulation_8/standard_sym_weighted_nobaseline_fit_results --profile_type sym --lines He4026,He4388,He4471
2025-01-06 01:10:48,935 - ERROR - runs_standard_fit.py failed (rc=2)
STDOUT:

STDERR:
/Library/Frameworks/Python.framework/Versions/3.13/Resources/Python.app/Contents/MacOS/Python: can't open file '/Users/tomsayada/spectral_analysis_project/src/runs_standard_fit.py': [Errno 2] No such file or directory

2025-01-06 01:10:48,935 - INFO - Retrying /Users/tomsayada/spectral_analysis_project/data/K_1_50.0_K_2_100.0_SNR_50.0_Q_0.5/simulation_6 (attempt 2)
2025-01-06 01:10:48,935 - INFO - Retrying /Users/tomsayada/spectral_analysis_project/data/K_1_50.0_K_2_100.0_SNR_50.0_Q_0.5/simulation_5 (attempt 2)
2025-01-06 01:10:48,935 - INFO - Retrying /Users/tomsayada/spectral_analysis_project/data/K_1_50.0_K_2_100.0_SNR_50.0_Q_0.5/simulation_7 (attempt 2)
2025-01-06 01:10:48,935 - INFO - Found 25 observation files in /Users/tomsayada/spectral_analysis_project/data/K_1_50.0_K_2_100.0_SNR_50.0_Q_0.5/simulation_6
2025-01-06 01:10:48,935 - INFO - Found 25 observation files in /Users/tomsayada/spectral_analysis_project/data/K_1_50.0_K_2_100.0_SNR_50.0_Q_0.5/simulation_5
2025-01-06 01:10:48,935 - INFO - Found 25 observation files in /Users/tomsayada/spectral_analysis_project/data/K_1_50.0_K_2_100.0_SNR_50.0_Q_0.5/simulation_7
2025-01-06 01:10:48,935 - INFO - Running command: /usr/local/bin/python3.13 /Users/tomsayada/spectral_analysis_project/src/runs_standard_fit.py --data_dir /Users/tomsayada/spectral_analysis_project/data/K_1_50.0_K_2_100.0_SNR_50.0_Q_0.5/simulation_6 --output_dir /Users/tomsayada/spectral_analysis_project/data/K_1_50.0_K_2_100.0_SNR_50.0_Q_0.5/simulation_6/standard_sym_weighted_nobaseline_fit_results --profile_type sym --lines He4026,He4388,He4471
2025-01-06 01:10:48,935 - INFO - Running command: /usr/local/bin/python3.13 /Users/tomsayada/spectral_analysis_project/src/runs_standard_fit.py --data_dir /Users/tomsayada/spectral_analysis_project/data/K_1_50.0_K_2_100.0_SNR_50.0_Q_0.5/simulation_5 --output_dir /Users/tomsayada/spectral_analysis_project/data/K_1_50.0_K_2_100.0_SNR_50.0_Q_0.5/simulation_5/standard_sym_weighted_nobaseline_fit_results --profile_type sym --lines He4026,He4388,He4471
2025-01-06 01:10:48,935 - INFO - Running command: /usr/local/bin/python3.13 /Users/tomsayada/spectral_analysis_project/src/runs_standard_fit.py --data_dir /Users/tomsayada/spectral_analysis_project/data/K_1_50.0_K_2_100.0_SNR_50.0_Q_0.5/simulation_7 --output_dir /Users/tomsayada/spectral_analysis_project/data/K_1_50.0_K_2_100.0_SNR_50.0_Q_0.5/simulation_7/standard_sym_weighted_nobaseline_fit_results --profile_type sym --lines He4026,He4388,He4471
2025-01-06 01:10:48,953 - ERROR - runs_standard_fit.py failed (rc=2)
STDOUT:

STDERR:
/Library/Frameworks/Python.framework/Versions/3.13/Resources/Python.app/Contents/MacOS/Python: can't open file '/Users/tomsayada/spectral_analysis_project/src/runs_standard_fit.py': [Errno 2] No such file or directory

2025-01-06 01:10:48,953 - INFO - Retrying /Users/tomsayada/spectral_analysis_project/data/K_1_50.0_K_2_100.0_SNR_50.0_Q_0.5/simulation_7 (attempt 3)
2025-01-06 01:10:48,953 - ERROR - runs_standard_fit.py failed (rc=2)
STDOUT:

STDERR:
/Library/Frameworks/Python.framework/Versions/3.13/Resources/Python.app/Contents/MacOS/Python: can't open file '/Users/tomsayada/spectral_analysis_project/src/runs_standard_fit.py': [Errno 2] No such file or directory

2025-01-06 01:10:48,953 - INFO - Retrying /Users/tomsayada/spectral_analysis_project/data/K_1_50.0_K_2_100.0_SNR_50.0_Q_0.5/simulation_6 (attempt 3)
2025-01-06 01:10:48,953 - INFO - Found 25 observation files in /Users/tomsayada/spectral_analysis_project/data/K_1_50.0_K_2_100.0_SNR_50.0_Q_0.5/simulation_7
2025-01-06 01:10:48,953 - INFO - Found 25 observation files in /Users/tomsayada/spectral_analysis_project/data/K_1_50.0_K_2_100.0_SNR_50.0_Q_0.5/simulation_6
2025-01-06 01:10:48,953 - ERROR - runs_standard_fit.py failed (rc=2)
STDOUT:

STDERR:
/Library/Frameworks/Python.framework/Versions/3.13/Resources/Python.app/Contents/MacOS/Python: can't open file '/Users/tomsayada/spectral_analysis_project/src/runs_standard_fit.py': [Errno 2] No such file or directory

2025-01-06 01:10:48,953 - INFO - Running command: /usr/local/bin/python3.13 /Users/tomsayada/spectral_analysis_project/src/runs_standard_fit.py --data_dir /Users/tomsayada/spectral_analysis_project/data/K_1_50.0_K_2_100.0_SNR_50.0_Q_0.5/simulation_7 --output_dir /Users/tomsayada/spectral_analysis_project/data/K_1_50.0_K_2_100.0_SNR_50.0_Q_0.5/simulation_7/standard_sym_weighted_nobaseline_fit_results --profile_type sym --lines He4026,He4388,He4471
2025-01-06 01:10:48,953 - INFO - Retrying /Users/tomsayada/spectral_analysis_project/data/K_1_50.0_K_2_100.0_SNR_50.0_Q_0.5/simulation_5 (attempt 3)
2025-01-06 01:10:48,953 - INFO - Running command: /usr/local/bin/python3.13 /Users/tomsayada/spectral_analysis_project/src/runs_standard_fit.py --data_dir /Users/tomsayada/spectral_analysis_project/data/K_1_50.0_K_2_100.0_SNR_50.0_Q_0.5/simulation_6 --output_dir /Users/tomsayada/spectral_analysis_project/data/K_1_50.0_K_2_100.0_SNR_50.0_Q_0.5/simulation_6/standard_sym_weighted_nobaseline_fit_results --profile_type sym --lines He4026,He4388,He4471
2025-01-06 01:10:48,953 - ERROR - runs_standard_fit.py failed (rc=2)
STDOUT:

STDERR:
/Library/Frameworks/Python.framework/Versions/3.13/Resources/Python.app/Contents/MacOS/Python: can't open file '/Users/tomsayada/spectral_analysis_project/src/runs_standard_fit.py': [Errno 2] No such file or directory

2025-01-06 01:10:48,953 - INFO - Found 25 observation files in /Users/tomsayada/spectral_analysis_project/data/K_1_50.0_K_2_100.0_SNR_50.0_Q_0.5/simulation_5
2025-01-06 01:10:48,953 - INFO - Retrying /Users/tomsayada/spectral_analysis_project/data/K_1_50.0_K_2_100.0_SNR_50.0_Q_0.5/simulation_8 (attempt 3)
2025-01-06 01:10:48,953 - INFO - Running command: /usr/local/bin/python3.13 /Users/tomsayada/spectral_analysis_project/src/runs_standard_fit.py --data_dir /Users/tomsayada/spectral_analysis_project/data/K_1_50.0_K_2_100.0_SNR_50.0_Q_0.5/simulation_5 --output_dir /Users/tomsayada/spectral_analysis_project/data/K_1_50.0_K_2_100.0_SNR_50.0_Q_0.5/simulation_5/standard_sym_weighted_nobaseline_fit_results --profile_type sym --lines He4026,He4388,He4471
2025-01-06 01:10:48,953 - INFO - Found 25 observation files in /Users/tomsayada/spectral_analysis_project/data/K_1_50.0_K_2_100.0_SNR_50.0_Q_0.5/simulation_8
2025-01-06 01:10:48,953 - INFO - Running command: /usr/local/bin/python3.13 /Users/tomsayada/spectral_analysis_project/src/runs_standard_fit.py --data_dir /Users/tomsayada/spectral_analysis_project/data/K_1_50.0_K_2_100.0_SNR_50.0_Q_0.5/simulation_8 --output_dir /Users/tomsayada/spectral_analysis_project/data/K_1_50.0_K_2_100.0_SNR_50.0_Q_0.5/simulation_8/standard_sym_weighted_nobaseline_fit_results --profile_type sym --lines He4026,He4388,He4471
2025-01-06 01:10:48,976 - ERROR - runs_standard_fit.py failed (rc=2)
STDOUT:

STDERR:
/Library/Frameworks/Python.framework/Versions/3.13/Resources/Python.app/Contents/MacOS/Python: can't open file '/Users/tomsayada/spectral_analysis_project/src/runs_standard_fit.py': [Errno 2] No such file or directory

2025-01-06 01:10:48,977 - ERROR - runs_standard_fit.py failed (rc=2)
STDOUT:

STDERR:
/Library/Frameworks/Python.framework/Versions/3.13/Resources/Python.app/Contents/MacOS/Python: can't open file '/Users/tomsayada/spectral_analysis_project/src/runs_standard_fit.py': [Errno 2] No such file or directory

2025-01-06 01:10:48,977 - ERROR - runs_standard_fit.py failed (rc=2)
STDOUT:

STDERR:
/Library/Frameworks/Python.framework/Versions/3.13/Resources/Python.app/Contents/MacOS/Python: can't open file '/Users/tomsayada/spectral_analysis_project/src/runs_standard_fit.py': [Errno 2] No such file or directory

2025-01-06 01:10:48,977 - ERROR - runs_standard_fit.py failed (rc=2)
STDOUT:

STDERR:
/Library/Frameworks/Python.framework/Versions/3.13/Resources/Python.app/Contents/MacOS/Python: can't open file '/Users/tomsayada/spectral_analysis_project/src/runs_standard_fit.py': [Errno 2] No such file or directory

2025-01-06 01:10:48,977 - INFO - Found 25 observation files in /Users/tomsayada/spectral_analysis_project/data/K_1_50.0_K_2_100.0_SNR_50.0_Q_0.5/simulation_10
2025-01-06 01:10:48,977 - INFO - Found 25 observation files in /Users/tomsayada/spectral_analysis_project/data/K_1_50.0_K_2_100.0_SNR_50.0_Q_0.5/simulation_9
2025-01-06 01:10:48,977 - INFO - Running command: /usr/local/bin/python3.13 /Users/tomsayada/spectral_analysis_project/src/runs_standard_fit.py --data_dir /Users/tomsayada/spectral_analysis_project/data/K_1_50.0_K_2_100.0_SNR_50.0_Q_0.5/simulation_10 --output_dir /Users/tomsayada/spectral_analysis_project/data/K_1_50.0_K_2_100.0_SNR_50.0_Q_0.5/simulation_10/standard_sym_weighted_nobaseline_fit_results --profile_type sym --lines He4026,He4388,He4471
2025-01-06 01:10:48,977 - INFO - Running command: /usr/local/bin/python3.13 /Users/tomsayada/spectral_analysis_project/src/runs_standard_fit.py --data_dir /Users/tomsayada/spectral_analysis_project/data/K_1_50.0_K_2_100.0_SNR_50.0_Q_0.5/simulation_9 --output_dir /Users/tomsayada/spectral_analysis_project/data/K_1_50.0_K_2_100.0_SNR_50.0_Q_0.5/simulation_9/standard_sym_weighted_nobaseline_fit_results --profile_type sym --lines He4026,He4388,He4471
2025-01-06 01:10:48,996 - ERROR - runs_standard_fit.py failed (rc=2)
STDOUT:

STDERR:
/Library/Frameworks/Python.framework/Versions/3.13/Resources/Python.app/Contents/MacOS/Python: can't open file '/Users/tomsayada/spectral_analysis_project/src/runs_standard_fit.py': [Errno 2] No such file or directory

2025-01-06 01:10:48,996 - INFO - Retrying /Users/tomsayada/spectral_analysis_project/data/K_1_50.0_K_2_100.0_SNR_50.0_Q_0.5/simulation_10 (attempt 1)
2025-01-06 01:10:48,996 - INFO - Found 25 observation files in /Users/tomsayada/spectral_analysis_project/data/K_1_50.0_K_2_100.0_SNR_50.0_Q_0.5/simulation_10
2025-01-06 01:10:48,996 - INFO - Running command: /usr/local/bin/python3.13 /Users/tomsayada/spectral_analysis_project/src/runs_standard_fit.py --data_dir /Users/tomsayada/spectral_analysis_project/data/K_1_50.0_K_2_100.0_SNR_50.0_Q_0.5/simulation_10 --output_dir /Users/tomsayada/spectral_analysis_project/data/K_1_50.0_K_2_100.0_SNR_50.0_Q_0.5/simulation_10/standard_sym_weighted_nobaseline_fit_results --profile_type sym --lines He4026,He4388,He4471
2025-01-06 01:10:48,996 - ERROR - runs_standard_fit.py failed (rc=2)
STDOUT:

STDERR:
/Library/Frameworks/Python.framework/Versions/3.13/Resources/Python.app/Contents/MacOS/Python: can't open file '/Users/tomsayada/spectral_analysis_project/src/runs_standard_fit.py': [Errno 2] No such file or directory

2025-01-06 01:10:48,996 - INFO - Retrying /Users/tomsayada/spectral_analysis_project/data/K_1_50.0_K_2_100.0_SNR_50.0_Q_0.5/simulation_9 (attempt 1)
2025-01-06 01:10:48,996 - INFO - Found 25 observation files in /Users/tomsayada/spectral_analysis_project/data/K_1_50.0_K_2_100.0_SNR_50.0_Q_0.5/simulation_9
2025-01-06 01:10:48,996 - INFO - Running command: /usr/local/bin/python3.13 /Users/tomsayada/spectral_analysis_project/src/runs_standard_fit.py --data_dir /Users/tomsayada/spectral_analysis_project/data/K_1_50.0_K_2_100.0_SNR_50.0_Q_0.5/simulation_9 --output_dir /Users/tomsayada/spectral_analysis_project/data/K_1_50.0_K_2_100.0_SNR_50.0_Q_0.5/simulation_9/standard_sym_weighted_nobaseline_fit_results --profile_type sym --lines He4026,He4388,He4471
2025-01-06 01:10:49,012 - ERROR - runs_standard_fit.py failed (rc=2)
STDOUT:

STDERR:
/Library/Frameworks/Python.framework/Versions/3.13/Resources/Python.app/Contents/MacOS/Python: can't open file '/Users/tomsayada/spectral_analysis_project/src/runs_standard_fit.py': [Errno 2] No such file or directory

2025-01-06 01:10:49,012 - INFO - Retrying /Users/tomsayada/spectral_analysis_project/data/K_1_50.0_K_2_100.0_SNR_50.0_Q_0.5/simulation_10 (attempt 2)
2025-01-06 01:10:49,012 - INFO - Found 25 observation files in /Users/tomsayada/spectral_analysis_project/data/K_1_50.0_K_2_100.0_SNR_50.0_Q_0.5/simulation_10
2025-01-06 01:10:49,012 - INFO - Running command: /usr/local/bin/python3.13 /Users/tomsayada/spectral_analysis_project/src/runs_standard_fit.py --data_dir /Users/tomsayada/spectral_analysis_project/data/K_1_50.0_K_2_100.0_SNR_50.0_Q_0.5/simulation_10 --output_dir /Users/tomsayada/spectral_analysis_project/data/K_1_50.0_K_2_100.0_SNR_50.0_Q_0.5/simulation_10/standard_sym_weighted_nobaseline_fit_results --profile_type sym --lines He4026,He4388,He4471
2025-01-06 01:10:49,012 - ERROR - runs_standard_fit.py failed (rc=2)
STDOUT:

STDERR:
/Library/Frameworks/Python.framework/Versions/3.13/Resources/Python.app/Contents/MacOS/Python: can't open file '/Users/tomsayada/spectral_analysis_project/src/runs_standard_fit.py': [Errno 2] No such file or directory

2025-01-06 01:10:49,012 - INFO - Retrying /Users/tomsayada/spectral_analysis_project/data/K_1_50.0_K_2_100.0_SNR_50.0_Q_0.5/simulation_9 (attempt 2)
2025-01-06 01:10:49,012 - INFO - Found 25 observation files in /Users/tomsayada/spectral_analysis_project/data/K_1_50.0_K_2_100.0_SNR_50.0_Q_0.5/simulation_9
2025-01-06 01:10:49,012 - INFO - Running command: /usr/local/bin/python3.13 /Users/tomsayada/spectral_analysis_project/src/runs_standard_fit.py --data_dir /Users/tomsayada/spectral_analysis_project/data/K_1_50.0_K_2_100.0_SNR_50.0_Q_0.5/simulation_9 --output_dir /Users/tomsayada/spectral_analysis_project/data/K_1_50.0_K_2_100.0_SNR_50.0_Q_0.5/simulation_9/standard_sym_weighted_nobaseline_fit_results --profile_type sym --lines He4026,He4388,He4471
2025-01-06 01:10:49,029 - ERROR - runs_standard_fit.py failed (rc=2)
STDOUT:

STDERR:
/Library/Frameworks/Python.framework/Versions/3.13/Resources/Python.app/Contents/MacOS/Python: can't open file '/Users/tomsayada/spectral_analysis_project/src/runs_standard_fit.py': [Errno 2] No such file or directory

2025-01-06 01:10:49,030 - INFO - Retrying /Users/tomsayada/spectral_analysis_project/data/K_1_50.0_K_2_100.0_SNR_50.0_Q_0.5/simulation_9 (attempt 3)
2025-01-06 01:10:49,030 - ERROR - runs_standard_fit.py failed (rc=2)
STDOUT:

STDERR:
/Library/Frameworks/Python.framework/Versions/3.13/Resources/Python.app/Contents/MacOS/Python: can't open file '/Users/tomsayada/spectral_analysis_project/src/runs_standard_fit.py': [Errno 2] No such file or directory

2025-01-06 01:10:49,030 - INFO - Found 25 observation files in /Users/tomsayada/spectral_analysis_project/data/K_1_50.0_K_2_100.0_SNR_50.0_Q_0.5/simulation_9
2025-01-06 01:10:49,030 - INFO - Retrying /Users/tomsayada/spectral_analysis_project/data/K_1_50.0_K_2_100.0_SNR_50.0_Q_0.5/simulation_10 (attempt 3)
2025-01-06 01:10:49,030 - INFO - Running command: /usr/local/bin/python3.13 /Users/tomsayada/spectral_analysis_project/src/runs_standard_fit.py --data_dir /Users/tomsayada/spectral_analysis_project/data/K_1_50.0_K_2_100.0_SNR_50.0_Q_0.5/simulation_9 --output_dir /Users/tomsayada/spectral_analysis_project/data/K_1_50.0_K_2_100.0_SNR_50.0_Q_0.5/simulation_9/standard_sym_weighted_nobaseline_fit_results --profile_type sym --lines He4026,He4388,He4471
2025-01-06 01:10:49,030 - INFO - Found 25 observation files in /Users/tomsayada/spectral_analysis_project/data/K_1_50.0_K_2_100.0_SNR_50.0_Q_0.5/simulation_10
2025-01-06 01:10:49,030 - INFO - Running command: /usr/local/bin/python3.13 /Users/tomsayada/spectral_analysis_project/src/runs_standard_fit.py --data_dir /Users/tomsayada/spectral_analysis_project/data/K_1_50.0_K_2_100.0_SNR_50.0_Q_0.5/simulation_10 --output_dir /Users/tomsayada/spectral_analysis_project/data/K_1_50.0_K_2_100.0_SNR_50.0_Q_0.5/simulation_10/standard_sym_weighted_nobaseline_fit_results --profile_type sym --lines He4026,He4388,He4471
2025-01-06 01:10:49,047 - ERROR - runs_standard_fit.py failed (rc=2)
STDOUT:

STDERR:
/Library/Frameworks/Python.framework/Versions/3.13/Resources/Python.app/Contents/MacOS/Python: can't open file '/Users/tomsayada/spectral_analysis_project/src/runs_standard_fit.py': [Errno 2] No such file or directory

2025-01-06 01:10:49,047 - ERROR - runs_standard_fit.py failed (rc=2)
STDOUT:

STDERR:
/Library/Frameworks/Python.framework/Versions/3.13/Resources/Python.app/Contents/MacOS/Python: can't open file '/Users/tomsayada/spectral_analysis_project/src/runs_standard_fit.py': [Errno 2] No such file or directory

2025-01-06 01:10:49,061 - INFO - Analysis complete => 0/10 successful
2025-01-06 01:10:49,061 - ERROR - Fatal error: name 'timestamp' is not defined
2025-01-06 01:11:41,519 - INFO - Select the parent data folder:
2025-01-06 01:11:49,875 - INFO - User selected folder: /Users/tomsayada/spectral_analysis_project/data/K_1_50.0_K_2_100.0_SNR_50.0_Q_0.5
2025-01-06 01:11:49,876 - INFO - Data folder set to: /Users/tomsayada/spectral_analysis_project/data/K_1_50.0_K_2_100.0_SNR_50.0_Q_0.5
2025-01-06 01:11:49,876 - INFO - Base output: /Users/tomsayada/spectral_analysis_project/data/K_1_50.0_K_2_100.0_SNR_50.0_Q_0.5/analysis_results_20250106_011149
2025-01-06 01:11:49,961 - INFO - Found 25 observation files in /Users/tomsayada/spectral_analysis_project/data/K_1_50.0_K_2_100.0_SNR_50.0_Q_0.5/simulation_1
2025-01-06 01:11:49,961 - INFO - Running command: /usr/local/bin/python3.13 /Users/tomsayada/spectral_analysis_project/src/runs_standard_fit.py --data_dir /Users/tomsayada/spectral_analysis_project/data/K_1_50.0_K_2_100.0_SNR_50.0_Q_0.5/simulation_1 --output_dir /Users/tomsayada/spectral_analysis_project/data/K_1_50.0_K_2_100.0_SNR_50.0_Q_0.5/simulation_1/standard_sym_weighted_nobaseline_fit_results --profile_type sym --lines He4026,He4388,He4471
2025-01-06 01:11:49,963 - INFO - Found 25 observation files in /Users/tomsayada/spectral_analysis_project/data/K_1_50.0_K_2_100.0_SNR_50.0_Q_0.5/simulation_2
2025-01-06 01:11:49,963 - INFO - Running command: /usr/local/bin/python3.13 /Users/tomsayada/spectral_analysis_project/src/runs_standard_fit.py --data_dir /Users/tomsayada/spectral_analysis_project/data/K_1_50.0_K_2_100.0_SNR_50.0_Q_0.5/simulation_2 --output_dir /Users/tomsayada/spectral_analysis_project/data/K_1_50.0_K_2_100.0_SNR_50.0_Q_0.5/simulation_2/standard_sym_weighted_nobaseline_fit_results --profile_type sym --lines He4026,He4388,He4471
2025-01-06 01:11:49,966 - INFO - Found 25 observation files in /Users/tomsayada/spectral_analysis_project/data/K_1_50.0_K_2_100.0_SNR_50.0_Q_0.5/simulation_3
2025-01-06 01:11:49,966 - INFO - Running command: /usr/local/bin/python3.13 /Users/tomsayada/spectral_analysis_project/src/runs_standard_fit.py --data_dir /Users/tomsayada/spectral_analysis_project/data/K_1_50.0_K_2_100.0_SNR_50.0_Q_0.5/simulation_3 --output_dir /Users/tomsayada/spectral_analysis_project/data/K_1_50.0_K_2_100.0_SNR_50.0_Q_0.5/simulation_3/standard_sym_weighted_nobaseline_fit_results --profile_type sym --lines He4026,He4388,He4471
2025-01-06 01:11:49,969 - INFO - Found 25 observation files in /Users/tomsayada/spectral_analysis_project/data/K_1_50.0_K_2_100.0_SNR_50.0_Q_0.5/simulation_4
2025-01-06 01:11:49,969 - INFO - Running command: /usr/local/bin/python3.13 /Users/tomsayada/spectral_analysis_project/src/runs_standard_fit.py --data_dir /Users/tomsayada/spectral_analysis_project/data/K_1_50.0_K_2_100.0_SNR_50.0_Q_0.5/simulation_4 --output_dir /Users/tomsayada/spectral_analysis_project/data/K_1_50.0_K_2_100.0_SNR_50.0_Q_0.5/simulation_4/standard_sym_weighted_nobaseline_fit_results --profile_type sym --lines He4026,He4388,He4471
2025-01-06 01:11:49,977 - ERROR - runs_standard_fit.py failed (rc=2)
STDOUT:

STDERR:
/Library/Frameworks/Python.framework/Versions/3.13/Resources/Python.app/Contents/MacOS/Python: can't open file '/Users/tomsayada/spectral_analysis_project/src/runs_standard_fit.py': [Errno 2] No such file or directory

2025-01-06 01:11:49,977 - INFO - Retrying /Users/tomsayada/spectral_analysis_project/data/K_1_50.0_K_2_100.0_SNR_50.0_Q_0.5/simulation_1 (attempt 1)
2025-01-06 01:11:49,978 - INFO - Found 25 observation files in /Users/tomsayada/spectral_analysis_project/data/K_1_50.0_K_2_100.0_SNR_50.0_Q_0.5/simulation_1
2025-01-06 01:11:49,978 - INFO - Running command: /usr/local/bin/python3.13 /Users/tomsayada/spectral_analysis_project/src/runs_standard_fit.py --data_dir /Users/tomsayada/spectral_analysis_project/data/K_1_50.0_K_2_100.0_SNR_50.0_Q_0.5/simulation_1 --output_dir /Users/tomsayada/spectral_analysis_project/data/K_1_50.0_K_2_100.0_SNR_50.0_Q_0.5/simulation_1/standard_sym_weighted_nobaseline_fit_results --profile_type sym --lines He4026,He4388,He4471
2025-01-06 01:11:49,978 - ERROR - runs_standard_fit.py failed (rc=2)
STDOUT:

STDERR:
/Library/Frameworks/Python.framework/Versions/3.13/Resources/Python.app/Contents/MacOS/Python: can't open file '/Users/tomsayada/spectral_analysis_project/src/runs_standard_fit.py': [Errno 2] No such file or directory

2025-01-06 01:11:49,978 - INFO - Retrying /Users/tomsayada/spectral_analysis_project/data/K_1_50.0_K_2_100.0_SNR_50.0_Q_0.5/simulation_2 (attempt 1)
2025-01-06 01:11:49,978 - INFO - Found 25 observation files in /Users/tomsayada/spectral_analysis_project/data/K_1_50.0_K_2_100.0_SNR_50.0_Q_0.5/simulation_2
2025-01-06 01:11:49,978 - INFO - Running command: /usr/local/bin/python3.13 /Users/tomsayada/spectral_analysis_project/src/runs_standard_fit.py --data_dir /Users/tomsayada/spectral_analysis_project/data/K_1_50.0_K_2_100.0_SNR_50.0_Q_0.5/simulation_2 --output_dir /Users/tomsayada/spectral_analysis_project/data/K_1_50.0_K_2_100.0_SNR_50.0_Q_0.5/simulation_2/standard_sym_weighted_nobaseline_fit_results --profile_type sym --lines He4026,He4388,He4471
2025-01-06 01:11:49,981 - ERROR - runs_standard_fit.py failed (rc=2)
STDOUT:

STDERR:
/Library/Frameworks/Python.framework/Versions/3.13/Resources/Python.app/Contents/MacOS/Python: can't open file '/Users/tomsayada/spectral_analysis_project/src/runs_standard_fit.py': [Errno 2] No such file or directory

2025-01-06 01:11:49,981 - INFO - Retrying /Users/tomsayada/spectral_analysis_project/data/K_1_50.0_K_2_100.0_SNR_50.0_Q_0.5/simulation_3 (attempt 1)
2025-01-06 01:11:49,981 - INFO - Found 25 observation files in /Users/tomsayada/spectral_analysis_project/data/K_1_50.0_K_2_100.0_SNR_50.0_Q_0.5/simulation_3
2025-01-06 01:11:49,981 - INFO - Running command: /usr/local/bin/python3.13 /Users/tomsayada/spectral_analysis_project/src/runs_standard_fit.py --data_dir /Users/tomsayada/spectral_analysis_project/data/K_1_50.0_K_2_100.0_SNR_50.0_Q_0.5/simulation_3 --output_dir /Users/tomsayada/spectral_analysis_project/data/K_1_50.0_K_2_100.0_SNR_50.0_Q_0.5/simulation_3/standard_sym_weighted_nobaseline_fit_results --profile_type sym --lines He4026,He4388,He4471
2025-01-06 01:11:49,984 - ERROR - runs_standard_fit.py failed (rc=2)
STDOUT:

STDERR:
/Library/Frameworks/Python.framework/Versions/3.13/Resources/Python.app/Contents/MacOS/Python: can't open file '/Users/tomsayada/spectral_analysis_project/src/runs_standard_fit.py': [Errno 2] No such file or directory

2025-01-06 01:11:49,984 - INFO - Retrying /Users/tomsayada/spectral_analysis_project/data/K_1_50.0_K_2_100.0_SNR_50.0_Q_0.5/simulation_4 (attempt 1)
2025-01-06 01:11:49,984 - INFO - Found 25 observation files in /Users/tomsayada/spectral_analysis_project/data/K_1_50.0_K_2_100.0_SNR_50.0_Q_0.5/simulation_4
2025-01-06 01:11:49,984 - INFO - Running command: /usr/local/bin/python3.13 /Users/tomsayada/spectral_analysis_project/src/runs_standard_fit.py --data_dir /Users/tomsayada/spectral_analysis_project/data/K_1_50.0_K_2_100.0_SNR_50.0_Q_0.5/simulation_4 --output_dir /Users/tomsayada/spectral_analysis_project/data/K_1_50.0_K_2_100.0_SNR_50.0_Q_0.5/simulation_4/standard_sym_weighted_nobaseline_fit_results --profile_type sym --lines He4026,He4388,He4471
2025-01-06 01:11:49,993 - ERROR - runs_standard_fit.py failed (rc=2)
STDOUT:

STDERR:
/Library/Frameworks/Python.framework/Versions/3.13/Resources/Python.app/Contents/MacOS/Python: can't open file '/Users/tomsayada/spectral_analysis_project/src/runs_standard_fit.py': [Errno 2] No such file or directory

2025-01-06 01:11:49,993 - INFO - Retrying /Users/tomsayada/spectral_analysis_project/data/K_1_50.0_K_2_100.0_SNR_50.0_Q_0.5/simulation_2 (attempt 2)
2025-01-06 01:11:49,993 - ERROR - runs_standard_fit.py failed (rc=2)
STDOUT:

STDERR:
/Library/Frameworks/Python.framework/Versions/3.13/Resources/Python.app/Contents/MacOS/Python: can't open file '/Users/tomsayada/spectral_analysis_project/src/runs_standard_fit.py': [Errno 2] No such file or directory

2025-01-06 01:11:49,993 - INFO - Found 25 observation files in /Users/tomsayada/spectral_analysis_project/data/K_1_50.0_K_2_100.0_SNR_50.0_Q_0.5/simulation_2
2025-01-06 01:11:49,993 - INFO - Retrying /Users/tomsayada/spectral_analysis_project/data/K_1_50.0_K_2_100.0_SNR_50.0_Q_0.5/simulation_1 (attempt 2)
2025-01-06 01:11:49,993 - INFO - Running command: /usr/local/bin/python3.13 /Users/tomsayada/spectral_analysis_project/src/runs_standard_fit.py --data_dir /Users/tomsayada/spectral_analysis_project/data/K_1_50.0_K_2_100.0_SNR_50.0_Q_0.5/simulation_2 --output_dir /Users/tomsayada/spectral_analysis_project/data/K_1_50.0_K_2_100.0_SNR_50.0_Q_0.5/simulation_2/standard_sym_weighted_nobaseline_fit_results --profile_type sym --lines He4026,He4388,He4471
2025-01-06 01:11:49,993 - INFO - Found 25 observation files in /Users/tomsayada/spectral_analysis_project/data/K_1_50.0_K_2_100.0_SNR_50.0_Q_0.5/simulation_1
2025-01-06 01:11:49,993 - INFO - Running command: /usr/local/bin/python3.13 /Users/tomsayada/spectral_analysis_project/src/runs_standard_fit.py --data_dir /Users/tomsayada/spectral_analysis_project/data/K_1_50.0_K_2_100.0_SNR_50.0_Q_0.5/simulation_1 --output_dir /Users/tomsayada/spectral_analysis_project/data/K_1_50.0_K_2_100.0_SNR_50.0_Q_0.5/simulation_1/standard_sym_weighted_nobaseline_fit_results --profile_type sym --lines He4026,He4388,He4471
2025-01-06 01:11:49,996 - ERROR - runs_standard_fit.py failed (rc=2)
STDOUT:

STDERR:
/Library/Frameworks/Python.framework/Versions/3.13/Resources/Python.app/Contents/MacOS/Python: can't open file '/Users/tomsayada/spectral_analysis_project/src/runs_standard_fit.py': [Errno 2] No such file or directory

2025-01-06 01:11:49,996 - INFO - Retrying /Users/tomsayada/spectral_analysis_project/data/K_1_50.0_K_2_100.0_SNR_50.0_Q_0.5/simulation_3 (attempt 2)
2025-01-06 01:11:49,996 - INFO - Found 25 observation files in /Users/tomsayada/spectral_analysis_project/data/K_1_50.0_K_2_100.0_SNR_50.0_Q_0.5/simulation_3
2025-01-06 01:11:49,996 - INFO - Running command: /usr/local/bin/python3.13 /Users/tomsayada/spectral_analysis_project/src/runs_standard_fit.py --data_dir /Users/tomsayada/spectral_analysis_project/data/K_1_50.0_K_2_100.0_SNR_50.0_Q_0.5/simulation_3 --output_dir /Users/tomsayada/spectral_analysis_project/data/K_1_50.0_K_2_100.0_SNR_50.0_Q_0.5/simulation_3/standard_sym_weighted_nobaseline_fit_results --profile_type sym --lines He4026,He4388,He4471
2025-01-06 01:11:49,998 - ERROR - runs_standard_fit.py failed (rc=2)
STDOUT:

STDERR:
/Library/Frameworks/Python.framework/Versions/3.13/Resources/Python.app/Contents/MacOS/Python: can't open file '/Users/tomsayada/spectral_analysis_project/src/runs_standard_fit.py': [Errno 2] No such file or directory

2025-01-06 01:11:49,998 - INFO - Retrying /Users/tomsayada/spectral_analysis_project/data/K_1_50.0_K_2_100.0_SNR_50.0_Q_0.5/simulation_4 (attempt 2)
2025-01-06 01:11:49,998 - INFO - Found 25 observation files in /Users/tomsayada/spectral_analysis_project/data/K_1_50.0_K_2_100.0_SNR_50.0_Q_0.5/simulation_4
2025-01-06 01:11:49,998 - INFO - Running command: /usr/local/bin/python3.13 /Users/tomsayada/spectral_analysis_project/src/runs_standard_fit.py --data_dir /Users/tomsayada/spectral_analysis_project/data/K_1_50.0_K_2_100.0_SNR_50.0_Q_0.5/simulation_4 --output_dir /Users/tomsayada/spectral_analysis_project/data/K_1_50.0_K_2_100.0_SNR_50.0_Q_0.5/simulation_4/standard_sym_weighted_nobaseline_fit_results --profile_type sym --lines He4026,He4388,He4471
2025-01-06 01:11:50,008 - ERROR - runs_standard_fit.py failed (rc=2)
STDOUT:

STDERR:
/Library/Frameworks/Python.framework/Versions/3.13/Resources/Python.app/Contents/MacOS/Python: can't open file '/Users/tomsayada/spectral_analysis_project/src/runs_standard_fit.py': [Errno 2] No such file or directory

2025-01-06 01:11:50,008 - INFO - Retrying /Users/tomsayada/spectral_analysis_project/data/K_1_50.0_K_2_100.0_SNR_50.0_Q_0.5/simulation_1 (attempt 3)
2025-01-06 01:11:50,008 - ERROR - runs_standard_fit.py failed (rc=2)
STDOUT:

STDERR:
/Library/Frameworks/Python.framework/Versions/3.13/Resources/Python.app/Contents/MacOS/Python: can't open file '/Users/tomsayada/spectral_analysis_project/src/runs_standard_fit.py': [Errno 2] No such file or directory

2025-01-06 01:11:50,008 - INFO - Found 25 observation files in /Users/tomsayada/spectral_analysis_project/data/K_1_50.0_K_2_100.0_SNR_50.0_Q_0.5/simulation_1
2025-01-06 01:11:50,008 - INFO - Retrying /Users/tomsayada/spectral_analysis_project/data/K_1_50.0_K_2_100.0_SNR_50.0_Q_0.5/simulation_2 (attempt 3)
2025-01-06 01:11:50,008 - INFO - Running command: /usr/local/bin/python3.13 /Users/tomsayada/spectral_analysis_project/src/runs_standard_fit.py --data_dir /Users/tomsayada/spectral_analysis_project/data/K_1_50.0_K_2_100.0_SNR_50.0_Q_0.5/simulation_1 --output_dir /Users/tomsayada/spectral_analysis_project/data/K_1_50.0_K_2_100.0_SNR_50.0_Q_0.5/simulation_1/standard_sym_weighted_nobaseline_fit_results --profile_type sym --lines He4026,He4388,He4471
2025-01-06 01:11:50,008 - INFO - Found 25 observation files in /Users/tomsayada/spectral_analysis_project/data/K_1_50.0_K_2_100.0_SNR_50.0_Q_0.5/simulation_2
2025-01-06 01:11:50,008 - INFO - Running command: /usr/local/bin/python3.13 /Users/tomsayada/spectral_analysis_project/src/runs_standard_fit.py --data_dir /Users/tomsayada/spectral_analysis_project/data/K_1_50.0_K_2_100.0_SNR_50.0_Q_0.5/simulation_2 --output_dir /Users/tomsayada/spectral_analysis_project/data/K_1_50.0_K_2_100.0_SNR_50.0_Q_0.5/simulation_2/standard_sym_weighted_nobaseline_fit_results --profile_type sym --lines He4026,He4388,He4471
2025-01-06 01:11:50,011 - ERROR - runs_standard_fit.py failed (rc=2)
STDOUT:

STDERR:
/Library/Frameworks/Python.framework/Versions/3.13/Resources/Python.app/Contents/MacOS/Python: can't open file '/Users/tomsayada/spectral_analysis_project/src/runs_standard_fit.py': [Errno 2] No such file or directory

2025-01-06 01:11:50,011 - INFO - Retrying /Users/tomsayada/spectral_analysis_project/data/K_1_50.0_K_2_100.0_SNR_50.0_Q_0.5/simulation_3 (attempt 3)
2025-01-06 01:11:50,011 - INFO - Found 25 observation files in /Users/tomsayada/spectral_analysis_project/data/K_1_50.0_K_2_100.0_SNR_50.0_Q_0.5/simulation_3
2025-01-06 01:11:50,011 - INFO - Running command: /usr/local/bin/python3.13 /Users/tomsayada/spectral_analysis_project/src/runs_standard_fit.py --data_dir /Users/tomsayada/spectral_analysis_project/data/K_1_50.0_K_2_100.0_SNR_50.0_Q_0.5/simulation_3 --output_dir /Users/tomsayada/spectral_analysis_project/data/K_1_50.0_K_2_100.0_SNR_50.0_Q_0.5/simulation_3/standard_sym_weighted_nobaseline_fit_results --profile_type sym --lines He4026,He4388,He4471
2025-01-06 01:11:50,013 - ERROR - runs_standard_fit.py failed (rc=2)
STDOUT:

STDERR:
/Library/Frameworks/Python.framework/Versions/3.13/Resources/Python.app/Contents/MacOS/Python: can't open file '/Users/tomsayada/spectral_analysis_project/src/runs_standard_fit.py': [Errno 2] No such file or directory

2025-01-06 01:11:50,013 - INFO - Retrying /Users/tomsayada/spectral_analysis_project/data/K_1_50.0_K_2_100.0_SNR_50.0_Q_0.5/simulation_4 (attempt 3)
2025-01-06 01:11:50,013 - INFO - Found 25 observation files in /Users/tomsayada/spectral_analysis_project/data/K_1_50.0_K_2_100.0_SNR_50.0_Q_0.5/simulation_4
2025-01-06 01:11:50,013 - INFO - Running command: /usr/local/bin/python3.13 /Users/tomsayada/spectral_analysis_project/src/runs_standard_fit.py --data_dir /Users/tomsayada/spectral_analysis_project/data/K_1_50.0_K_2_100.0_SNR_50.0_Q_0.5/simulation_4 --output_dir /Users/tomsayada/spectral_analysis_project/data/K_1_50.0_K_2_100.0_SNR_50.0_Q_0.5/simulation_4/standard_sym_weighted_nobaseline_fit_results --profile_type sym --lines He4026,He4388,He4471
2025-01-06 01:11:50,024 - ERROR - runs_standard_fit.py failed (rc=2)
STDOUT:

STDERR:
/Library/Frameworks/Python.framework/Versions/3.13/Resources/Python.app/Contents/MacOS/Python: can't open file '/Users/tomsayada/spectral_analysis_project/src/runs_standard_fit.py': [Errno 2] No such file or directory

2025-01-06 01:11:50,024 - ERROR - runs_standard_fit.py failed (rc=2)
STDOUT:

STDERR:
/Library/Frameworks/Python.framework/Versions/3.13/Resources/Python.app/Contents/MacOS/Python: can't open file '/Users/tomsayada/spectral_analysis_project/src/runs_standard_fit.py': [Errno 2] No such file or directory

2025-01-06 01:11:50,024 - INFO - Found 25 observation files in /Users/tomsayada/spectral_analysis_project/data/K_1_50.0_K_2_100.0_SNR_50.0_Q_0.5/simulation_5
2025-01-06 01:11:50,024 - INFO - Running command: /usr/local/bin/python3.13 /Users/tomsayada/spectral_analysis_project/src/runs_standard_fit.py --data_dir /Users/tomsayada/spectral_analysis_project/data/K_1_50.0_K_2_100.0_SNR_50.0_Q_0.5/simulation_5 --output_dir /Users/tomsayada/spectral_analysis_project/data/K_1_50.0_K_2_100.0_SNR_50.0_Q_0.5/simulation_5/standard_sym_weighted_nobaseline_fit_results --profile_type sym --lines He4026,He4388,He4471
2025-01-06 01:11:50,025 - INFO - Found 25 observation files in /Users/tomsayada/spectral_analysis_project/data/K_1_50.0_K_2_100.0_SNR_50.0_Q_0.5/simulation_6
2025-01-06 01:11:50,025 - INFO - Running command: /usr/local/bin/python3.13 /Users/tomsayada/spectral_analysis_project/src/runs_standard_fit.py --data_dir /Users/tomsayada/spectral_analysis_project/data/K_1_50.0_K_2_100.0_SNR_50.0_Q_0.5/simulation_6 --output_dir /Users/tomsayada/spectral_analysis_project/data/K_1_50.0_K_2_100.0_SNR_50.0_Q_0.5/simulation_6/standard_sym_weighted_nobaseline_fit_results --profile_type sym --lines He4026,He4388,He4471
2025-01-06 01:11:50,026 - ERROR - runs_standard_fit.py failed (rc=2)
STDOUT:

STDERR:
/Library/Frameworks/Python.framework/Versions/3.13/Resources/Python.app/Contents/MacOS/Python: can't open file '/Users/tomsayada/spectral_analysis_project/src/runs_standard_fit.py': [Errno 2] No such file or directory

2025-01-06 01:11:50,026 - INFO - Found 25 observation files in /Users/tomsayada/spectral_analysis_project/data/K_1_50.0_K_2_100.0_SNR_50.0_Q_0.5/simulation_7
2025-01-06 01:11:50,026 - INFO - Running command: /usr/local/bin/python3.13 /Users/tomsayada/spectral_analysis_project/src/runs_standard_fit.py --data_dir /Users/tomsayada/spectral_analysis_project/data/K_1_50.0_K_2_100.0_SNR_50.0_Q_0.5/simulation_7 --output_dir /Users/tomsayada/spectral_analysis_project/data/K_1_50.0_K_2_100.0_SNR_50.0_Q_0.5/simulation_7/standard_sym_weighted_nobaseline_fit_results --profile_type sym --lines He4026,He4388,He4471
2025-01-06 01:11:50,028 - ERROR - runs_standard_fit.py failed (rc=2)
STDOUT:

STDERR:
/Library/Frameworks/Python.framework/Versions/3.13/Resources/Python.app/Contents/MacOS/Python: can't open file '/Users/tomsayada/spectral_analysis_project/src/runs_standard_fit.py': [Errno 2] No such file or directory

2025-01-06 01:11:50,028 - INFO - Found 25 observation files in /Users/tomsayada/spectral_analysis_project/data/K_1_50.0_K_2_100.0_SNR_50.0_Q_0.5/simulation_8
2025-01-06 01:11:50,028 - INFO - Running command: /usr/local/bin/python3.13 /Users/tomsayada/spectral_analysis_project/src/runs_standard_fit.py --data_dir /Users/tomsayada/spectral_analysis_project/data/K_1_50.0_K_2_100.0_SNR_50.0_Q_0.5/simulation_8 --output_dir /Users/tomsayada/spectral_analysis_project/data/K_1_50.0_K_2_100.0_SNR_50.0_Q_0.5/simulation_8/standard_sym_weighted_nobaseline_fit_results --profile_type sym --lines He4026,He4388,He4471
2025-01-06 01:11:50,040 - ERROR - runs_standard_fit.py failed (rc=2)
STDOUT:

STDERR:
/Library/Frameworks/Python.framework/Versions/3.13/Resources/Python.app/Contents/MacOS/Python: can't open file '/Users/tomsayada/spectral_analysis_project/src/runs_standard_fit.py': [Errno 2] No such file or directory

2025-01-06 01:11:50,040 - ERROR - runs_standard_fit.py failed (rc=2)
STDOUT:

STDERR:
/Library/Frameworks/Python.framework/Versions/3.13/Resources/Python.app/Contents/MacOS/Python: can't open file '/Users/tomsayada/spectral_analysis_project/src/runs_standard_fit.py': [Errno 2] No such file or directory

2025-01-06 01:11:50,040 - INFO - Retrying /Users/tomsayada/spectral_analysis_project/data/K_1_50.0_K_2_100.0_SNR_50.0_Q_0.5/simulation_6 (attempt 1)
2025-01-06 01:11:50,040 - INFO - Retrying /Users/tomsayada/spectral_analysis_project/data/K_1_50.0_K_2_100.0_SNR_50.0_Q_0.5/simulation_5 (attempt 1)
2025-01-06 01:11:50,040 - INFO - Found 25 observation files in /Users/tomsayada/spectral_analysis_project/data/K_1_50.0_K_2_100.0_SNR_50.0_Q_0.5/simulation_6
2025-01-06 01:11:50,040 - INFO - Found 25 observation files in /Users/tomsayada/spectral_analysis_project/data/K_1_50.0_K_2_100.0_SNR_50.0_Q_0.5/simulation_5
2025-01-06 01:11:50,040 - INFO - Running command: /usr/local/bin/python3.13 /Users/tomsayada/spectral_analysis_project/src/runs_standard_fit.py --data_dir /Users/tomsayada/spectral_analysis_project/data/K_1_50.0_K_2_100.0_SNR_50.0_Q_0.5/simulation_5 --output_dir /Users/tomsayada/spectral_analysis_project/data/K_1_50.0_K_2_100.0_SNR_50.0_Q_0.5/simulation_5/standard_sym_weighted_nobaseline_fit_results --profile_type sym --lines He4026,He4388,He4471
2025-01-06 01:11:50,040 - INFO - Running command: /usr/local/bin/python3.13 /Users/tomsayada/spectral_analysis_project/src/runs_standard_fit.py --data_dir /Users/tomsayada/spectral_analysis_project/data/K_1_50.0_K_2_100.0_SNR_50.0_Q_0.5/simulation_6 --output_dir /Users/tomsayada/spectral_analysis_project/data/K_1_50.0_K_2_100.0_SNR_50.0_Q_0.5/simulation_6/standard_sym_weighted_nobaseline_fit_results --profile_type sym --lines He4026,He4388,He4471
2025-01-06 01:11:50,040 - ERROR - runs_standard_fit.py failed (rc=2)
STDOUT:

STDERR:
/Library/Frameworks/Python.framework/Versions/3.13/Resources/Python.app/Contents/MacOS/Python: can't open file '/Users/tomsayada/spectral_analysis_project/src/runs_standard_fit.py': [Errno 2] No such file or directory

2025-01-06 01:11:50,040 - INFO - Retrying /Users/tomsayada/spectral_analysis_project/data/K_1_50.0_K_2_100.0_SNR_50.0_Q_0.5/simulation_7 (attempt 1)
2025-01-06 01:11:50,040 - INFO - Found 25 observation files in /Users/tomsayada/spectral_analysis_project/data/K_1_50.0_K_2_100.0_SNR_50.0_Q_0.5/simulation_7
2025-01-06 01:11:50,041 - INFO - Running command: /usr/local/bin/python3.13 /Users/tomsayada/spectral_analysis_project/src/runs_standard_fit.py --data_dir /Users/tomsayada/spectral_analysis_project/data/K_1_50.0_K_2_100.0_SNR_50.0_Q_0.5/simulation_7 --output_dir /Users/tomsayada/spectral_analysis_project/data/K_1_50.0_K_2_100.0_SNR_50.0_Q_0.5/simulation_7/standard_sym_weighted_nobaseline_fit_results --profile_type sym --lines He4026,He4388,He4471
2025-01-06 01:11:50,043 - ERROR - runs_standard_fit.py failed (rc=2)
STDOUT:

STDERR:
/Library/Frameworks/Python.framework/Versions/3.13/Resources/Python.app/Contents/MacOS/Python: can't open file '/Users/tomsayada/spectral_analysis_project/src/runs_standard_fit.py': [Errno 2] No such file or directory

2025-01-06 01:11:50,043 - INFO - Retrying /Users/tomsayada/spectral_analysis_project/data/K_1_50.0_K_2_100.0_SNR_50.0_Q_0.5/simulation_8 (attempt 1)
2025-01-06 01:11:50,043 - INFO - Found 25 observation files in /Users/tomsayada/spectral_analysis_project/data/K_1_50.0_K_2_100.0_SNR_50.0_Q_0.5/simulation_8
2025-01-06 01:11:50,043 - INFO - Running command: /usr/local/bin/python3.13 /Users/tomsayada/spectral_analysis_project/src/runs_standard_fit.py --data_dir /Users/tomsayada/spectral_analysis_project/data/K_1_50.0_K_2_100.0_SNR_50.0_Q_0.5/simulation_8 --output_dir /Users/tomsayada/spectral_analysis_project/data/K_1_50.0_K_2_100.0_SNR_50.0_Q_0.5/simulation_8/standard_sym_weighted_nobaseline_fit_results --profile_type sym --lines He4026,He4388,He4471
2025-01-06 01:11:50,058 - ERROR - runs_standard_fit.py failed (rc=2)
STDOUT:

STDERR:
/Library/Frameworks/Python.framework/Versions/3.13/Resources/Python.app/Contents/MacOS/Python: can't open file '/Users/tomsayada/spectral_analysis_project/src/runs_standard_fit.py': [Errno 2] No such file or directory

2025-01-06 01:11:50,058 - ERROR - runs_standard_fit.py failed (rc=2)
STDOUT:

STDERR:
/Library/Frameworks/Python.framework/Versions/3.13/Resources/Python.app/Contents/MacOS/Python: can't open file '/Users/tomsayada/spectral_analysis_project/src/runs_standard_fit.py': [Errno 2] No such file or directory

2025-01-06 01:11:50,058 - ERROR - runs_standard_fit.py failed (rc=2)
STDOUT:

STDERR:
/Library/Frameworks/Python.framework/Versions/3.13/Resources/Python.app/Contents/MacOS/Python: can't open file '/Users/tomsayada/spectral_analysis_project/src/runs_standard_fit.py': [Errno 2] No such file or directory

2025-01-06 01:11:50,058 - ERROR - runs_standard_fit.py failed (rc=2)
STDOUT:

STDERR:
/Library/Frameworks/Python.framework/Versions/3.13/Resources/Python.app/Contents/MacOS/Python: can't open file '/Users/tomsayada/spectral_analysis_project/src/runs_standard_fit.py': [Errno 2] No such file or directory

2025-01-06 01:11:50,058 - INFO - Retrying /Users/tomsayada/spectral_analysis_project/data/K_1_50.0_K_2_100.0_SNR_50.0_Q_0.5/simulation_6 (attempt 2)
2025-01-06 01:11:50,058 - INFO - Retrying /Users/tomsayada/spectral_analysis_project/data/K_1_50.0_K_2_100.0_SNR_50.0_Q_0.5/simulation_8 (attempt 2)
2025-01-06 01:11:50,058 - INFO - Retrying /Users/tomsayada/spectral_analysis_project/data/K_1_50.0_K_2_100.0_SNR_50.0_Q_0.5/simulation_5 (attempt 2)
2025-01-06 01:11:50,058 - INFO - Retrying /Users/tomsayada/spectral_analysis_project/data/K_1_50.0_K_2_100.0_SNR_50.0_Q_0.5/simulation_7 (attempt 2)
2025-01-06 01:11:50,059 - INFO - Found 25 observation files in /Users/tomsayada/spectral_analysis_project/data/K_1_50.0_K_2_100.0_SNR_50.0_Q_0.5/simulation_8
2025-01-06 01:11:50,059 - INFO - Found 25 observation files in /Users/tomsayada/spectral_analysis_project/data/K_1_50.0_K_2_100.0_SNR_50.0_Q_0.5/simulation_6
2025-01-06 01:11:50,059 - INFO - Found 25 observation files in /Users/tomsayada/spectral_analysis_project/data/K_1_50.0_K_2_100.0_SNR_50.0_Q_0.5/simulation_5
2025-01-06 01:11:50,059 - INFO - Found 25 observation files in /Users/tomsayada/spectral_analysis_project/data/K_1_50.0_K_2_100.0_SNR_50.0_Q_0.5/simulation_7
2025-01-06 01:11:50,059 - INFO - Running command: /usr/local/bin/python3.13 /Users/tomsayada/spectral_analysis_project/src/runs_standard_fit.py --data_dir /Users/tomsayada/spectral_analysis_project/data/K_1_50.0_K_2_100.0_SNR_50.0_Q_0.5/simulation_8 --output_dir /Users/tomsayada/spectral_analysis_project/data/K_1_50.0_K_2_100.0_SNR_50.0_Q_0.5/simulation_8/standard_sym_weighted_nobaseline_fit_results --profile_type sym --lines He4026,He4388,He4471
2025-01-06 01:11:50,059 - INFO - Running command: /usr/local/bin/python3.13 /Users/tomsayada/spectral_analysis_project/src/runs_standard_fit.py --data_dir /Users/tomsayada/spectral_analysis_project/data/K_1_50.0_K_2_100.0_SNR_50.0_Q_0.5/simulation_6 --output_dir /Users/tomsayada/spectral_analysis_project/data/K_1_50.0_K_2_100.0_SNR_50.0_Q_0.5/simulation_6/standard_sym_weighted_nobaseline_fit_results --profile_type sym --lines He4026,He4388,He4471
2025-01-06 01:11:50,059 - INFO - Running command: /usr/local/bin/python3.13 /Users/tomsayada/spectral_analysis_project/src/runs_standard_fit.py --data_dir /Users/tomsayada/spectral_analysis_project/data/K_1_50.0_K_2_100.0_SNR_50.0_Q_0.5/simulation_5 --output_dir /Users/tomsayada/spectral_analysis_project/data/K_1_50.0_K_2_100.0_SNR_50.0_Q_0.5/simulation_5/standard_sym_weighted_nobaseline_fit_results --profile_type sym --lines He4026,He4388,He4471
2025-01-06 01:11:50,059 - INFO - Running command: /usr/local/bin/python3.13 /Users/tomsayada/spectral_analysis_project/src/runs_standard_fit.py --data_dir /Users/tomsayada/spectral_analysis_project/data/K_1_50.0_K_2_100.0_SNR_50.0_Q_0.5/simulation_7 --output_dir /Users/tomsayada/spectral_analysis_project/data/K_1_50.0_K_2_100.0_SNR_50.0_Q_0.5/simulation_7/standard_sym_weighted_nobaseline_fit_results --profile_type sym --lines He4026,He4388,He4471
2025-01-06 01:11:50,079 - ERROR - runs_standard_fit.py failed (rc=2)
STDOUT:

STDERR:
/Library/Frameworks/Python.framework/Versions/3.13/Resources/Python.app/Contents/MacOS/Python: can't open file '/Users/tomsayada/spectral_analysis_project/src/runs_standard_fit.py': [Errno 2] No such file or directory

2025-01-06 01:11:50,079 - INFO - Retrying /Users/tomsayada/spectral_analysis_project/data/K_1_50.0_K_2_100.0_SNR_50.0_Q_0.5/simulation_8 (attempt 3)
2025-01-06 01:11:50,079 - ERROR - runs_standard_fit.py failed (rc=2)
STDOUT:

STDERR:
/Library/Frameworks/Python.framework/Versions/3.13/Resources/Python.app/Contents/MacOS/Python: can't open file '/Users/tomsayada/spectral_analysis_project/src/runs_standard_fit.py': [Errno 2] No such file or directory

2025-01-06 01:11:50,079 - INFO - Retrying /Users/tomsayada/spectral_analysis_project/data/K_1_50.0_K_2_100.0_SNR_50.0_Q_0.5/simulation_7 (attempt 3)
2025-01-06 01:11:50,079 - INFO - Found 25 observation files in /Users/tomsayada/spectral_analysis_project/data/K_1_50.0_K_2_100.0_SNR_50.0_Q_0.5/simulation_8
2025-01-06 01:11:50,079 - ERROR - runs_standard_fit.py failed (rc=2)
STDOUT:

STDERR:
/Library/Frameworks/Python.framework/Versions/3.13/Resources/Python.app/Contents/MacOS/Python: can't open file '/Users/tomsayada/spectral_analysis_project/src/runs_standard_fit.py': [Errno 2] No such file or directory

2025-01-06 01:11:50,079 - INFO - Found 25 observation files in /Users/tomsayada/spectral_analysis_project/data/K_1_50.0_K_2_100.0_SNR_50.0_Q_0.5/simulation_7
2025-01-06 01:11:50,079 - INFO - Retrying /Users/tomsayada/spectral_analysis_project/data/K_1_50.0_K_2_100.0_SNR_50.0_Q_0.5/simulation_5 (attempt 3)
2025-01-06 01:11:50,079 - INFO - Running command: /usr/local/bin/python3.13 /Users/tomsayada/spectral_analysis_project/src/runs_standard_fit.py --data_dir /Users/tomsayada/spectral_analysis_project/data/K_1_50.0_K_2_100.0_SNR_50.0_Q_0.5/simulation_8 --output_dir /Users/tomsayada/spectral_analysis_project/data/K_1_50.0_K_2_100.0_SNR_50.0_Q_0.5/simulation_8/standard_sym_weighted_nobaseline_fit_results --profile_type sym --lines He4026,He4388,He4471
2025-01-06 01:11:50,079 - INFO - Running command: /usr/local/bin/python3.13 /Users/tomsayada/spectral_analysis_project/src/runs_standard_fit.py --data_dir /Users/tomsayada/spectral_analysis_project/data/K_1_50.0_K_2_100.0_SNR_50.0_Q_0.5/simulation_7 --output_dir /Users/tomsayada/spectral_analysis_project/data/K_1_50.0_K_2_100.0_SNR_50.0_Q_0.5/simulation_7/standard_sym_weighted_nobaseline_fit_results --profile_type sym --lines He4026,He4388,He4471
2025-01-06 01:11:50,079 - ERROR - runs_standard_fit.py failed (rc=2)
STDOUT:

STDERR:
/Library/Frameworks/Python.framework/Versions/3.13/Resources/Python.app/Contents/MacOS/Python: can't open file '/Users/tomsayada/spectral_analysis_project/src/runs_standard_fit.py': [Errno 2] No such file or directory

2025-01-06 01:11:50,079 - INFO - Found 25 observation files in /Users/tomsayada/spectral_analysis_project/data/K_1_50.0_K_2_100.0_SNR_50.0_Q_0.5/simulation_5
2025-01-06 01:11:50,079 - INFO - Retrying /Users/tomsayada/spectral_analysis_project/data/K_1_50.0_K_2_100.0_SNR_50.0_Q_0.5/simulation_6 (attempt 3)
2025-01-06 01:11:50,079 - INFO - Running command: /usr/local/bin/python3.13 /Users/tomsayada/spectral_analysis_project/src/runs_standard_fit.py --data_dir /Users/tomsayada/spectral_analysis_project/data/K_1_50.0_K_2_100.0_SNR_50.0_Q_0.5/simulation_5 --output_dir /Users/tomsayada/spectral_analysis_project/data/K_1_50.0_K_2_100.0_SNR_50.0_Q_0.5/simulation_5/standard_sym_weighted_nobaseline_fit_results --profile_type sym --lines He4026,He4388,He4471
2025-01-06 01:11:50,079 - INFO - Found 25 observation files in /Users/tomsayada/spectral_analysis_project/data/K_1_50.0_K_2_100.0_SNR_50.0_Q_0.5/simulation_6
2025-01-06 01:11:50,080 - INFO - Running command: /usr/local/bin/python3.13 /Users/tomsayada/spectral_analysis_project/src/runs_standard_fit.py --data_dir /Users/tomsayada/spectral_analysis_project/data/K_1_50.0_K_2_100.0_SNR_50.0_Q_0.5/simulation_6 --output_dir /Users/tomsayada/spectral_analysis_project/data/K_1_50.0_K_2_100.0_SNR_50.0_Q_0.5/simulation_6/standard_sym_weighted_nobaseline_fit_results --profile_type sym --lines He4026,He4388,He4471
2025-01-06 01:11:50,107 - ERROR - runs_standard_fit.py failed (rc=2)
STDOUT:

STDERR:
/Library/Frameworks/Python.framework/Versions/3.13/Resources/Python.app/Contents/MacOS/Python: can't open file '/Users/tomsayada/spectral_analysis_project/src/runs_standard_fit.py': [Errno 2] No such file or directory

2025-01-06 01:11:50,107 - ERROR - runs_standard_fit.py failed (rc=2)
STDOUT:

STDERR:
/Library/Frameworks/Python.framework/Versions/3.13/Resources/Python.app/Contents/MacOS/Python: can't open file '/Users/tomsayada/spectral_analysis_project/src/runs_standard_fit.py': [Errno 2] No such file or directory

2025-01-06 01:11:50,107 - ERROR - runs_standard_fit.py failed (rc=2)
STDOUT:

STDERR:
/Library/Frameworks/Python.framework/Versions/3.13/Resources/Python.app/Contents/MacOS/Python: can't open file '/Users/tomsayada/spectral_analysis_project/src/runs_standard_fit.py': [Errno 2] No such file or directory

2025-01-06 01:11:50,107 - ERROR - runs_standard_fit.py failed (rc=2)
STDOUT:

STDERR:
/Library/Frameworks/Python.framework/Versions/3.13/Resources/Python.app/Contents/MacOS/Python: can't open file '/Users/tomsayada/spectral_analysis_project/src/runs_standard_fit.py': [Errno 2] No such file or directory

2025-01-06 01:11:50,107 - INFO - Found 25 observation files in /Users/tomsayada/spectral_analysis_project/data/K_1_50.0_K_2_100.0_SNR_50.0_Q_0.5/simulation_9
2025-01-06 01:11:50,107 - INFO - Found 25 observation files in /Users/tomsayada/spectral_analysis_project/data/K_1_50.0_K_2_100.0_SNR_50.0_Q_0.5/simulation_10
2025-01-06 01:11:50,108 - INFO - Running command: /usr/local/bin/python3.13 /Users/tomsayada/spectral_analysis_project/src/runs_standard_fit.py --data_dir /Users/tomsayada/spectral_analysis_project/data/K_1_50.0_K_2_100.0_SNR_50.0_Q_0.5/simulation_10 --output_dir /Users/tomsayada/spectral_analysis_project/data/K_1_50.0_K_2_100.0_SNR_50.0_Q_0.5/simulation_10/standard_sym_weighted_nobaseline_fit_results --profile_type sym --lines He4026,He4388,He4471
2025-01-06 01:11:50,108 - INFO - Running command: /usr/local/bin/python3.13 /Users/tomsayada/spectral_analysis_project/src/runs_standard_fit.py --data_dir /Users/tomsayada/spectral_analysis_project/data/K_1_50.0_K_2_100.0_SNR_50.0_Q_0.5/simulation_9 --output_dir /Users/tomsayada/spectral_analysis_project/data/K_1_50.0_K_2_100.0_SNR_50.0_Q_0.5/simulation_9/standard_sym_weighted_nobaseline_fit_results --profile_type sym --lines He4026,He4388,He4471
2025-01-06 01:11:50,124 - ERROR - runs_standard_fit.py failed (rc=2)
STDOUT:

STDERR:
/Library/Frameworks/Python.framework/Versions/3.13/Resources/Python.app/Contents/MacOS/Python: can't open file '/Users/tomsayada/spectral_analysis_project/src/runs_standard_fit.py': [Errno 2] No such file or directory

2025-01-06 01:11:50,124 - INFO - Retrying /Users/tomsayada/spectral_analysis_project/data/K_1_50.0_K_2_100.0_SNR_50.0_Q_0.5/simulation_9 (attempt 1)
2025-01-06 01:11:50,124 - INFO - Found 25 observation files in /Users/tomsayada/spectral_analysis_project/data/K_1_50.0_K_2_100.0_SNR_50.0_Q_0.5/simulation_9
2025-01-06 01:11:50,124 - INFO - Running command: /usr/local/bin/python3.13 /Users/tomsayada/spectral_analysis_project/src/runs_standard_fit.py --data_dir /Users/tomsayada/spectral_analysis_project/data/K_1_50.0_K_2_100.0_SNR_50.0_Q_0.5/simulation_9 --output_dir /Users/tomsayada/spectral_analysis_project/data/K_1_50.0_K_2_100.0_SNR_50.0_Q_0.5/simulation_9/standard_sym_weighted_nobaseline_fit_results --profile_type sym --lines He4026,He4388,He4471
2025-01-06 01:11:50,124 - ERROR - runs_standard_fit.py failed (rc=2)
STDOUT:

STDERR:
/Library/Frameworks/Python.framework/Versions/3.13/Resources/Python.app/Contents/MacOS/Python: can't open file '/Users/tomsayada/spectral_analysis_project/src/runs_standard_fit.py': [Errno 2] No such file or directory

2025-01-06 01:11:50,124 - INFO - Retrying /Users/tomsayada/spectral_analysis_project/data/K_1_50.0_K_2_100.0_SNR_50.0_Q_0.5/simulation_10 (attempt 1)
2025-01-06 01:11:50,124 - INFO - Found 25 observation files in /Users/tomsayada/spectral_analysis_project/data/K_1_50.0_K_2_100.0_SNR_50.0_Q_0.5/simulation_10
2025-01-06 01:11:50,124 - INFO - Running command: /usr/local/bin/python3.13 /Users/tomsayada/spectral_analysis_project/src/runs_standard_fit.py --data_dir /Users/tomsayada/spectral_analysis_project/data/K_1_50.0_K_2_100.0_SNR_50.0_Q_0.5/simulation_10 --output_dir /Users/tomsayada/spectral_analysis_project/data/K_1_50.0_K_2_100.0_SNR_50.0_Q_0.5/simulation_10/standard_sym_weighted_nobaseline_fit_results --profile_type sym --lines He4026,He4388,He4471
2025-01-06 01:11:50,140 - ERROR - runs_standard_fit.py failed (rc=2)
STDOUT:

STDERR:
/Library/Frameworks/Python.framework/Versions/3.13/Resources/Python.app/Contents/MacOS/Python: can't open file '/Users/tomsayada/spectral_analysis_project/src/runs_standard_fit.py': [Errno 2] No such file or directory

2025-01-06 01:11:50,140 - ERROR - runs_standard_fit.py failed (rc=2)
STDOUT:

STDERR:
/Library/Frameworks/Python.framework/Versions/3.13/Resources/Python.app/Contents/MacOS/Python: can't open file '/Users/tomsayada/spectral_analysis_project/src/runs_standard_fit.py': [Errno 2] No such file or directory

2025-01-06 01:11:50,140 - INFO - Retrying /Users/tomsayada/spectral_analysis_project/data/K_1_50.0_K_2_100.0_SNR_50.0_Q_0.5/simulation_9 (attempt 2)
2025-01-06 01:11:50,140 - INFO - Retrying /Users/tomsayada/spectral_analysis_project/data/K_1_50.0_K_2_100.0_SNR_50.0_Q_0.5/simulation_10 (attempt 2)
2025-01-06 01:11:50,140 - INFO - Found 25 observation files in /Users/tomsayada/spectral_analysis_project/data/K_1_50.0_K_2_100.0_SNR_50.0_Q_0.5/simulation_9
2025-01-06 01:11:50,140 - INFO - Found 25 observation files in /Users/tomsayada/spectral_analysis_project/data/K_1_50.0_K_2_100.0_SNR_50.0_Q_0.5/simulation_10
2025-01-06 01:11:50,141 - INFO - Running command: /usr/local/bin/python3.13 /Users/tomsayada/spectral_analysis_project/src/runs_standard_fit.py --data_dir /Users/tomsayada/spectral_analysis_project/data/K_1_50.0_K_2_100.0_SNR_50.0_Q_0.5/simulation_10 --output_dir /Users/tomsayada/spectral_analysis_project/data/K_1_50.0_K_2_100.0_SNR_50.0_Q_0.5/simulation_10/standard_sym_weighted_nobaseline_fit_results --profile_type sym --lines He4026,He4388,He4471
2025-01-06 01:11:50,141 - INFO - Running command: /usr/local/bin/python3.13 /Users/tomsayada/spectral_analysis_project/src/runs_standard_fit.py --data_dir /Users/tomsayada/spectral_analysis_project/data/K_1_50.0_K_2_100.0_SNR_50.0_Q_0.5/simulation_9 --output_dir /Users/tomsayada/spectral_analysis_project/data/K_1_50.0_K_2_100.0_SNR_50.0_Q_0.5/simulation_9/standard_sym_weighted_nobaseline_fit_results --profile_type sym --lines He4026,He4388,He4471
2025-01-06 01:11:50,157 - ERROR - runs_standard_fit.py failed (rc=2)
STDOUT:

STDERR:
/Library/Frameworks/Python.framework/Versions/3.13/Resources/Python.app/Contents/MacOS/Python: can't open file '/Users/tomsayada/spectral_analysis_project/src/runs_standard_fit.py': [Errno 2] No such file or directory

2025-01-06 01:11:50,157 - ERROR - runs_standard_fit.py failed (rc=2)
STDOUT:

STDERR:
/Library/Frameworks/Python.framework/Versions/3.13/Resources/Python.app/Contents/MacOS/Python: can't open file '/Users/tomsayada/spectral_analysis_project/src/runs_standard_fit.py': [Errno 2] No such file or directory

2025-01-06 01:11:50,157 - INFO - Retrying /Users/tomsayada/spectral_analysis_project/data/K_1_50.0_K_2_100.0_SNR_50.0_Q_0.5/simulation_10 (attempt 3)
2025-01-06 01:11:50,157 - INFO - Retrying /Users/tomsayada/spectral_analysis_project/data/K_1_50.0_K_2_100.0_SNR_50.0_Q_0.5/simulation_9 (attempt 3)
2025-01-06 01:11:50,157 - INFO - Found 25 observation files in /Users/tomsayada/spectral_analysis_project/data/K_1_50.0_K_2_100.0_SNR_50.0_Q_0.5/simulation_10
2025-01-06 01:11:50,157 - INFO - Found 25 observation files in /Users/tomsayada/spectral_analysis_project/data/K_1_50.0_K_2_100.0_SNR_50.0_Q_0.5/simulation_9
2025-01-06 01:11:50,157 - INFO - Running command: /usr/local/bin/python3.13 /Users/tomsayada/spectral_analysis_project/src/runs_standard_fit.py --data_dir /Users/tomsayada/spectral_analysis_project/data/K_1_50.0_K_2_100.0_SNR_50.0_Q_0.5/simulation_10 --output_dir /Users/tomsayada/spectral_analysis_project/data/K_1_50.0_K_2_100.0_SNR_50.0_Q_0.5/simulation_10/standard_sym_weighted_nobaseline_fit_results --profile_type sym --lines He4026,He4388,He4471
2025-01-06 01:11:50,157 - INFO - Running command: /usr/local/bin/python3.13 /Users/tomsayada/spectral_analysis_project/src/runs_standard_fit.py --data_dir /Users/tomsayada/spectral_analysis_project/data/K_1_50.0_K_2_100.0_SNR_50.0_Q_0.5/simulation_9 --output_dir /Users/tomsayada/spectral_analysis_project/data/K_1_50.0_K_2_100.0_SNR_50.0_Q_0.5/simulation_9/standard_sym_weighted_nobaseline_fit_results --profile_type sym --lines He4026,He4388,He4471
2025-01-06 01:11:50,174 - ERROR - runs_standard_fit.py failed (rc=2)
STDOUT:

STDERR:
/Library/Frameworks/Python.framework/Versions/3.13/Resources/Python.app/Contents/MacOS/Python: can't open file '/Users/tomsayada/spectral_analysis_project/src/runs_standard_fit.py': [Errno 2] No such file or directory

2025-01-06 01:11:50,174 - ERROR - runs_standard_fit.py failed (rc=2)
STDOUT:

STDERR:
/Library/Frameworks/Python.framework/Versions/3.13/Resources/Python.app/Contents/MacOS/Python: can't open file '/Users/tomsayada/spectral_analysis_project/src/runs_standard_fit.py': [Errno 2] No such file or directory

2025-01-06 01:11:50,186 - INFO - Analysis complete => 0/10 successful
2025-01-06 01:11:50,186 - INFO - Saved summary: /Users/tomsayada/spectral_analysis_project/data/K_1_50.0_K_2_100.0_SNR_50.0_Q_0.5/analysis_results_20250106_011149/analysis_summary.json
2025-01-06 01:11:50,186 - WARNING - Some folders failed; check logs or analysis_summary.json
2025-01-06 01:13:23,258 - INFO - Select the parent data folder:
2025-01-06 01:13:31,062 - INFO - User selected folder: /Users/tomsayada/spectral_analysis_project/data/K_1_50.0_K_2_100.0_SNR_50.0_Q_0.5
2025-01-06 01:13:31,063 - INFO - Data folder set to: /Users/tomsayada/spectral_analysis_project/data/K_1_50.0_K_2_100.0_SNR_50.0_Q_0.5
2025-01-06 01:13:31,063 - INFO - Base output: /Users/tomsayada/spectral_analysis_project/data/K_1_50.0_K_2_100.0_SNR_50.0_Q_0.5/analysis_results_20250106_011331
2025-01-06 01:13:31,145 - INFO - Found 25 observation files in /Users/tomsayada/spectral_analysis_project/data/K_1_50.0_K_2_100.0_SNR_50.0_Q_0.5/simulation_1
2025-01-06 01:13:31,145 - INFO - Running command: /usr/local/bin/python3.13 /Users/tomsayada/spectral_analysis_project/src/run_standard_fit.py --data_dir /Users/tomsayada/spectral_analysis_project/data/K_1_50.0_K_2_100.0_SNR_50.0_Q_0.5/simulation_1 --output_dir /Users/tomsayada/spectral_analysis_project/data/K_1_50.0_K_2_100.0_SNR_50.0_Q_0.5/simulation_1/standard_sym_weighted_nobaseline_fit_results --profile_type sym --lines He4026,He4388,He4471
2025-01-06 01:13:31,146 - INFO - Found 25 observation files in /Users/tomsayada/spectral_analysis_project/data/K_1_50.0_K_2_100.0_SNR_50.0_Q_0.5/simulation_2
2025-01-06 01:13:31,146 - INFO - Running command: /usr/local/bin/python3.13 /Users/tomsayada/spectral_analysis_project/src/run_standard_fit.py --data_dir /Users/tomsayada/spectral_analysis_project/data/K_1_50.0_K_2_100.0_SNR_50.0_Q_0.5/simulation_2 --output_dir /Users/tomsayada/spectral_analysis_project/data/K_1_50.0_K_2_100.0_SNR_50.0_Q_0.5/simulation_2/standard_sym_weighted_nobaseline_fit_results --profile_type sym --lines He4026,He4388,He4471
2025-01-06 01:13:31,149 - INFO - Found 25 observation files in /Users/tomsayada/spectral_analysis_project/data/K_1_50.0_K_2_100.0_SNR_50.0_Q_0.5/simulation_3
2025-01-06 01:13:31,149 - INFO - Running command: /usr/local/bin/python3.13 /Users/tomsayada/spectral_analysis_project/src/run_standard_fit.py --data_dir /Users/tomsayada/spectral_analysis_project/data/K_1_50.0_K_2_100.0_SNR_50.0_Q_0.5/simulation_3 --output_dir /Users/tomsayada/spectral_analysis_project/data/K_1_50.0_K_2_100.0_SNR_50.0_Q_0.5/simulation_3/standard_sym_weighted_nobaseline_fit_results --profile_type sym --lines He4026,He4388,He4471
2025-01-06 01:13:31,154 - INFO - Found 25 observation files in /Users/tomsayada/spectral_analysis_project/data/K_1_50.0_K_2_100.0_SNR_50.0_Q_0.5/simulation_4
2025-01-06 01:13:31,154 - INFO - Running command: /usr/local/bin/python3.13 /Users/tomsayada/spectral_analysis_project/src/run_standard_fit.py --data_dir /Users/tomsayada/spectral_analysis_project/data/K_1_50.0_K_2_100.0_SNR_50.0_Q_0.5/simulation_4 --output_dir /Users/tomsayada/spectral_analysis_project/data/K_1_50.0_K_2_100.0_SNR_50.0_Q_0.5/simulation_4/standard_sym_weighted_nobaseline_fit_results --profile_type sym --lines He4026,He4388,He4471
2025-01-06 01:22:28,048 - INFO - Found 25 observation files in /Users/tomsayada/spectral_analysis_project/data/K_1_50.0_K_2_100.0_SNR_50.0_Q_0.5/simulation_5
2025-01-06 01:22:28,049 - INFO - Running command: /usr/local/bin/python3.13 /Users/tomsayada/spectral_analysis_project/src/run_standard_fit.py --data_dir /Users/tomsayada/spectral_analysis_project/data/K_1_50.0_K_2_100.0_SNR_50.0_Q_0.5/simulation_5 --output_dir /Users/tomsayada/spectral_analysis_project/data/K_1_50.0_K_2_100.0_SNR_50.0_Q_0.5/simulation_5/standard_sym_weighted_nobaseline_fit_results --profile_type sym --lines He4026,He4388,He4471
2025-01-06 01:22:28,084 - INFO - Select the parent data folder:
2025-01-06 01:22:35,134 - INFO - User selected folder: /Users/tomsayada/spectral_analysis_project/data/K_1_50.0_K_2_100.0_SNR_50.0_Q_0.5
2025-01-06 01:22:35,135 - INFO - Data folder set to: /Users/tomsayada/spectral_analysis_project/data/K_1_50.0_K_2_100.0_SNR_50.0_Q_0.5
2025-01-06 01:22:35,135 - INFO - Base output: /Users/tomsayada/spectral_analysis_project/data/K_1_50.0_K_2_100.0_SNR_50.0_Q_0.5/analysis_results_20250106_012235
2025-01-06 01:22:35,216 - INFO - Found 25 observation files in /Users/tomsayada/spectral_analysis_project/data/K_1_50.0_K_2_100.0_SNR_50.0_Q_0.5/simulation_1
2025-01-06 01:22:35,216 - INFO - Running command: /usr/local/bin/python3.13 /Users/tomsayada/spectral_analysis_project/src/run_standard_fit.py --data_dir /Users/tomsayada/spectral_analysis_project/data/K_1_50.0_K_2_100.0_SNR_50.0_Q_0.5/simulation_1 --output_dir /Users/tomsayada/spectral_analysis_project/data/K_1_50.0_K_2_100.0_SNR_50.0_Q_0.5/simulation_1/standard_sym_weighted_nobaseline_fit_results --profile_type sym --lines He4026,He4388,He4471
2025-01-06 01:22:35,219 - INFO - Found 25 observation files in /Users/tomsayada/spectral_analysis_project/data/K_1_50.0_K_2_100.0_SNR_50.0_Q_0.5/simulation_2
2025-01-06 01:22:35,219 - INFO - Running command: /usr/local/bin/python3.13 /Users/tomsayada/spectral_analysis_project/src/run_standard_fit.py --data_dir /Users/tomsayada/spectral_analysis_project/data/K_1_50.0_K_2_100.0_SNR_50.0_Q_0.5/simulation_2 --output_dir /Users/tomsayada/spectral_analysis_project/data/K_1_50.0_K_2_100.0_SNR_50.0_Q_0.5/simulation_2/standard_sym_weighted_nobaseline_fit_results --profile_type sym --lines He4026,He4388,He4471
2025-01-06 01:22:35,223 - INFO - Found 25 observation files in /Users/tomsayada/spectral_analysis_project/data/K_1_50.0_K_2_100.0_SNR_50.0_Q_0.5/simulation_3
2025-01-06 01:22:35,223 - INFO - Running command: /usr/local/bin/python3.13 /Users/tomsayada/spectral_analysis_project/src/run_standard_fit.py --data_dir /Users/tomsayada/spectral_analysis_project/data/K_1_50.0_K_2_100.0_SNR_50.0_Q_0.5/simulation_3 --output_dir /Users/tomsayada/spectral_analysis_project/data/K_1_50.0_K_2_100.0_SNR_50.0_Q_0.5/simulation_3/standard_sym_weighted_nobaseline_fit_results --profile_type sym --lines He4026,He4388,He4471
2025-01-06 01:22:35,228 - INFO - Found 25 observation files in /Users/tomsayada/spectral_analysis_project/data/K_1_50.0_K_2_100.0_SNR_50.0_Q_0.5/simulation_4
2025-01-06 01:22:35,228 - INFO - Running command: /usr/local/bin/python3.13 /Users/tomsayada/spectral_analysis_project/src/run_standard_fit.py --data_dir /Users/tomsayada/spectral_analysis_project/data/K_1_50.0_K_2_100.0_SNR_50.0_Q_0.5/simulation_4 --output_dir /Users/tomsayada/spectral_analysis_project/data/K_1_50.0_K_2_100.0_SNR_50.0_Q_0.5/simulation_4/standard_sym_weighted_nobaseline_fit_results --profile_type sym --lines He4026,He4388,He4471
2025-01-06 01:30:01,827 - INFO - Found 25 observation files in /Users/tomsayada/spectral_analysis_project/data/K_1_50.0_K_2_100.0_SNR_50.0_Q_0.5/simulation_5
2025-01-06 01:30:01,828 - INFO - Running command: /usr/local/bin/python3.13 /Users/tomsayada/spectral_analysis_project/src/run_standard_fit.py --data_dir /Users/tomsayada/spectral_analysis_project/data/K_1_50.0_K_2_100.0_SNR_50.0_Q_0.5/simulation_5 --output_dir /Users/tomsayada/spectral_analysis_project/data/K_1_50.0_K_2_100.0_SNR_50.0_Q_0.5/simulation_5/standard_sym_weighted_nobaseline_fit_results --profile_type sym --lines He4026,He4388,He4471
2025-01-06 01:30:01,881 - INFO - Select the parent data folder:
2025-01-06 01:30:08,627 - INFO - User selected folder: /Users/tomsayada/spectral_analysis_project/data/K_1_50.0_K_2_100.0_SNR_50.0_Q_0.5
2025-01-06 01:30:08,628 - INFO - Data folder set to: /Users/tomsayada/spectral_analysis_project/data/K_1_50.0_K_2_100.0_SNR_50.0_Q_0.5
2025-01-06 01:30:08,628 - INFO - Base output: /Users/tomsayada/spectral_analysis_project/data/K_1_50.0_K_2_100.0_SNR_50.0_Q_0.5/analysis_results_20250106_013008
2025-01-06 01:30:08,636 - INFO - Found 25 observation files in /Users/tomsayada/spectral_analysis_project/data/K_1_50.0_K_2_100.0_SNR_50.0_Q_0.5/simulation_1
2025-01-06 01:30:08,636 - INFO - Running command: /usr/local/bin/python3.13 /Users/tomsayada/spectral_analysis_project/src/run_standard_fit.py --data_dir /Users/tomsayada/spectral_analysis_project/data/K_1_50.0_K_2_100.0_SNR_50.0_Q_0.5/simulation_1 --output_dir /Users/tomsayada/spectral_analysis_project/data/K_1_50.0_K_2_100.0_SNR_50.0_Q_0.5/simulation_1/standard_sym_weighted_nobaseline_fit_results --profile_type sym --lines He4026,He4388,He4471
2025-01-06 01:52:24,153 - INFO - Select the parent data folder:
2025-01-06 01:52:29,686 - INFO - User selected folder: /Users/tomsayada/spectral_analysis_project/data/K_1_50.0_K_2_100.0_SNR_50.0_Q_0.5
2025-01-06 01:52:29,686 - INFO - Data folder set to: /Users/tomsayada/spectral_analysis_project/data/K_1_50.0_K_2_100.0_SNR_50.0_Q_0.5
2025-01-06 01:52:29,686 - INFO - Base output: /Users/tomsayada/spectral_analysis_project/data/K_1_50.0_K_2_100.0_SNR_50.0_Q_0.5/analysis_results_20250106_015229
2025-01-06 01:52:29,750 - INFO - Found 25 observation files in /Users/tomsayada/spectral_analysis_project/data/K_1_50.0_K_2_100.0_SNR_50.0_Q_0.5/simulation_1
2025-01-06 01:52:29,750 - INFO - Running command: /usr/local/bin/python3.13 /Users/tomsayada/spectral_analysis_project/src/run_standard_fit.py --data_dir /Users/tomsayada/spectral_analysis_project/data/K_1_50.0_K_2_100.0_SNR_50.0_Q_0.5/simulation_1 --output_dir /Users/tomsayada/spectral_analysis_project/data/K_1_50.0_K_2_100.0_SNR_50.0_Q_0.5/simulation_1/standard_sym_weighted_nobaseline_fit_results --profile_type sym --lines He4026,He4388,He4471
2025-01-06 01:52:29,753 - INFO - Found 25 observation files in /Users/tomsayada/spectral_analysis_project/data/K_1_50.0_K_2_100.0_SNR_50.0_Q_0.5/simulation_2
2025-01-06 01:52:29,753 - INFO - Running command: /usr/local/bin/python3.13 /Users/tomsayada/spectral_analysis_project/src/run_standard_fit.py --data_dir /Users/tomsayada/spectral_analysis_project/data/K_1_50.0_K_2_100.0_SNR_50.0_Q_0.5/simulation_2 --output_dir /Users/tomsayada/spectral_analysis_project/data/K_1_50.0_K_2_100.0_SNR_50.0_Q_0.5/simulation_2/standard_sym_weighted_nobaseline_fit_results --profile_type sym --lines He4026,He4388,He4471
2025-01-06 01:52:29,757 - INFO - Found 25 observation files in /Users/tomsayada/spectral_analysis_project/data/K_1_50.0_K_2_100.0_SNR_50.0_Q_0.5/simulation_3
2025-01-06 01:52:29,757 - INFO - Running command: /usr/local/bin/python3.13 /Users/tomsayada/spectral_analysis_project/src/run_standard_fit.py --data_dir /Users/tomsayada/spectral_analysis_project/data/K_1_50.0_K_2_100.0_SNR_50.0_Q_0.5/simulation_3 --output_dir /Users/tomsayada/spectral_analysis_project/data/K_1_50.0_K_2_100.0_SNR_50.0_Q_0.5/simulation_3/standard_sym_weighted_nobaseline_fit_results --profile_type sym --lines He4026,He4388,He4471
2025-01-06 01:52:29,762 - INFO - Found 25 observation files in /Users/tomsayada/spectral_analysis_project/data/K_1_50.0_K_2_100.0_SNR_50.0_Q_0.5/simulation_4
2025-01-06 01:52:29,762 - INFO - Running command: /usr/local/bin/python3.13 /Users/tomsayada/spectral_analysis_project/src/run_standard_fit.py --data_dir /Users/tomsayada/spectral_analysis_project/data/K_1_50.0_K_2_100.0_SNR_50.0_Q_0.5/simulation_4 --output_dir /Users/tomsayada/spectral_analysis_project/data/K_1_50.0_K_2_100.0_SNR_50.0_Q_0.5/simulation_4/standard_sym_weighted_nobaseline_fit_results --profile_type sym --lines He4026,He4388,He4471
2025-01-06 02:03:40,276 - INFO - Found 25 observation files in /Users/tomsayada/spectral_analysis_project/data/K_1_50.0_K_2_100.0_SNR_50.0_Q_0.5/simulation_5
2025-01-06 02:03:40,276 - INFO - Running command: /usr/local/bin/python3.13 /Users/tomsayada/spectral_analysis_project/src/run_standard_fit.py --data_dir /Users/tomsayada/spectral_analysis_project/data/K_1_50.0_K_2_100.0_SNR_50.0_Q_0.5/simulation_5 --output_dir /Users/tomsayada/spectral_analysis_project/data/K_1_50.0_K_2_100.0_SNR_50.0_Q_0.5/simulation_5/standard_sym_weighted_nobaseline_fit_results --profile_type sym --lines He4026,He4388,He4471
2025-01-06 02:03:40,310 - INFO - Select the parent data folder:
2025-01-06 02:03:41,163 - ERROR - run_standard_fit.py failed (rc=1)
2025-01-06 02:03:41,163 - INFO - Retrying /Users/tomsayada/spectral_analysis_project/data/K_1_50.0_K_2_100.0_SNR_50.0_Q_0.5/simulation_5 (attempt 1)
2025-01-06 02:03:41,163 - INFO - Found 25 observation files in /Users/tomsayada/spectral_analysis_project/data/K_1_50.0_K_2_100.0_SNR_50.0_Q_0.5/simulation_5
2025-01-06 02:03:41,163 - INFO - Running command: /usr/local/bin/python3.13 /Users/tomsayada/spectral_analysis_project/src/run_standard_fit.py --data_dir /Users/tomsayada/spectral_analysis_project/data/K_1_50.0_K_2_100.0_SNR_50.0_Q_0.5/simulation_5 --output_dir /Users/tomsayada/spectral_analysis_project/data/K_1_50.0_K_2_100.0_SNR_50.0_Q_0.5/simulation_5/standard_sym_weighted_nobaseline_fit_results --profile_type sym --lines He4026,He4388,He4471
2025-01-06 02:03:41,735 - ERROR - run_standard_fit.py failed (rc=1)
2025-01-06 02:03:41,735 - INFO - Retrying /Users/tomsayada/spectral_analysis_project/data/K_1_50.0_K_2_100.0_SNR_50.0_Q_0.5/simulation_5 (attempt 2)
2025-01-06 02:03:41,735 - INFO - Found 25 observation files in /Users/tomsayada/spectral_analysis_project/data/K_1_50.0_K_2_100.0_SNR_50.0_Q_0.5/simulation_5
2025-01-06 02:03:41,735 - INFO - Running command: /usr/local/bin/python3.13 /Users/tomsayada/spectral_analysis_project/src/run_standard_fit.py --data_dir /Users/tomsayada/spectral_analysis_project/data/K_1_50.0_K_2_100.0_SNR_50.0_Q_0.5/simulation_5 --output_dir /Users/tomsayada/spectral_analysis_project/data/K_1_50.0_K_2_100.0_SNR_50.0_Q_0.5/simulation_5/standard_sym_weighted_nobaseline_fit_results --profile_type sym --lines He4026,He4388,He4471
2025-01-06 02:03:42,324 - ERROR - run_standard_fit.py failed (rc=1)
2025-01-06 02:03:42,324 - INFO - Retrying /Users/tomsayada/spectral_analysis_project/data/K_1_50.0_K_2_100.0_SNR_50.0_Q_0.5/simulation_5 (attempt 3)
2025-01-06 02:03:42,324 - INFO - Found 25 observation files in /Users/tomsayada/spectral_analysis_project/data/K_1_50.0_K_2_100.0_SNR_50.0_Q_0.5/simulation_5
2025-01-06 02:03:42,324 - INFO - Running command: /usr/local/bin/python3.13 /Users/tomsayada/spectral_analysis_project/src/run_standard_fit.py --data_dir /Users/tomsayada/spectral_analysis_project/data/K_1_50.0_K_2_100.0_SNR_50.0_Q_0.5/simulation_5 --output_dir /Users/tomsayada/spectral_analysis_project/data/K_1_50.0_K_2_100.0_SNR_50.0_Q_0.5/simulation_5/standard_sym_weighted_nobaseline_fit_results --profile_type sym --lines He4026,He4388,He4471
2025-01-06 02:03:42,913 - ERROR - run_standard_fit.py failed (rc=1)
2025-01-06 02:03:48,657 - INFO - User selected folder: /Users/tomsayada/spectral_analysis_project/data/K_1_50.0_K_2_100.0_SNR_50.0_Q_0.5
2025-01-06 02:03:48,657 - INFO - Data folder set to: /Users/tomsayada/spectral_analysis_project/data/K_1_50.0_K_2_100.0_SNR_50.0_Q_0.5
2025-01-06 02:03:48,658 - INFO - Base output: /Users/tomsayada/spectral_analysis_project/data/K_1_50.0_K_2_100.0_SNR_50.0_Q_0.5/analysis_results_20250106_020348
2025-01-06 02:03:48,722 - INFO - Found 25 observation files in /Users/tomsayada/spectral_analysis_project/data/K_1_50.0_K_2_100.0_SNR_50.0_Q_0.5/simulation_1
2025-01-06 02:03:48,723 - INFO - Running command: /usr/local/bin/python3.13 /Users/tomsayada/spectral_analysis_project/src/run_standard_fit.py --data_dir /Users/tomsayada/spectral_analysis_project/data/K_1_50.0_K_2_100.0_SNR_50.0_Q_0.5/simulation_1 --output_dir /Users/tomsayada/spectral_analysis_project/data/K_1_50.0_K_2_100.0_SNR_50.0_Q_0.5/simulation_1/standard_sym_weighted_nobaseline_fit_results --profile_type sym --lines He4026,He4388,He4471
2025-01-06 02:03:48,723 - INFO - Found 25 observation files in /Users/tomsayada/spectral_analysis_project/data/K_1_50.0_K_2_100.0_SNR_50.0_Q_0.5/simulation_2
2025-01-06 02:03:48,723 - INFO - Running command: /usr/local/bin/python3.13 /Users/tomsayada/spectral_analysis_project/src/run_standard_fit.py --data_dir /Users/tomsayada/spectral_analysis_project/data/K_1_50.0_K_2_100.0_SNR_50.0_Q_0.5/simulation_2 --output_dir /Users/tomsayada/spectral_analysis_project/data/K_1_50.0_K_2_100.0_SNR_50.0_Q_0.5/simulation_2/standard_sym_weighted_nobaseline_fit_results --profile_type sym --lines He4026,He4388,He4471
2025-01-06 02:03:48,727 - INFO - Found 25 observation files in /Users/tomsayada/spectral_analysis_project/data/K_1_50.0_K_2_100.0_SNR_50.0_Q_0.5/simulation_3
2025-01-06 02:03:48,727 - INFO - Running command: /usr/local/bin/python3.13 /Users/tomsayada/spectral_analysis_project/src/run_standard_fit.py --data_dir /Users/tomsayada/spectral_analysis_project/data/K_1_50.0_K_2_100.0_SNR_50.0_Q_0.5/simulation_3 --output_dir /Users/tomsayada/spectral_analysis_project/data/K_1_50.0_K_2_100.0_SNR_50.0_Q_0.5/simulation_3/standard_sym_weighted_nobaseline_fit_results --profile_type sym --lines He4026,He4388,He4471
2025-01-06 02:03:48,732 - INFO - Found 25 observation files in /Users/tomsayada/spectral_analysis_project/data/K_1_50.0_K_2_100.0_SNR_50.0_Q_0.5/simulation_4
2025-01-06 02:03:48,732 - INFO - Running command: /usr/local/bin/python3.13 /Users/tomsayada/spectral_analysis_project/src/run_standard_fit.py --data_dir /Users/tomsayada/spectral_analysis_project/data/K_1_50.0_K_2_100.0_SNR_50.0_Q_0.5/simulation_4 --output_dir /Users/tomsayada/spectral_analysis_project/data/K_1_50.0_K_2_100.0_SNR_50.0_Q_0.5/simulation_4/standard_sym_weighted_nobaseline_fit_results --profile_type sym --lines He4026,He4388,He4471
2025-01-06 02:03:49,596 - ERROR - run_standard_fit.py failed (rc=1)
2025-01-06 02:03:49,596 - INFO - Retrying /Users/tomsayada/spectral_analysis_project/data/K_1_50.0_K_2_100.0_SNR_50.0_Q_0.5/simulation_4 (attempt 1)
2025-01-06 02:03:49,596 - INFO - Found 25 observation files in /Users/tomsayada/spectral_analysis_project/data/K_1_50.0_K_2_100.0_SNR_50.0_Q_0.5/simulation_4
2025-01-06 02:03:49,596 - INFO - Running command: /usr/local/bin/python3.13 /Users/tomsayada/spectral_analysis_project/src/run_standard_fit.py --data_dir /Users/tomsayada/spectral_analysis_project/data/K_1_50.0_K_2_100.0_SNR_50.0_Q_0.5/simulation_4 --output_dir /Users/tomsayada/spectral_analysis_project/data/K_1_50.0_K_2_100.0_SNR_50.0_Q_0.5/simulation_4/standard_sym_weighted_nobaseline_fit_results --profile_type sym --lines He4026,He4388,He4471
2025-01-06 02:03:49,608 - ERROR - run_standard_fit.py failed (rc=1)
2025-01-06 02:03:49,608 - INFO - Retrying /Users/tomsayada/spectral_analysis_project/data/K_1_50.0_K_2_100.0_SNR_50.0_Q_0.5/simulation_2 (attempt 1)
2025-01-06 02:03:49,608 - INFO - Found 25 observation files in /Users/tomsayada/spectral_analysis_project/data/K_1_50.0_K_2_100.0_SNR_50.0_Q_0.5/simulation_2
2025-01-06 02:03:49,608 - INFO - Running command: /usr/local/bin/python3.13 /Users/tomsayada/spectral_analysis_project/src/run_standard_fit.py --data_dir /Users/tomsayada/spectral_analysis_project/data/K_1_50.0_K_2_100.0_SNR_50.0_Q_0.5/simulation_2 --output_dir /Users/tomsayada/spectral_analysis_project/data/K_1_50.0_K_2_100.0_SNR_50.0_Q_0.5/simulation_2/standard_sym_weighted_nobaseline_fit_results --profile_type sym --lines He4026,He4388,He4471
2025-01-06 02:03:49,608 - ERROR - run_standard_fit.py failed (rc=1)
2025-01-06 02:03:49,608 - INFO - Retrying /Users/tomsayada/spectral_analysis_project/data/K_1_50.0_K_2_100.0_SNR_50.0_Q_0.5/simulation_1 (attempt 1)
2025-01-06 02:03:49,608 - INFO - Found 25 observation files in /Users/tomsayada/spectral_analysis_project/data/K_1_50.0_K_2_100.0_SNR_50.0_Q_0.5/simulation_1
2025-01-06 02:03:49,609 - INFO - Running command: /usr/local/bin/python3.13 /Users/tomsayada/spectral_analysis_project/src/run_standard_fit.py --data_dir /Users/tomsayada/spectral_analysis_project/data/K_1_50.0_K_2_100.0_SNR_50.0_Q_0.5/simulation_1 --output_dir /Users/tomsayada/spectral_analysis_project/data/K_1_50.0_K_2_100.0_SNR_50.0_Q_0.5/simulation_1/standard_sym_weighted_nobaseline_fit_results --profile_type sym --lines He4026,He4388,He4471
2025-01-06 02:03:49,611 - ERROR - run_standard_fit.py failed (rc=1)
2025-01-06 02:03:49,611 - INFO - Retrying /Users/tomsayada/spectral_analysis_project/data/K_1_50.0_K_2_100.0_SNR_50.0_Q_0.5/simulation_3 (attempt 1)
2025-01-06 02:03:49,611 - INFO - Found 25 observation files in /Users/tomsayada/spectral_analysis_project/data/K_1_50.0_K_2_100.0_SNR_50.0_Q_0.5/simulation_3
2025-01-06 02:03:49,611 - INFO - Running command: /usr/local/bin/python3.13 /Users/tomsayada/spectral_analysis_project/src/run_standard_fit.py --data_dir /Users/tomsayada/spectral_analysis_project/data/K_1_50.0_K_2_100.0_SNR_50.0_Q_0.5/simulation_3 --output_dir /Users/tomsayada/spectral_analysis_project/data/K_1_50.0_K_2_100.0_SNR_50.0_Q_0.5/simulation_3/standard_sym_weighted_nobaseline_fit_results --profile_type sym --lines He4026,He4388,He4471
2025-01-06 02:03:50,420 - ERROR - run_standard_fit.py failed (rc=1)
2025-01-06 02:03:50,420 - INFO - Retrying /Users/tomsayada/spectral_analysis_project/data/K_1_50.0_K_2_100.0_SNR_50.0_Q_0.5/simulation_4 (attempt 2)
2025-01-06 02:03:50,420 - INFO - Found 25 observation files in /Users/tomsayada/spectral_analysis_project/data/K_1_50.0_K_2_100.0_SNR_50.0_Q_0.5/simulation_4
2025-01-06 02:03:50,420 - INFO - Running command: /usr/local/bin/python3.13 /Users/tomsayada/spectral_analysis_project/src/run_standard_fit.py --data_dir /Users/tomsayada/spectral_analysis_project/data/K_1_50.0_K_2_100.0_SNR_50.0_Q_0.5/simulation_4 --output_dir /Users/tomsayada/spectral_analysis_project/data/K_1_50.0_K_2_100.0_SNR_50.0_Q_0.5/simulation_4/standard_sym_weighted_nobaseline_fit_results --profile_type sym --lines He4026,He4388,He4471
2025-01-06 02:03:50,460 - ERROR - run_standard_fit.py failed (rc=1)
2025-01-06 02:03:50,461 - INFO - Retrying /Users/tomsayada/spectral_analysis_project/data/K_1_50.0_K_2_100.0_SNR_50.0_Q_0.5/simulation_2 (attempt 2)
2025-01-06 02:03:50,461 - INFO - Found 25 observation files in /Users/tomsayada/spectral_analysis_project/data/K_1_50.0_K_2_100.0_SNR_50.0_Q_0.5/simulation_2
2025-01-06 02:03:50,461 - INFO - Running command: /usr/local/bin/python3.13 /Users/tomsayada/spectral_analysis_project/src/run_standard_fit.py --data_dir /Users/tomsayada/spectral_analysis_project/data/K_1_50.0_K_2_100.0_SNR_50.0_Q_0.5/simulation_2 --output_dir /Users/tomsayada/spectral_analysis_project/data/K_1_50.0_K_2_100.0_SNR_50.0_Q_0.5/simulation_2/standard_sym_weighted_nobaseline_fit_results --profile_type sym --lines He4026,He4388,He4471
2025-01-06 02:03:50,481 - ERROR - run_standard_fit.py failed (rc=1)
2025-01-06 02:03:50,481 - ERROR - run_standard_fit.py failed (rc=1)
2025-01-06 02:03:50,481 - INFO - Retrying /Users/tomsayada/spectral_analysis_project/data/K_1_50.0_K_2_100.0_SNR_50.0_Q_0.5/simulation_1 (attempt 2)
2025-01-06 02:03:50,481 - INFO - Retrying /Users/tomsayada/spectral_analysis_project/data/K_1_50.0_K_2_100.0_SNR_50.0_Q_0.5/simulation_3 (attempt 2)
2025-01-06 02:03:50,481 - INFO - Found 25 observation files in /Users/tomsayada/spectral_analysis_project/data/K_1_50.0_K_2_100.0_SNR_50.0_Q_0.5/simulation_1
2025-01-06 02:03:50,481 - INFO - Found 25 observation files in /Users/tomsayada/spectral_analysis_project/data/K_1_50.0_K_2_100.0_SNR_50.0_Q_0.5/simulation_3
2025-01-06 02:03:50,481 - INFO - Running command: /usr/local/bin/python3.13 /Users/tomsayada/spectral_analysis_project/src/run_standard_fit.py --data_dir /Users/tomsayada/spectral_analysis_project/data/K_1_50.0_K_2_100.0_SNR_50.0_Q_0.5/simulation_1 --output_dir /Users/tomsayada/spectral_analysis_project/data/K_1_50.0_K_2_100.0_SNR_50.0_Q_0.5/simulation_1/standard_sym_weighted_nobaseline_fit_results --profile_type sym --lines He4026,He4388,He4471
2025-01-06 02:03:50,481 - INFO - Running command: /usr/local/bin/python3.13 /Users/tomsayada/spectral_analysis_project/src/run_standard_fit.py --data_dir /Users/tomsayada/spectral_analysis_project/data/K_1_50.0_K_2_100.0_SNR_50.0_Q_0.5/simulation_3 --output_dir /Users/tomsayada/spectral_analysis_project/data/K_1_50.0_K_2_100.0_SNR_50.0_Q_0.5/simulation_3/standard_sym_weighted_nobaseline_fit_results --profile_type sym --lines He4026,He4388,He4471
2025-01-06 02:03:51,237 - ERROR - run_standard_fit.py failed (rc=1)
2025-01-06 02:03:51,237 - INFO - Retrying /Users/tomsayada/spectral_analysis_project/data/K_1_50.0_K_2_100.0_SNR_50.0_Q_0.5/simulation_4 (attempt 3)
2025-01-06 02:03:51,237 - INFO - Found 25 observation files in /Users/tomsayada/spectral_analysis_project/data/K_1_50.0_K_2_100.0_SNR_50.0_Q_0.5/simulation_4
2025-01-06 02:03:51,237 - INFO - Running command: /usr/local/bin/python3.13 /Users/tomsayada/spectral_analysis_project/src/run_standard_fit.py --data_dir /Users/tomsayada/spectral_analysis_project/data/K_1_50.0_K_2_100.0_SNR_50.0_Q_0.5/simulation_4 --output_dir /Users/tomsayada/spectral_analysis_project/data/K_1_50.0_K_2_100.0_SNR_50.0_Q_0.5/simulation_4/standard_sym_weighted_nobaseline_fit_results --profile_type sym --lines He4026,He4388,He4471
2025-01-06 02:03:51,295 - ERROR - run_standard_fit.py failed (rc=1)
2025-01-06 02:03:51,295 - INFO - Retrying /Users/tomsayada/spectral_analysis_project/data/K_1_50.0_K_2_100.0_SNR_50.0_Q_0.5/simulation_2 (attempt 3)
2025-01-06 02:03:51,295 - INFO - Found 25 observation files in /Users/tomsayada/spectral_analysis_project/data/K_1_50.0_K_2_100.0_SNR_50.0_Q_0.5/simulation_2
2025-01-06 02:03:51,295 - INFO - Running command: /usr/local/bin/python3.13 /Users/tomsayada/spectral_analysis_project/src/run_standard_fit.py --data_dir /Users/tomsayada/spectral_analysis_project/data/K_1_50.0_K_2_100.0_SNR_50.0_Q_0.5/simulation_2 --output_dir /Users/tomsayada/spectral_analysis_project/data/K_1_50.0_K_2_100.0_SNR_50.0_Q_0.5/simulation_2/standard_sym_weighted_nobaseline_fit_results --profile_type sym --lines He4026,He4388,He4471
2025-01-06 02:03:51,331 - ERROR - run_standard_fit.py failed (rc=1)
2025-01-06 02:03:51,331 - INFO - Retrying /Users/tomsayada/spectral_analysis_project/data/K_1_50.0_K_2_100.0_SNR_50.0_Q_0.5/simulation_1 (attempt 3)
2025-01-06 02:03:51,331 - INFO - Found 25 observation files in /Users/tomsayada/spectral_analysis_project/data/K_1_50.0_K_2_100.0_SNR_50.0_Q_0.5/simulation_1
2025-01-06 02:03:51,331 - INFO - Running command: /usr/local/bin/python3.13 /Users/tomsayada/spectral_analysis_project/src/run_standard_fit.py --data_dir /Users/tomsayada/spectral_analysis_project/data/K_1_50.0_K_2_100.0_SNR_50.0_Q_0.5/simulation_1 --output_dir /Users/tomsayada/spectral_analysis_project/data/K_1_50.0_K_2_100.0_SNR_50.0_Q_0.5/simulation_1/standard_sym_weighted_nobaseline_fit_results --profile_type sym --lines He4026,He4388,He4471
2025-01-06 02:03:51,339 - ERROR - run_standard_fit.py failed (rc=1)
2025-01-06 02:03:51,340 - INFO - Retrying /Users/tomsayada/spectral_analysis_project/data/K_1_50.0_K_2_100.0_SNR_50.0_Q_0.5/simulation_3 (attempt 3)
2025-01-06 02:03:51,340 - INFO - Found 25 observation files in /Users/tomsayada/spectral_analysis_project/data/K_1_50.0_K_2_100.0_SNR_50.0_Q_0.5/simulation_3
2025-01-06 02:03:51,340 - INFO - Running command: /usr/local/bin/python3.13 /Users/tomsayada/spectral_analysis_project/src/run_standard_fit.py --data_dir /Users/tomsayada/spectral_analysis_project/data/K_1_50.0_K_2_100.0_SNR_50.0_Q_0.5/simulation_3 --output_dir /Users/tomsayada/spectral_analysis_project/data/K_1_50.0_K_2_100.0_SNR_50.0_Q_0.5/simulation_3/standard_sym_weighted_nobaseline_fit_results --profile_type sym --lines He4026,He4388,He4471
2025-01-06 02:03:52,071 - ERROR - run_standard_fit.py failed (rc=1)
2025-01-06 02:03:52,071 - INFO - Found 25 observation files in /Users/tomsayada/spectral_analysis_project/data/K_1_50.0_K_2_100.0_SNR_50.0_Q_0.5/simulation_5
2025-01-06 02:03:52,071 - INFO - Running command: /usr/local/bin/python3.13 /Users/tomsayada/spectral_analysis_project/src/run_standard_fit.py --data_dir /Users/tomsayada/spectral_analysis_project/data/K_1_50.0_K_2_100.0_SNR_50.0_Q_0.5/simulation_5 --output_dir /Users/tomsayada/spectral_analysis_project/data/K_1_50.0_K_2_100.0_SNR_50.0_Q_0.5/simulation_5/standard_sym_weighted_nobaseline_fit_results --profile_type sym --lines He4026,He4388,He4471
2025-01-06 02:03:52,125 - ERROR - run_standard_fit.py failed (rc=1)
2025-01-06 02:03:52,126 - INFO - Found 25 observation files in /Users/tomsayada/spectral_analysis_project/data/K_1_50.0_K_2_100.0_SNR_50.0_Q_0.5/simulation_6
2025-01-06 02:03:52,126 - INFO - Running command: /usr/local/bin/python3.13 /Users/tomsayada/spectral_analysis_project/src/run_standard_fit.py --data_dir /Users/tomsayada/spectral_analysis_project/data/K_1_50.0_K_2_100.0_SNR_50.0_Q_0.5/simulation_6 --output_dir /Users/tomsayada/spectral_analysis_project/data/K_1_50.0_K_2_100.0_SNR_50.0_Q_0.5/simulation_6/standard_sym_weighted_nobaseline_fit_results --profile_type sym --lines He4026,He4388,He4471
2025-01-06 02:03:52,167 - ERROR - run_standard_fit.py failed (rc=1)
2025-01-06 02:03:52,168 - INFO - Found 25 observation files in /Users/tomsayada/spectral_analysis_project/data/K_1_50.0_K_2_100.0_SNR_50.0_Q_0.5/simulation_7
2025-01-06 02:03:52,168 - INFO - Running command: /usr/local/bin/python3.13 /Users/tomsayada/spectral_analysis_project/src/run_standard_fit.py --data_dir /Users/tomsayada/spectral_analysis_project/data/K_1_50.0_K_2_100.0_SNR_50.0_Q_0.5/simulation_7 --output_dir /Users/tomsayada/spectral_analysis_project/data/K_1_50.0_K_2_100.0_SNR_50.0_Q_0.5/simulation_7/standard_sym_weighted_nobaseline_fit_results --profile_type sym --lines He4026,He4388,He4471
2025-01-06 02:03:52,188 - ERROR - run_standard_fit.py failed (rc=1)
2025-01-06 02:03:52,189 - INFO - Found 25 observation files in /Users/tomsayada/spectral_analysis_project/data/K_1_50.0_K_2_100.0_SNR_50.0_Q_0.5/simulation_8
2025-01-06 02:03:52,189 - INFO - Running command: /usr/local/bin/python3.13 /Users/tomsayada/spectral_analysis_project/src/run_standard_fit.py --data_dir /Users/tomsayada/spectral_analysis_project/data/K_1_50.0_K_2_100.0_SNR_50.0_Q_0.5/simulation_8 --output_dir /Users/tomsayada/spectral_analysis_project/data/K_1_50.0_K_2_100.0_SNR_50.0_Q_0.5/simulation_8/standard_sym_weighted_nobaseline_fit_results --profile_type sym --lines He4026,He4388,He4471
2025-01-06 02:03:52,927 - ERROR - run_standard_fit.py failed (rc=1)
2025-01-06 02:03:52,927 - INFO - Retrying /Users/tomsayada/spectral_analysis_project/data/K_1_50.0_K_2_100.0_SNR_50.0_Q_0.5/simulation_5 (attempt 1)
2025-01-06 02:03:52,927 - INFO - Found 25 observation files in /Users/tomsayada/spectral_analysis_project/data/K_1_50.0_K_2_100.0_SNR_50.0_Q_0.5/simulation_5
2025-01-06 02:03:52,927 - INFO - Running command: /usr/local/bin/python3.13 /Users/tomsayada/spectral_analysis_project/src/run_standard_fit.py --data_dir /Users/tomsayada/spectral_analysis_project/data/K_1_50.0_K_2_100.0_SNR_50.0_Q_0.5/simulation_5 --output_dir /Users/tomsayada/spectral_analysis_project/data/K_1_50.0_K_2_100.0_SNR_50.0_Q_0.5/simulation_5/standard_sym_weighted_nobaseline_fit_results --profile_type sym --lines He4026,He4388,He4471
2025-01-06 02:03:52,970 - ERROR - run_standard_fit.py failed (rc=1)
2025-01-06 02:03:52,970 - INFO - Retrying /Users/tomsayada/spectral_analysis_project/data/K_1_50.0_K_2_100.0_SNR_50.0_Q_0.5/simulation_6 (attempt 1)
2025-01-06 02:03:52,970 - INFO - Found 25 observation files in /Users/tomsayada/spectral_analysis_project/data/K_1_50.0_K_2_100.0_SNR_50.0_Q_0.5/simulation_6
2025-01-06 02:03:52,970 - INFO - Running command: /usr/local/bin/python3.13 /Users/tomsayada/spectral_analysis_project/src/run_standard_fit.py --data_dir /Users/tomsayada/spectral_analysis_project/data/K_1_50.0_K_2_100.0_SNR_50.0_Q_0.5/simulation_6 --output_dir /Users/tomsayada/spectral_analysis_project/data/K_1_50.0_K_2_100.0_SNR_50.0_Q_0.5/simulation_6/standard_sym_weighted_nobaseline_fit_results --profile_type sym --lines He4026,He4388,He4471
2025-01-06 02:03:53,007 - ERROR - run_standard_fit.py failed (rc=1)
2025-01-06 02:03:53,007 - INFO - Retrying /Users/tomsayada/spectral_analysis_project/data/K_1_50.0_K_2_100.0_SNR_50.0_Q_0.5/simulation_7 (attempt 1)
2025-01-06 02:03:53,007 - INFO - Found 25 observation files in /Users/tomsayada/spectral_analysis_project/data/K_1_50.0_K_2_100.0_SNR_50.0_Q_0.5/simulation_7
2025-01-06 02:03:53,007 - INFO - Running command: /usr/local/bin/python3.13 /Users/tomsayada/spectral_analysis_project/src/run_standard_fit.py --data_dir /Users/tomsayada/spectral_analysis_project/data/K_1_50.0_K_2_100.0_SNR_50.0_Q_0.5/simulation_7 --output_dir /Users/tomsayada/spectral_analysis_project/data/K_1_50.0_K_2_100.0_SNR_50.0_Q_0.5/simulation_7/standard_sym_weighted_nobaseline_fit_results --profile_type sym --lines He4026,He4388,He4471
2025-01-06 02:03:53,045 - ERROR - run_standard_fit.py failed (rc=1)
2025-01-06 02:03:53,045 - INFO - Retrying /Users/tomsayada/spectral_analysis_project/data/K_1_50.0_K_2_100.0_SNR_50.0_Q_0.5/simulation_8 (attempt 1)
2025-01-06 02:03:53,045 - INFO - Found 25 observation files in /Users/tomsayada/spectral_analysis_project/data/K_1_50.0_K_2_100.0_SNR_50.0_Q_0.5/simulation_8
2025-01-06 02:03:53,045 - INFO - Running command: /usr/local/bin/python3.13 /Users/tomsayada/spectral_analysis_project/src/run_standard_fit.py --data_dir /Users/tomsayada/spectral_analysis_project/data/K_1_50.0_K_2_100.0_SNR_50.0_Q_0.5/simulation_8 --output_dir /Users/tomsayada/spectral_analysis_project/data/K_1_50.0_K_2_100.0_SNR_50.0_Q_0.5/simulation_8/standard_sym_weighted_nobaseline_fit_results --profile_type sym --lines He4026,He4388,He4471
2025-01-06 02:03:53,774 - ERROR - run_standard_fit.py failed (rc=1)
2025-01-06 02:03:53,774 - INFO - Retrying /Users/tomsayada/spectral_analysis_project/data/K_1_50.0_K_2_100.0_SNR_50.0_Q_0.5/simulation_5 (attempt 2)
2025-01-06 02:03:53,774 - INFO - Found 25 observation files in /Users/tomsayada/spectral_analysis_project/data/K_1_50.0_K_2_100.0_SNR_50.0_Q_0.5/simulation_5
2025-01-06 02:03:53,775 - INFO - Running command: /usr/local/bin/python3.13 /Users/tomsayada/spectral_analysis_project/src/run_standard_fit.py --data_dir /Users/tomsayada/spectral_analysis_project/data/K_1_50.0_K_2_100.0_SNR_50.0_Q_0.5/simulation_5 --output_dir /Users/tomsayada/spectral_analysis_project/data/K_1_50.0_K_2_100.0_SNR_50.0_Q_0.5/simulation_5/standard_sym_weighted_nobaseline_fit_results --profile_type sym --lines He4026,He4388,He4471
2025-01-06 02:03:53,813 - ERROR - run_standard_fit.py failed (rc=1)
2025-01-06 02:03:53,813 - INFO - Retrying /Users/tomsayada/spectral_analysis_project/data/K_1_50.0_K_2_100.0_SNR_50.0_Q_0.5/simulation_6 (attempt 2)
2025-01-06 02:03:53,813 - INFO - Found 25 observation files in /Users/tomsayada/spectral_analysis_project/data/K_1_50.0_K_2_100.0_SNR_50.0_Q_0.5/simulation_6
2025-01-06 02:03:53,813 - INFO - Running command: /usr/local/bin/python3.13 /Users/tomsayada/spectral_analysis_project/src/run_standard_fit.py --data_dir /Users/tomsayada/spectral_analysis_project/data/K_1_50.0_K_2_100.0_SNR_50.0_Q_0.5/simulation_6 --output_dir /Users/tomsayada/spectral_analysis_project/data/K_1_50.0_K_2_100.0_SNR_50.0_Q_0.5/simulation_6/standard_sym_weighted_nobaseline_fit_results --profile_type sym --lines He4026,He4388,He4471
2025-01-06 02:03:53,852 - ERROR - run_standard_fit.py failed (rc=1)
2025-01-06 02:03:53,852 - INFO - Retrying /Users/tomsayada/spectral_analysis_project/data/K_1_50.0_K_2_100.0_SNR_50.0_Q_0.5/simulation_7 (attempt 2)
2025-01-06 02:03:53,853 - INFO - Found 25 observation files in /Users/tomsayada/spectral_analysis_project/data/K_1_50.0_K_2_100.0_SNR_50.0_Q_0.5/simulation_7
2025-01-06 02:03:53,853 - INFO - Running command: /usr/local/bin/python3.13 /Users/tomsayada/spectral_analysis_project/src/run_standard_fit.py --data_dir /Users/tomsayada/spectral_analysis_project/data/K_1_50.0_K_2_100.0_SNR_50.0_Q_0.5/simulation_7 --output_dir /Users/tomsayada/spectral_analysis_project/data/K_1_50.0_K_2_100.0_SNR_50.0_Q_0.5/simulation_7/standard_sym_weighted_nobaseline_fit_results --profile_type sym --lines He4026,He4388,He4471
2025-01-06 02:03:53,881 - ERROR - run_standard_fit.py failed (rc=1)
2025-01-06 02:03:53,882 - INFO - Retrying /Users/tomsayada/spectral_analysis_project/data/K_1_50.0_K_2_100.0_SNR_50.0_Q_0.5/simulation_8 (attempt 2)
2025-01-06 02:03:53,882 - INFO - Found 25 observation files in /Users/tomsayada/spectral_analysis_project/data/K_1_50.0_K_2_100.0_SNR_50.0_Q_0.5/simulation_8
2025-01-06 02:03:53,882 - INFO - Running command: /usr/local/bin/python3.13 /Users/tomsayada/spectral_analysis_project/src/run_standard_fit.py --data_dir /Users/tomsayada/spectral_analysis_project/data/K_1_50.0_K_2_100.0_SNR_50.0_Q_0.5/simulation_8 --output_dir /Users/tomsayada/spectral_analysis_project/data/K_1_50.0_K_2_100.0_SNR_50.0_Q_0.5/simulation_8/standard_sym_weighted_nobaseline_fit_results --profile_type sym --lines He4026,He4388,He4471
2025-01-06 02:03:54,636 - ERROR - run_standard_fit.py failed (rc=1)
2025-01-06 02:03:54,636 - INFO - Retrying /Users/tomsayada/spectral_analysis_project/data/K_1_50.0_K_2_100.0_SNR_50.0_Q_0.5/simulation_5 (attempt 3)
2025-01-06 02:03:54,636 - INFO - Found 25 observation files in /Users/tomsayada/spectral_analysis_project/data/K_1_50.0_K_2_100.0_SNR_50.0_Q_0.5/simulation_5
2025-01-06 02:03:54,636 - INFO - Running command: /usr/local/bin/python3.13 /Users/tomsayada/spectral_analysis_project/src/run_standard_fit.py --data_dir /Users/tomsayada/spectral_analysis_project/data/K_1_50.0_K_2_100.0_SNR_50.0_Q_0.5/simulation_5 --output_dir /Users/tomsayada/spectral_analysis_project/data/K_1_50.0_K_2_100.0_SNR_50.0_Q_0.5/simulation_5/standard_sym_weighted_nobaseline_fit_results --profile_type sym --lines He4026,He4388,He4471
2025-01-06 02:03:54,650 - ERROR - run_standard_fit.py failed (rc=1)
2025-01-06 02:03:54,650 - INFO - Retrying /Users/tomsayada/spectral_analysis_project/data/K_1_50.0_K_2_100.0_SNR_50.0_Q_0.5/simulation_6 (attempt 3)
2025-01-06 02:03:54,650 - INFO - Found 25 observation files in /Users/tomsayada/spectral_analysis_project/data/K_1_50.0_K_2_100.0_SNR_50.0_Q_0.5/simulation_6
2025-01-06 02:03:54,650 - INFO - Running command: /usr/local/bin/python3.13 /Users/tomsayada/spectral_analysis_project/src/run_standard_fit.py --data_dir /Users/tomsayada/spectral_analysis_project/data/K_1_50.0_K_2_100.0_SNR_50.0_Q_0.5/simulation_6 --output_dir /Users/tomsayada/spectral_analysis_project/data/K_1_50.0_K_2_100.0_SNR_50.0_Q_0.5/simulation_6/standard_sym_weighted_nobaseline_fit_results --profile_type sym --lines He4026,He4388,He4471
2025-01-06 02:03:54,691 - ERROR - run_standard_fit.py failed (rc=1)
2025-01-06 02:03:54,691 - INFO - Retrying /Users/tomsayada/spectral_analysis_project/data/K_1_50.0_K_2_100.0_SNR_50.0_Q_0.5/simulation_7 (attempt 3)
2025-01-06 02:03:54,691 - INFO - Found 25 observation files in /Users/tomsayada/spectral_analysis_project/data/K_1_50.0_K_2_100.0_SNR_50.0_Q_0.5/simulation_7
2025-01-06 02:03:54,692 - INFO - Running command: /usr/local/bin/python3.13 /Users/tomsayada/spectral_analysis_project/src/run_standard_fit.py --data_dir /Users/tomsayada/spectral_analysis_project/data/K_1_50.0_K_2_100.0_SNR_50.0_Q_0.5/simulation_7 --output_dir /Users/tomsayada/spectral_analysis_project/data/K_1_50.0_K_2_100.0_SNR_50.0_Q_0.5/simulation_7/standard_sym_weighted_nobaseline_fit_results --profile_type sym --lines He4026,He4388,He4471
2025-01-06 02:03:54,729 - ERROR - run_standard_fit.py failed (rc=1)
2025-01-06 02:03:54,729 - INFO - Retrying /Users/tomsayada/spectral_analysis_project/data/K_1_50.0_K_2_100.0_SNR_50.0_Q_0.5/simulation_8 (attempt 3)
2025-01-06 02:03:54,729 - INFO - Found 25 observation files in /Users/tomsayada/spectral_analysis_project/data/K_1_50.0_K_2_100.0_SNR_50.0_Q_0.5/simulation_8
2025-01-06 02:03:54,729 - INFO - Running command: /usr/local/bin/python3.13 /Users/tomsayada/spectral_analysis_project/src/run_standard_fit.py --data_dir /Users/tomsayada/spectral_analysis_project/data/K_1_50.0_K_2_100.0_SNR_50.0_Q_0.5/simulation_8 --output_dir /Users/tomsayada/spectral_analysis_project/data/K_1_50.0_K_2_100.0_SNR_50.0_Q_0.5/simulation_8/standard_sym_weighted_nobaseline_fit_results --profile_type sym --lines He4026,He4388,He4471
2025-01-06 02:03:55,506 - ERROR - run_standard_fit.py failed (rc=1)
2025-01-06 02:03:55,507 - INFO - Found 25 observation files in /Users/tomsayada/spectral_analysis_project/data/K_1_50.0_K_2_100.0_SNR_50.0_Q_0.5/simulation_9
2025-01-06 02:03:55,507 - INFO - Running command: /usr/local/bin/python3.13 /Users/tomsayada/spectral_analysis_project/src/run_standard_fit.py --data_dir /Users/tomsayada/spectral_analysis_project/data/K_1_50.0_K_2_100.0_SNR_50.0_Q_0.5/simulation_9 --output_dir /Users/tomsayada/spectral_analysis_project/data/K_1_50.0_K_2_100.0_SNR_50.0_Q_0.5/simulation_9/standard_sym_weighted_nobaseline_fit_results --profile_type sym --lines He4026,He4388,He4471
2025-01-06 02:03:55,510 - ERROR - run_standard_fit.py failed (rc=1)
2025-01-06 02:03:55,511 - INFO - Found 25 observation files in /Users/tomsayada/spectral_analysis_project/data/K_1_50.0_K_2_100.0_SNR_50.0_Q_0.5/simulation_10
2025-01-06 02:03:55,511 - INFO - Running command: /usr/local/bin/python3.13 /Users/tomsayada/spectral_analysis_project/src/run_standard_fit.py --data_dir /Users/tomsayada/spectral_analysis_project/data/K_1_50.0_K_2_100.0_SNR_50.0_Q_0.5/simulation_10 --output_dir /Users/tomsayada/spectral_analysis_project/data/K_1_50.0_K_2_100.0_SNR_50.0_Q_0.5/simulation_10/standard_sym_weighted_nobaseline_fit_results --profile_type sym --lines He4026,He4388,He4471
2025-01-06 02:03:55,547 - ERROR - run_standard_fit.py failed (rc=1)
2025-01-06 02:03:55,579 - ERROR - run_standard_fit.py failed (rc=1)
2025-01-06 02:03:56,335 - ERROR - run_standard_fit.py failed (rc=1)
2025-01-06 02:03:56,335 - INFO - Retrying /Users/tomsayada/spectral_analysis_project/data/K_1_50.0_K_2_100.0_SNR_50.0_Q_0.5/simulation_9 (attempt 1)
2025-01-06 02:03:56,335 - INFO - Found 25 observation files in /Users/tomsayada/spectral_analysis_project/data/K_1_50.0_K_2_100.0_SNR_50.0_Q_0.5/simulation_9
2025-01-06 02:03:56,335 - INFO - Running command: /usr/local/bin/python3.13 /Users/tomsayada/spectral_analysis_project/src/run_standard_fit.py --data_dir /Users/tomsayada/spectral_analysis_project/data/K_1_50.0_K_2_100.0_SNR_50.0_Q_0.5/simulation_9 --output_dir /Users/tomsayada/spectral_analysis_project/data/K_1_50.0_K_2_100.0_SNR_50.0_Q_0.5/simulation_9/standard_sym_weighted_nobaseline_fit_results --profile_type sym --lines He4026,He4388,He4471
2025-01-06 02:03:56,340 - ERROR - run_standard_fit.py failed (rc=1)
2025-01-06 02:03:56,340 - INFO - Retrying /Users/tomsayada/spectral_analysis_project/data/K_1_50.0_K_2_100.0_SNR_50.0_Q_0.5/simulation_10 (attempt 1)
2025-01-06 02:03:56,340 - INFO - Found 25 observation files in /Users/tomsayada/spectral_analysis_project/data/K_1_50.0_K_2_100.0_SNR_50.0_Q_0.5/simulation_10
2025-01-06 02:03:56,340 - INFO - Running command: /usr/local/bin/python3.13 /Users/tomsayada/spectral_analysis_project/src/run_standard_fit.py --data_dir /Users/tomsayada/spectral_analysis_project/data/K_1_50.0_K_2_100.0_SNR_50.0_Q_0.5/simulation_10 --output_dir /Users/tomsayada/spectral_analysis_project/data/K_1_50.0_K_2_100.0_SNR_50.0_Q_0.5/simulation_10/standard_sym_weighted_nobaseline_fit_results --profile_type sym --lines He4026,He4388,He4471
2025-01-06 02:03:57,132 - ERROR - run_standard_fit.py failed (rc=1)
2025-01-06 02:03:57,132 - INFO - Retrying /Users/tomsayada/spectral_analysis_project/data/K_1_50.0_K_2_100.0_SNR_50.0_Q_0.5/simulation_9 (attempt 2)
2025-01-06 02:03:57,132 - INFO - Found 25 observation files in /Users/tomsayada/spectral_analysis_project/data/K_1_50.0_K_2_100.0_SNR_50.0_Q_0.5/simulation_9
2025-01-06 02:03:57,132 - INFO - Running command: /usr/local/bin/python3.13 /Users/tomsayada/spectral_analysis_project/src/run_standard_fit.py --data_dir /Users/tomsayada/spectral_analysis_project/data/K_1_50.0_K_2_100.0_SNR_50.0_Q_0.5/simulation_9 --output_dir /Users/tomsayada/spectral_analysis_project/data/K_1_50.0_K_2_100.0_SNR_50.0_Q_0.5/simulation_9/standard_sym_weighted_nobaseline_fit_results --profile_type sym --lines He4026,He4388,He4471
2025-01-06 02:03:57,155 - ERROR - run_standard_fit.py failed (rc=1)
2025-01-06 02:03:57,156 - INFO - Retrying /Users/tomsayada/spectral_analysis_project/data/K_1_50.0_K_2_100.0_SNR_50.0_Q_0.5/simulation_10 (attempt 2)
2025-01-06 02:03:57,156 - INFO - Found 25 observation files in /Users/tomsayada/spectral_analysis_project/data/K_1_50.0_K_2_100.0_SNR_50.0_Q_0.5/simulation_10
2025-01-06 02:03:57,156 - INFO - Running command: /usr/local/bin/python3.13 /Users/tomsayada/spectral_analysis_project/src/run_standard_fit.py --data_dir /Users/tomsayada/spectral_analysis_project/data/K_1_50.0_K_2_100.0_SNR_50.0_Q_0.5/simulation_10 --output_dir /Users/tomsayada/spectral_analysis_project/data/K_1_50.0_K_2_100.0_SNR_50.0_Q_0.5/simulation_10/standard_sym_weighted_nobaseline_fit_results --profile_type sym --lines He4026,He4388,He4471
2025-01-06 02:03:58,047 - ERROR - run_standard_fit.py failed (rc=1)
2025-01-06 02:03:58,047 - INFO - Retrying /Users/tomsayada/spectral_analysis_project/data/K_1_50.0_K_2_100.0_SNR_50.0_Q_0.5/simulation_9 (attempt 3)
2025-01-06 02:03:58,047 - INFO - Found 25 observation files in /Users/tomsayada/spectral_analysis_project/data/K_1_50.0_K_2_100.0_SNR_50.0_Q_0.5/simulation_9
2025-01-06 02:03:58,047 - INFO - Running command: /usr/local/bin/python3.13 /Users/tomsayada/spectral_analysis_project/src/run_standard_fit.py --data_dir /Users/tomsayada/spectral_analysis_project/data/K_1_50.0_K_2_100.0_SNR_50.0_Q_0.5/simulation_9 --output_dir /Users/tomsayada/spectral_analysis_project/data/K_1_50.0_K_2_100.0_SNR_50.0_Q_0.5/simulation_9/standard_sym_weighted_nobaseline_fit_results --profile_type sym --lines He4026,He4388,He4471
2025-01-06 02:03:58,090 - ERROR - run_standard_fit.py failed (rc=1)
2025-01-06 02:03:58,090 - INFO - Retrying /Users/tomsayada/spectral_analysis_project/data/K_1_50.0_K_2_100.0_SNR_50.0_Q_0.5/simulation_10 (attempt 3)
2025-01-06 02:03:58,090 - INFO - Found 25 observation files in /Users/tomsayada/spectral_analysis_project/data/K_1_50.0_K_2_100.0_SNR_50.0_Q_0.5/simulation_10
2025-01-06 02:03:58,090 - INFO - Running command: /usr/local/bin/python3.13 /Users/tomsayada/spectral_analysis_project/src/run_standard_fit.py --data_dir /Users/tomsayada/spectral_analysis_project/data/K_1_50.0_K_2_100.0_SNR_50.0_Q_0.5/simulation_10 --output_dir /Users/tomsayada/spectral_analysis_project/data/K_1_50.0_K_2_100.0_SNR_50.0_Q_0.5/simulation_10/standard_sym_weighted_nobaseline_fit_results --profile_type sym --lines He4026,He4388,He4471
2025-01-06 02:03:58,862 - ERROR - run_standard_fit.py failed (rc=1)
2025-01-06 02:03:58,913 - ERROR - run_standard_fit.py failed (rc=1)
2025-01-06 02:03:58,923 - INFO - Analysis complete => 0/10 successful
2025-01-06 02:03:58,923 - INFO - Saved summary: /Users/tomsayada/spectral_analysis_project/data/K_1_50.0_K_2_100.0_SNR_50.0_Q_0.5/analysis_results_20250106_020348/analysis_summary.json
2025-01-06 02:03:58,923 - WARNING - Some folders failed; check logs or analysis_summary.json
2025-01-06 02:04:12,843 - INFO - Select the parent data folder:
2025-01-06 02:04:18,242 - INFO - User selected folder: /Users/tomsayada/spectral_analysis_project/data/K_1_50.0_K_2_100.0_SNR_50.0_Q_0.5
2025-01-06 02:04:18,242 - INFO - Data folder set to: /Users/tomsayada/spectral_analysis_project/data/K_1_50.0_K_2_100.0_SNR_50.0_Q_0.5
2025-01-06 02:04:18,242 - INFO - Base output: /Users/tomsayada/spectral_analysis_project/data/K_1_50.0_K_2_100.0_SNR_50.0_Q_0.5/analysis_results_20250106_020418
2025-01-06 02:04:18,303 - INFO - Found 25 observation files in /Users/tomsayada/spectral_analysis_project/data/K_1_50.0_K_2_100.0_SNR_50.0_Q_0.5/simulation_1
2025-01-06 02:04:18,303 - INFO - Running command: /usr/local/bin/python3.13 /Users/tomsayada/spectral_analysis_project/src/run_standard_fit.py --data_dir /Users/tomsayada/spectral_analysis_project/data/K_1_50.0_K_2_100.0_SNR_50.0_Q_0.5/simulation_1 --output_dir /Users/tomsayada/spectral_analysis_project/data/K_1_50.0_K_2_100.0_SNR_50.0_Q_0.5/simulation_1/standard_sym_weighted_nobaseline_fit_results --profile_type sym --lines He4026,He4388,He4471
2025-01-06 02:04:18,305 - INFO - Found 25 observation files in /Users/tomsayada/spectral_analysis_project/data/K_1_50.0_K_2_100.0_SNR_50.0_Q_0.5/simulation_2
2025-01-06 02:04:18,305 - INFO - Running command: /usr/local/bin/python3.13 /Users/tomsayada/spectral_analysis_project/src/run_standard_fit.py --data_dir /Users/tomsayada/spectral_analysis_project/data/K_1_50.0_K_2_100.0_SNR_50.0_Q_0.5/simulation_2 --output_dir /Users/tomsayada/spectral_analysis_project/data/K_1_50.0_K_2_100.0_SNR_50.0_Q_0.5/simulation_2/standard_sym_weighted_nobaseline_fit_results --profile_type sym --lines He4026,He4388,He4471
2025-01-06 02:04:18,310 - INFO - Found 25 observation files in /Users/tomsayada/spectral_analysis_project/data/K_1_50.0_K_2_100.0_SNR_50.0_Q_0.5/simulation_3
2025-01-06 02:04:18,310 - INFO - Running command: /usr/local/bin/python3.13 /Users/tomsayada/spectral_analysis_project/src/run_standard_fit.py --data_dir /Users/tomsayada/spectral_analysis_project/data/K_1_50.0_K_2_100.0_SNR_50.0_Q_0.5/simulation_3 --output_dir /Users/tomsayada/spectral_analysis_project/data/K_1_50.0_K_2_100.0_SNR_50.0_Q_0.5/simulation_3/standard_sym_weighted_nobaseline_fit_results --profile_type sym --lines He4026,He4388,He4471
2025-01-06 02:04:18,315 - INFO - Found 25 observation files in /Users/tomsayada/spectral_analysis_project/data/K_1_50.0_K_2_100.0_SNR_50.0_Q_0.5/simulation_4
2025-01-06 02:04:18,315 - INFO - Running command: /usr/local/bin/python3.13 /Users/tomsayada/spectral_analysis_project/src/run_standard_fit.py --data_dir /Users/tomsayada/spectral_analysis_project/data/K_1_50.0_K_2_100.0_SNR_50.0_Q_0.5/simulation_4 --output_dir /Users/tomsayada/spectral_analysis_project/data/K_1_50.0_K_2_100.0_SNR_50.0_Q_0.5/simulation_4/standard_sym_weighted_nobaseline_fit_results --profile_type sym --lines He4026,He4388,He4471
2025-01-06 02:24:16,017 - INFO - Analysis complete for /Users/tomsayada/spectral_analysis_project/data/K_1_50.0_K_2_100.0_SNR_50.0_Q_0.5/simulation_3. Results in: /Users/tomsayada/spectral_analysis_project/data/K_1_50.0_K_2_100.0_SNR_50.0_Q_0.5/simulation_3/standard_sym_weighted_nobaseline_fit_results
2025-01-06 02:24:16,019 - INFO - Found 25 observation files in /Users/tomsayada/spectral_analysis_project/data/K_1_50.0_K_2_100.0_SNR_50.0_Q_0.5/simulation_5
2025-01-06 02:24:16,019 - INFO - Running command: /usr/local/bin/python3.13 /Users/tomsayada/spectral_analysis_project/src/run_standard_fit.py --data_dir /Users/tomsayada/spectral_analysis_project/data/K_1_50.0_K_2_100.0_SNR_50.0_Q_0.5/simulation_5 --output_dir /Users/tomsayada/spectral_analysis_project/data/K_1_50.0_K_2_100.0_SNR_50.0_Q_0.5/simulation_5/standard_sym_weighted_nobaseline_fit_results --profile_type sym --lines He4026,He4388,He4471
2025-01-06 02:52:45,265 - INFO - Analysis complete for /Users/tomsayada/spectral_analysis_project/data/K_1_50.0_K_2_100.0_SNR_50.0_Q_0.5/simulation_2. Results in: /Users/tomsayada/spectral_analysis_project/data/K_1_50.0_K_2_100.0_SNR_50.0_Q_0.5/simulation_2/standard_sym_weighted_nobaseline_fit_results
2025-01-06 02:52:45,266 - INFO - Found 25 observation files in /Users/tomsayada/spectral_analysis_project/data/K_1_50.0_K_2_100.0_SNR_50.0_Q_0.5/simulation_6
2025-01-06 02:52:45,266 - INFO - Running command: /usr/local/bin/python3.13 /Users/tomsayada/spectral_analysis_project/src/run_standard_fit.py --data_dir /Users/tomsayada/spectral_analysis_project/data/K_1_50.0_K_2_100.0_SNR_50.0_Q_0.5/simulation_6 --output_dir /Users/tomsayada/spectral_analysis_project/data/K_1_50.0_K_2_100.0_SNR_50.0_Q_0.5/simulation_6/standard_sym_weighted_nobaseline_fit_results --profile_type sym --lines He4026,He4388,He4471
2025-01-06 02:53:57,206 - INFO - Found 25 observation files in /Users/tomsayada/spectral_analysis_project/data/K_1_50.0_K_2_100.0_SNR_50.0_Q_0.5/simulation_7
2025-01-06 02:53:57,207 - INFO - Running command: /usr/local/bin/python3.13 /Users/tomsayada/spectral_analysis_project/src/run_standard_fit.py --data_dir /Users/tomsayada/spectral_analysis_project/data/K_1_50.0_K_2_100.0_SNR_50.0_Q_0.5/simulation_7 --output_dir /Users/tomsayada/spectral_analysis_project/data/K_1_50.0_K_2_100.0_SNR_50.0_Q_0.5/simulation_7/standard_sym_weighted_nobaseline_fit_results --profile_type sym --lines He4026,He4388,He4471
2025-01-06 02:53:57,220 - INFO - Found 25 observation files in /Users/tomsayada/spectral_analysis_project/data/K_1_50.0_K_2_100.0_SNR_50.0_Q_0.5/simulation_8
2025-01-06 02:53:57,220 - INFO - Running command: /usr/local/bin/python3.13 /Users/tomsayada/spectral_analysis_project/src/run_standard_fit.py --data_dir /Users/tomsayada/spectral_analysis_project/data/K_1_50.0_K_2_100.0_SNR_50.0_Q_0.5/simulation_8 --output_dir /Users/tomsayada/spectral_analysis_project/data/K_1_50.0_K_2_100.0_SNR_50.0_Q_0.5/simulation_8/standard_sym_weighted_nobaseline_fit_results --profile_type sym --lines He4026,He4388,He4471
2025-01-06 02:53:57,220 - INFO - Found 25 observation files in /Users/tomsayada/spectral_analysis_project/data/K_1_50.0_K_2_100.0_SNR_50.0_Q_0.5/simulation_9
2025-01-06 02:53:57,221 - INFO - Running command: /usr/local/bin/python3.13 /Users/tomsayada/spectral_analysis_project/src/run_standard_fit.py --data_dir /Users/tomsayada/spectral_analysis_project/data/K_1_50.0_K_2_100.0_SNR_50.0_Q_0.5/simulation_9 --output_dir /Users/tomsayada/spectral_analysis_project/data/K_1_50.0_K_2_100.0_SNR_50.0_Q_0.5/simulation_9/standard_sym_weighted_nobaseline_fit_results --profile_type sym --lines He4026,He4388,He4471
2025-01-06 02:53:57,221 - INFO - Found 25 observation files in /Users/tomsayada/spectral_analysis_project/data/K_1_50.0_K_2_100.0_SNR_50.0_Q_0.5/simulation_10
2025-01-06 02:53:57,221 - INFO - Running command: /usr/local/bin/python3.13 /Users/tomsayada/spectral_analysis_project/src/run_standard_fit.py --data_dir /Users/tomsayada/spectral_analysis_project/data/K_1_50.0_K_2_100.0_SNR_50.0_Q_0.5/simulation_10 --output_dir /Users/tomsayada/spectral_analysis_project/data/K_1_50.0_K_2_100.0_SNR_50.0_Q_0.5/simulation_10/standard_sym_weighted_nobaseline_fit_results --profile_type sym --lines He4026,He4388,He4471
2025-01-06 02:53:58,181 - ERROR - run_standard_fit.py failed (rc=1)
2025-01-06 02:53:58,181 - INFO - Retrying /Users/tomsayada/spectral_analysis_project/data/K_1_50.0_K_2_100.0_SNR_50.0_Q_0.5/simulation_8 (attempt 1)
2025-01-06 02:53:58,182 - INFO - Found 25 observation files in /Users/tomsayada/spectral_analysis_project/data/K_1_50.0_K_2_100.0_SNR_50.0_Q_0.5/simulation_8
2025-01-06 02:53:58,182 - INFO - Running command: /usr/local/bin/python3.13 /Users/tomsayada/spectral_analysis_project/src/run_standard_fit.py --data_dir /Users/tomsayada/spectral_analysis_project/data/K_1_50.0_K_2_100.0_SNR_50.0_Q_0.5/simulation_8 --output_dir /Users/tomsayada/spectral_analysis_project/data/K_1_50.0_K_2_100.0_SNR_50.0_Q_0.5/simulation_8/standard_sym_weighted_nobaseline_fit_results --profile_type sym --lines He4026,He4388,He4471
2025-01-06 02:53:58,198 - ERROR - run_standard_fit.py failed (rc=1)
2025-01-06 02:53:58,198 - INFO - Retrying /Users/tomsayada/spectral_analysis_project/data/K_1_50.0_K_2_100.0_SNR_50.0_Q_0.5/simulation_9 (attempt 1)
2025-01-06 02:53:58,199 - INFO - Found 25 observation files in /Users/tomsayada/spectral_analysis_project/data/K_1_50.0_K_2_100.0_SNR_50.0_Q_0.5/simulation_9
2025-01-06 02:53:58,199 - INFO - Running command: /usr/local/bin/python3.13 /Users/tomsayada/spectral_analysis_project/src/run_standard_fit.py --data_dir /Users/tomsayada/spectral_analysis_project/data/K_1_50.0_K_2_100.0_SNR_50.0_Q_0.5/simulation_9 --output_dir /Users/tomsayada/spectral_analysis_project/data/K_1_50.0_K_2_100.0_SNR_50.0_Q_0.5/simulation_9/standard_sym_weighted_nobaseline_fit_results --profile_type sym --lines He4026,He4388,He4471
2025-01-06 02:53:58,217 - ERROR - run_standard_fit.py failed (rc=1)
2025-01-06 02:53:58,217 - INFO - Retrying /Users/tomsayada/spectral_analysis_project/data/K_1_50.0_K_2_100.0_SNR_50.0_Q_0.5/simulation_7 (attempt 1)
2025-01-06 02:53:58,217 - INFO - Found 25 observation files in /Users/tomsayada/spectral_analysis_project/data/K_1_50.0_K_2_100.0_SNR_50.0_Q_0.5/simulation_7
2025-01-06 02:53:58,218 - INFO - Running command: /usr/local/bin/python3.13 /Users/tomsayada/spectral_analysis_project/src/run_standard_fit.py --data_dir /Users/tomsayada/spectral_analysis_project/data/K_1_50.0_K_2_100.0_SNR_50.0_Q_0.5/simulation_7 --output_dir /Users/tomsayada/spectral_analysis_project/data/K_1_50.0_K_2_100.0_SNR_50.0_Q_0.5/simulation_7/standard_sym_weighted_nobaseline_fit_results --profile_type sym --lines He4026,He4388,He4471
2025-01-06 02:53:58,230 - ERROR - run_standard_fit.py failed (rc=1)
2025-01-06 02:53:58,230 - INFO - Retrying /Users/tomsayada/spectral_analysis_project/data/K_1_50.0_K_2_100.0_SNR_50.0_Q_0.5/simulation_10 (attempt 1)
2025-01-06 02:53:58,230 - INFO - Found 25 observation files in /Users/tomsayada/spectral_analysis_project/data/K_1_50.0_K_2_100.0_SNR_50.0_Q_0.5/simulation_10
2025-01-06 02:53:58,231 - INFO - Running command: /usr/local/bin/python3.13 /Users/tomsayada/spectral_analysis_project/src/run_standard_fit.py --data_dir /Users/tomsayada/spectral_analysis_project/data/K_1_50.0_K_2_100.0_SNR_50.0_Q_0.5/simulation_10 --output_dir /Users/tomsayada/spectral_analysis_project/data/K_1_50.0_K_2_100.0_SNR_50.0_Q_0.5/simulation_10/standard_sym_weighted_nobaseline_fit_results --profile_type sym --lines He4026,He4388,He4471
2025-01-06 02:53:58,842 - ERROR - run_standard_fit.py failed (rc=1)
2025-01-06 02:53:58,843 - INFO - Retrying /Users/tomsayada/spectral_analysis_project/data/K_1_50.0_K_2_100.0_SNR_50.0_Q_0.5/simulation_8 (attempt 2)
2025-01-06 02:53:58,843 - INFO - Found 25 observation files in /Users/tomsayada/spectral_analysis_project/data/K_1_50.0_K_2_100.0_SNR_50.0_Q_0.5/simulation_8
2025-01-06 02:53:58,843 - INFO - Running command: /usr/local/bin/python3.13 /Users/tomsayada/spectral_analysis_project/src/run_standard_fit.py --data_dir /Users/tomsayada/spectral_analysis_project/data/K_1_50.0_K_2_100.0_SNR_50.0_Q_0.5/simulation_8 --output_dir /Users/tomsayada/spectral_analysis_project/data/K_1_50.0_K_2_100.0_SNR_50.0_Q_0.5/simulation_8/standard_sym_weighted_nobaseline_fit_results --profile_type sym --lines He4026,He4388,He4471
2025-01-06 02:53:58,857 - ERROR - run_standard_fit.py failed (rc=1)
2025-01-06 02:53:58,857 - INFO - Retrying /Users/tomsayada/spectral_analysis_project/data/K_1_50.0_K_2_100.0_SNR_50.0_Q_0.5/simulation_9 (attempt 2)
2025-01-06 02:53:58,857 - INFO - Found 25 observation files in /Users/tomsayada/spectral_analysis_project/data/K_1_50.0_K_2_100.0_SNR_50.0_Q_0.5/simulation_9
2025-01-06 02:53:58,857 - INFO - Running command: /usr/local/bin/python3.13 /Users/tomsayada/spectral_analysis_project/src/run_standard_fit.py --data_dir /Users/tomsayada/spectral_analysis_project/data/K_1_50.0_K_2_100.0_SNR_50.0_Q_0.5/simulation_9 --output_dir /Users/tomsayada/spectral_analysis_project/data/K_1_50.0_K_2_100.0_SNR_50.0_Q_0.5/simulation_9/standard_sym_weighted_nobaseline_fit_results --profile_type sym --lines He4026,He4388,He4471
2025-01-06 02:53:58,879 - ERROR - run_standard_fit.py failed (rc=1)
2025-01-06 02:53:58,880 - INFO - Retrying /Users/tomsayada/spectral_analysis_project/data/K_1_50.0_K_2_100.0_SNR_50.0_Q_0.5/simulation_7 (attempt 2)
2025-01-06 02:53:58,880 - INFO - Found 25 observation files in /Users/tomsayada/spectral_analysis_project/data/K_1_50.0_K_2_100.0_SNR_50.0_Q_0.5/simulation_7
2025-01-06 02:53:58,880 - INFO - Running command: /usr/local/bin/python3.13 /Users/tomsayada/spectral_analysis_project/src/run_standard_fit.py --data_dir /Users/tomsayada/spectral_analysis_project/data/K_1_50.0_K_2_100.0_SNR_50.0_Q_0.5/simulation_7 --output_dir /Users/tomsayada/spectral_analysis_project/data/K_1_50.0_K_2_100.0_SNR_50.0_Q_0.5/simulation_7/standard_sym_weighted_nobaseline_fit_results --profile_type sym --lines He4026,He4388,He4471
2025-01-06 02:53:58,888 - ERROR - run_standard_fit.py failed (rc=1)
2025-01-06 02:53:58,888 - INFO - Retrying /Users/tomsayada/spectral_analysis_project/data/K_1_50.0_K_2_100.0_SNR_50.0_Q_0.5/simulation_10 (attempt 2)
2025-01-06 02:53:58,888 - INFO - Found 25 observation files in /Users/tomsayada/spectral_analysis_project/data/K_1_50.0_K_2_100.0_SNR_50.0_Q_0.5/simulation_10
2025-01-06 02:53:58,888 - INFO - Running command: /usr/local/bin/python3.13 /Users/tomsayada/spectral_analysis_project/src/run_standard_fit.py --data_dir /Users/tomsayada/spectral_analysis_project/data/K_1_50.0_K_2_100.0_SNR_50.0_Q_0.5/simulation_10 --output_dir /Users/tomsayada/spectral_analysis_project/data/K_1_50.0_K_2_100.0_SNR_50.0_Q_0.5/simulation_10/standard_sym_weighted_nobaseline_fit_results --profile_type sym --lines He4026,He4388,He4471
2025-01-06 02:53:59,503 - ERROR - run_standard_fit.py failed (rc=1)
2025-01-06 02:53:59,503 - INFO - Retrying /Users/tomsayada/spectral_analysis_project/data/K_1_50.0_K_2_100.0_SNR_50.0_Q_0.5/simulation_8 (attempt 3)
2025-01-06 02:53:59,503 - INFO - Found 25 observation files in /Users/tomsayada/spectral_analysis_project/data/K_1_50.0_K_2_100.0_SNR_50.0_Q_0.5/simulation_8
2025-01-06 02:53:59,503 - INFO - Running command: /usr/local/bin/python3.13 /Users/tomsayada/spectral_analysis_project/src/run_standard_fit.py --data_dir /Users/tomsayada/spectral_analysis_project/data/K_1_50.0_K_2_100.0_SNR_50.0_Q_0.5/simulation_8 --output_dir /Users/tomsayada/spectral_analysis_project/data/K_1_50.0_K_2_100.0_SNR_50.0_Q_0.5/simulation_8/standard_sym_weighted_nobaseline_fit_results --profile_type sym --lines He4026,He4388,He4471
2025-01-06 02:53:59,517 - ERROR - run_standard_fit.py failed (rc=1)
2025-01-06 02:53:59,517 - INFO - Retrying /Users/tomsayada/spectral_analysis_project/data/K_1_50.0_K_2_100.0_SNR_50.0_Q_0.5/simulation_9 (attempt 3)
2025-01-06 02:53:59,517 - INFO - Found 25 observation files in /Users/tomsayada/spectral_analysis_project/data/K_1_50.0_K_2_100.0_SNR_50.0_Q_0.5/simulation_9
2025-01-06 02:53:59,517 - INFO - Running command: /usr/local/bin/python3.13 /Users/tomsayada/spectral_analysis_project/src/run_standard_fit.py --data_dir /Users/tomsayada/spectral_analysis_project/data/K_1_50.0_K_2_100.0_SNR_50.0_Q_0.5/simulation_9 --output_dir /Users/tomsayada/spectral_analysis_project/data/K_1_50.0_K_2_100.0_SNR_50.0_Q_0.5/simulation_9/standard_sym_weighted_nobaseline_fit_results --profile_type sym --lines He4026,He4388,He4471
2025-01-06 02:53:59,532 - ERROR - run_standard_fit.py failed (rc=1)
2025-01-06 02:53:59,532 - ERROR - run_standard_fit.py failed (rc=1)
2025-01-06 02:53:59,533 - INFO - Retrying /Users/tomsayada/spectral_analysis_project/data/K_1_50.0_K_2_100.0_SNR_50.0_Q_0.5/simulation_10 (attempt 3)
2025-01-06 02:53:59,533 - INFO - Retrying /Users/tomsayada/spectral_analysis_project/data/K_1_50.0_K_2_100.0_SNR_50.0_Q_0.5/simulation_7 (attempt 3)
2025-01-06 02:53:59,533 - INFO - Found 25 observation files in /Users/tomsayada/spectral_analysis_project/data/K_1_50.0_K_2_100.0_SNR_50.0_Q_0.5/simulation_10
2025-01-06 02:53:59,533 - INFO - Running command: /usr/local/bin/python3.13 /Users/tomsayada/spectral_analysis_project/src/run_standard_fit.py --data_dir /Users/tomsayada/spectral_analysis_project/data/K_1_50.0_K_2_100.0_SNR_50.0_Q_0.5/simulation_10 --output_dir /Users/tomsayada/spectral_analysis_project/data/K_1_50.0_K_2_100.0_SNR_50.0_Q_0.5/simulation_10/standard_sym_weighted_nobaseline_fit_results --profile_type sym --lines He4026,He4388,He4471
2025-01-06 02:53:59,533 - INFO - Found 25 observation files in /Users/tomsayada/spectral_analysis_project/data/K_1_50.0_K_2_100.0_SNR_50.0_Q_0.5/simulation_7
2025-01-06 02:53:59,533 - INFO - Running command: /usr/local/bin/python3.13 /Users/tomsayada/spectral_analysis_project/src/run_standard_fit.py --data_dir /Users/tomsayada/spectral_analysis_project/data/K_1_50.0_K_2_100.0_SNR_50.0_Q_0.5/simulation_7 --output_dir /Users/tomsayada/spectral_analysis_project/data/K_1_50.0_K_2_100.0_SNR_50.0_Q_0.5/simulation_7/standard_sym_weighted_nobaseline_fit_results --profile_type sym --lines He4026,He4388,He4471
2025-01-06 02:54:00,174 - ERROR - run_standard_fit.py failed (rc=1)
2025-01-06 02:54:00,190 - ERROR - run_standard_fit.py failed (rc=1)
2025-01-06 02:54:00,203 - ERROR - run_standard_fit.py failed (rc=1)
2025-01-06 02:54:00,203 - ERROR - run_standard_fit.py failed (rc=1)
2025-01-06 03:00:55,001 - INFO - Select the parent data folder:
2025-01-06 03:01:00,973 - INFO - User selected folder: /Users/tomsayada/spectral_analysis_project/data/K_1_50.0_K_2_100.0_SNR_50.0_Q_0.5
2025-01-06 03:01:00,973 - INFO - Data folder set to: /Users/tomsayada/spectral_analysis_project/data/K_1_50.0_K_2_100.0_SNR_50.0_Q_0.5
2025-01-06 03:01:00,973 - INFO - Base output: /Users/tomsayada/spectral_analysis_project/data/K_1_50.0_K_2_100.0_SNR_50.0_Q_0.5/analysis_results_20250106_030100
2025-01-06 03:01:01,038 - INFO - Found 25 observation files in /Users/tomsayada/spectral_analysis_project/data/K_1_50.0_K_2_100.0_SNR_50.0_Q_0.5/simulation_1
2025-01-06 03:01:01,038 - INFO - Running command: /usr/local/bin/python3.13 /Users/tomsayada/spectral_analysis_project/src/run_standard_fit.py --data_dir /Users/tomsayada/spectral_analysis_project/data/K_1_50.0_K_2_100.0_SNR_50.0_Q_0.5/simulation_1 --output_dir /Users/tomsayada/spectral_analysis_project/data/K_1_50.0_K_2_100.0_SNR_50.0_Q_0.5/simulation_1/standard_sym_weighted_nobaseline_fit_results --profile_type sym --lines He4026,He4388,He4471
2025-01-06 03:01:01,043 - INFO - Found 25 observation files in /Users/tomsayada/spectral_analysis_project/data/K_1_50.0_K_2_100.0_SNR_50.0_Q_0.5/simulation_2
2025-01-06 03:01:01,043 - INFO - Running command: /usr/local/bin/python3.13 /Users/tomsayada/spectral_analysis_project/src/run_standard_fit.py --data_dir /Users/tomsayada/spectral_analysis_project/data/K_1_50.0_K_2_100.0_SNR_50.0_Q_0.5/simulation_2 --output_dir /Users/tomsayada/spectral_analysis_project/data/K_1_50.0_K_2_100.0_SNR_50.0_Q_0.5/simulation_2/standard_sym_weighted_nobaseline_fit_results --profile_type sym --lines He4026,He4388,He4471
2025-01-06 03:01:01,048 - INFO - Found 25 observation files in /Users/tomsayada/spectral_analysis_project/data/K_1_50.0_K_2_100.0_SNR_50.0_Q_0.5/simulation_3
2025-01-06 03:01:01,048 - INFO - Running command: /usr/local/bin/python3.13 /Users/tomsayada/spectral_analysis_project/src/run_standard_fit.py --data_dir /Users/tomsayada/spectral_analysis_project/data/K_1_50.0_K_2_100.0_SNR_50.0_Q_0.5/simulation_3 --output_dir /Users/tomsayada/spectral_analysis_project/data/K_1_50.0_K_2_100.0_SNR_50.0_Q_0.5/simulation_3/standard_sym_weighted_nobaseline_fit_results --profile_type sym --lines He4026,He4388,He4471
2025-01-06 03:01:01,053 - INFO - Found 25 observation files in /Users/tomsayada/spectral_analysis_project/data/K_1_50.0_K_2_100.0_SNR_50.0_Q_0.5/simulation_4
2025-01-06 03:01:01,053 - INFO - Running command: /usr/local/bin/python3.13 /Users/tomsayada/spectral_analysis_project/src/run_standard_fit.py --data_dir /Users/tomsayada/spectral_analysis_project/data/K_1_50.0_K_2_100.0_SNR_50.0_Q_0.5/simulation_4 --output_dir /Users/tomsayada/spectral_analysis_project/data/K_1_50.0_K_2_100.0_SNR_50.0_Q_0.5/simulation_4/standard_sym_weighted_nobaseline_fit_results --profile_type sym --lines He4026,He4388,He4471
2025-01-06 03:02:51,664 - INFO - Found 25 observation files in /Users/tomsayada/spectral_analysis_project/data/K_1_50.0_K_2_100.0_SNR_50.0_Q_0.5/simulation_5
2025-01-06 03:02:51,664 - INFO - Running command: /usr/local/bin/python3.13 /Users/tomsayada/spectral_analysis_project/src/run_standard_fit.py --data_dir /Users/tomsayada/spectral_analysis_project/data/K_1_50.0_K_2_100.0_SNR_50.0_Q_0.5/simulation_5 --output_dir /Users/tomsayada/spectral_analysis_project/data/K_1_50.0_K_2_100.0_SNR_50.0_Q_0.5/simulation_5/standard_sym_weighted_nobaseline_fit_results --profile_type sym --lines He4026,He4388,He4471
2025-01-06 03:02:51,678 - INFO - Select the parent data folder:
2025-01-06 03:02:52,813 - ERROR - run_standard_fit.py failed (rc=1)
2025-01-06 03:02:52,813 - INFO - Retrying /Users/tomsayada/spectral_analysis_project/data/K_1_50.0_K_2_100.0_SNR_50.0_Q_0.5/simulation_5 (attempt 1)
2025-01-06 03:02:52,813 - INFO - Found 25 observation files in /Users/tomsayada/spectral_analysis_project/data/K_1_50.0_K_2_100.0_SNR_50.0_Q_0.5/simulation_5
2025-01-06 03:02:52,813 - INFO - Running command: /usr/local/bin/python3.13 /Users/tomsayada/spectral_analysis_project/src/run_standard_fit.py --data_dir /Users/tomsayada/spectral_analysis_project/data/K_1_50.0_K_2_100.0_SNR_50.0_Q_0.5/simulation_5 --output_dir /Users/tomsayada/spectral_analysis_project/data/K_1_50.0_K_2_100.0_SNR_50.0_Q_0.5/simulation_5/standard_sym_weighted_nobaseline_fit_results --profile_type sym --lines He4026,He4388,He4471
2025-01-06 03:02:53,557 - ERROR - run_standard_fit.py failed (rc=1)
2025-01-06 03:02:53,558 - INFO - Retrying /Users/tomsayada/spectral_analysis_project/data/K_1_50.0_K_2_100.0_SNR_50.0_Q_0.5/simulation_5 (attempt 2)
2025-01-06 03:02:53,558 - INFO - Found 25 observation files in /Users/tomsayada/spectral_analysis_project/data/K_1_50.0_K_2_100.0_SNR_50.0_Q_0.5/simulation_5
2025-01-06 03:02:53,558 - INFO - Running command: /usr/local/bin/python3.13 /Users/tomsayada/spectral_analysis_project/src/run_standard_fit.py --data_dir /Users/tomsayada/spectral_analysis_project/data/K_1_50.0_K_2_100.0_SNR_50.0_Q_0.5/simulation_5 --output_dir /Users/tomsayada/spectral_analysis_project/data/K_1_50.0_K_2_100.0_SNR_50.0_Q_0.5/simulation_5/standard_sym_weighted_nobaseline_fit_results --profile_type sym --lines He4026,He4388,He4471
2025-01-06 03:02:54,275 - ERROR - run_standard_fit.py failed (rc=1)
2025-01-06 03:02:54,275 - INFO - Retrying /Users/tomsayada/spectral_analysis_project/data/K_1_50.0_K_2_100.0_SNR_50.0_Q_0.5/simulation_5 (attempt 3)
2025-01-06 03:02:54,275 - INFO - Found 25 observation files in /Users/tomsayada/spectral_analysis_project/data/K_1_50.0_K_2_100.0_SNR_50.0_Q_0.5/simulation_5
2025-01-06 03:02:54,275 - INFO - Running command: /usr/local/bin/python3.13 /Users/tomsayada/spectral_analysis_project/src/run_standard_fit.py --data_dir /Users/tomsayada/spectral_analysis_project/data/K_1_50.0_K_2_100.0_SNR_50.0_Q_0.5/simulation_5 --output_dir /Users/tomsayada/spectral_analysis_project/data/K_1_50.0_K_2_100.0_SNR_50.0_Q_0.5/simulation_5/standard_sym_weighted_nobaseline_fit_results --profile_type sym --lines He4026,He4388,He4471
2025-01-06 03:02:54,992 - ERROR - run_standard_fit.py failed (rc=1)
2025-01-06 03:02:59,277 - INFO - User selected folder: /Users/tomsayada/spectral_analysis_project/data/K_1_50.0_K_2_100.0_SNR_50.0_Q_0.5
2025-01-06 03:02:59,278 - INFO - Data folder set to: /Users/tomsayada/spectral_analysis_project/data/K_1_50.0_K_2_100.0_SNR_50.0_Q_0.5
2025-01-06 03:02:59,278 - INFO - Base output: /Users/tomsayada/spectral_analysis_project/data/K_1_50.0_K_2_100.0_SNR_50.0_Q_0.5/analysis_results_20250106_030259
2025-01-06 03:02:59,286 - INFO - Found 25 observation files in /Users/tomsayada/spectral_analysis_project/data/K_1_50.0_K_2_100.0_SNR_50.0_Q_0.5/simulation_1
2025-01-06 03:02:59,286 - INFO - Running command: /usr/local/bin/python3.13 /Users/tomsayada/spectral_analysis_project/src/run_standard_fit.py --data_dir /Users/tomsayada/spectral_analysis_project/data/K_1_50.0_K_2_100.0_SNR_50.0_Q_0.5/simulation_1 --output_dir /Users/tomsayada/spectral_analysis_project/data/K_1_50.0_K_2_100.0_SNR_50.0_Q_0.5/simulation_1/standard_sym_weighted_nobaseline_fit_results --profile_type sym --lines He4026,He4388,He4471
2025-01-06 03:14:50,321 - INFO - Select the parent data folder:
2025-01-06 03:15:02,648 - INFO - User selected folder: /Users/tomsayada/spectral_analysis_project/data/K_1_50.0_K_2_100.0_SNR_50.0_Q_0.5
2025-01-06 03:15:02,648 - INFO - Data folder set to: /Users/tomsayada/spectral_analysis_project/data/K_1_50.0_K_2_100.0_SNR_50.0_Q_0.5
2025-01-06 03:15:02,648 - INFO - Base output: /Users/tomsayada/spectral_analysis_project/data/K_1_50.0_K_2_100.0_SNR_50.0_Q_0.5/analysis_results_20250106_031502
2025-01-06 03:15:02,659 - INFO - Found 25 observation files in /Users/tomsayada/spectral_analysis_project/data/K_1_50.0_K_2_100.0_SNR_50.0_Q_0.5/simulation_1
2025-01-06 03:15:02,659 - INFO - Running command: /usr/local/bin/python3.13 /Users/tomsayada/spectral_analysis_project/src/run_standard_fit.py --data_dir /Users/tomsayada/spectral_analysis_project/data/K_1_50.0_K_2_100.0_SNR_50.0_Q_0.5/simulation_1 --output_dir /Users/tomsayada/spectral_analysis_project/data/K_1_50.0_K_2_100.0_SNR_50.0_Q_0.5/simulation_1/standard_sym_weighted_nobaseline_fit_results --profile_type sym --lines He4026,He4388,He4471
2025-01-06 03:15:03,453 - ERROR - run_standard_fit.py failed (rc=1)
2025-01-06 03:15:03,453 - INFO - Retrying /Users/tomsayada/spectral_analysis_project/data/K_1_50.0_K_2_100.0_SNR_50.0_Q_0.5/simulation_1 (attempt 1)
2025-01-06 03:15:03,454 - INFO - Found 25 observation files in /Users/tomsayada/spectral_analysis_project/data/K_1_50.0_K_2_100.0_SNR_50.0_Q_0.5/simulation_1
2025-01-06 03:15:03,454 - INFO - Running command: /usr/local/bin/python3.13 /Users/tomsayada/spectral_analysis_project/src/run_standard_fit.py --data_dir /Users/tomsayada/spectral_analysis_project/data/K_1_50.0_K_2_100.0_SNR_50.0_Q_0.5/simulation_1 --output_dir /Users/tomsayada/spectral_analysis_project/data/K_1_50.0_K_2_100.0_SNR_50.0_Q_0.5/simulation_1/standard_sym_weighted_nobaseline_fit_results --profile_type sym --lines He4026,He4388,He4471
2025-01-06 03:15:04,032 - ERROR - run_standard_fit.py failed (rc=1)
2025-01-06 03:15:04,033 - INFO - Retrying /Users/tomsayada/spectral_analysis_project/data/K_1_50.0_K_2_100.0_SNR_50.0_Q_0.5/simulation_1 (attempt 2)
2025-01-06 03:15:04,033 - INFO - Found 25 observation files in /Users/tomsayada/spectral_analysis_project/data/K_1_50.0_K_2_100.0_SNR_50.0_Q_0.5/simulation_1
2025-01-06 03:15:04,033 - INFO - Running command: /usr/local/bin/python3.13 /Users/tomsayada/spectral_analysis_project/src/run_standard_fit.py --data_dir /Users/tomsayada/spectral_analysis_project/data/K_1_50.0_K_2_100.0_SNR_50.0_Q_0.5/simulation_1 --output_dir /Users/tomsayada/spectral_analysis_project/data/K_1_50.0_K_2_100.0_SNR_50.0_Q_0.5/simulation_1/standard_sym_weighted_nobaseline_fit_results --profile_type sym --lines He4026,He4388,He4471
2025-01-06 03:15:04,600 - ERROR - run_standard_fit.py failed (rc=1)
2025-01-06 03:15:04,600 - INFO - Retrying /Users/tomsayada/spectral_analysis_project/data/K_1_50.0_K_2_100.0_SNR_50.0_Q_0.5/simulation_1 (attempt 3)
2025-01-06 03:15:04,600 - INFO - Found 25 observation files in /Users/tomsayada/spectral_analysis_project/data/K_1_50.0_K_2_100.0_SNR_50.0_Q_0.5/simulation_1
2025-01-06 03:15:04,600 - INFO - Running command: /usr/local/bin/python3.13 /Users/tomsayada/spectral_analysis_project/src/run_standard_fit.py --data_dir /Users/tomsayada/spectral_analysis_project/data/K_1_50.0_K_2_100.0_SNR_50.0_Q_0.5/simulation_1 --output_dir /Users/tomsayada/spectral_analysis_project/data/K_1_50.0_K_2_100.0_SNR_50.0_Q_0.5/simulation_1/standard_sym_weighted_nobaseline_fit_results --profile_type sym --lines He4026,He4388,He4471
2025-01-06 03:15:05,185 - ERROR - run_standard_fit.py failed (rc=1)
2025-01-06 03:15:05,186 - INFO - Found 25 observation files in /Users/tomsayada/spectral_analysis_project/data/K_1_50.0_K_2_100.0_SNR_50.0_Q_0.5/simulation_2
2025-01-06 03:15:05,186 - INFO - Running command: /usr/local/bin/python3.13 /Users/tomsayada/spectral_analysis_project/src/run_standard_fit.py --data_dir /Users/tomsayada/spectral_analysis_project/data/K_1_50.0_K_2_100.0_SNR_50.0_Q_0.5/simulation_2 --output_dir /Users/tomsayada/spectral_analysis_project/data/K_1_50.0_K_2_100.0_SNR_50.0_Q_0.5/simulation_2/standard_sym_weighted_nobaseline_fit_results --profile_type sym --lines He4026,He4388,He4471
2025-01-06 03:15:05,989 - ERROR - run_standard_fit.py failed (rc=1)
2025-01-06 03:15:05,989 - INFO - Retrying /Users/tomsayada/spectral_analysis_project/data/K_1_50.0_K_2_100.0_SNR_50.0_Q_0.5/simulation_2 (attempt 1)
2025-01-06 03:15:05,989 - INFO - Found 25 observation files in /Users/tomsayada/spectral_analysis_project/data/K_1_50.0_K_2_100.0_SNR_50.0_Q_0.5/simulation_2
2025-01-06 03:15:05,989 - INFO - Running command: /usr/local/bin/python3.13 /Users/tomsayada/spectral_analysis_project/src/run_standard_fit.py --data_dir /Users/tomsayada/spectral_analysis_project/data/K_1_50.0_K_2_100.0_SNR_50.0_Q_0.5/simulation_2 --output_dir /Users/tomsayada/spectral_analysis_project/data/K_1_50.0_K_2_100.0_SNR_50.0_Q_0.5/simulation_2/standard_sym_weighted_nobaseline_fit_results --profile_type sym --lines He4026,He4388,He4471
2025-01-06 03:15:06,575 - ERROR - run_standard_fit.py failed (rc=1)
2025-01-06 03:15:06,575 - INFO - Retrying /Users/tomsayada/spectral_analysis_project/data/K_1_50.0_K_2_100.0_SNR_50.0_Q_0.5/simulation_2 (attempt 2)
2025-01-06 03:15:06,575 - INFO - Found 25 observation files in /Users/tomsayada/spectral_analysis_project/data/K_1_50.0_K_2_100.0_SNR_50.0_Q_0.5/simulation_2
2025-01-06 03:15:06,575 - INFO - Running command: /usr/local/bin/python3.13 /Users/tomsayada/spectral_analysis_project/src/run_standard_fit.py --data_dir /Users/tomsayada/spectral_analysis_project/data/K_1_50.0_K_2_100.0_SNR_50.0_Q_0.5/simulation_2 --output_dir /Users/tomsayada/spectral_analysis_project/data/K_1_50.0_K_2_100.0_SNR_50.0_Q_0.5/simulation_2/standard_sym_weighted_nobaseline_fit_results --profile_type sym --lines He4026,He4388,He4471
2025-01-06 03:15:07,157 - ERROR - run_standard_fit.py failed (rc=1)
2025-01-06 03:15:07,158 - INFO - Retrying /Users/tomsayada/spectral_analysis_project/data/K_1_50.0_K_2_100.0_SNR_50.0_Q_0.5/simulation_2 (attempt 3)
2025-01-06 03:15:07,158 - INFO - Found 25 observation files in /Users/tomsayada/spectral_analysis_project/data/K_1_50.0_K_2_100.0_SNR_50.0_Q_0.5/simulation_2
2025-01-06 03:15:07,158 - INFO - Running command: /usr/local/bin/python3.13 /Users/tomsayada/spectral_analysis_project/src/run_standard_fit.py --data_dir /Users/tomsayada/spectral_analysis_project/data/K_1_50.0_K_2_100.0_SNR_50.0_Q_0.5/simulation_2 --output_dir /Users/tomsayada/spectral_analysis_project/data/K_1_50.0_K_2_100.0_SNR_50.0_Q_0.5/simulation_2/standard_sym_weighted_nobaseline_fit_results --profile_type sym --lines He4026,He4388,He4471
2025-01-06 03:15:07,727 - ERROR - run_standard_fit.py failed (rc=1)
2025-01-06 03:15:07,727 - INFO - Found 25 observation files in /Users/tomsayada/spectral_analysis_project/data/K_1_50.0_K_2_100.0_SNR_50.0_Q_0.5/simulation_3
2025-01-06 03:15:07,727 - INFO - Running command: /usr/local/bin/python3.13 /Users/tomsayada/spectral_analysis_project/src/run_standard_fit.py --data_dir /Users/tomsayada/spectral_analysis_project/data/K_1_50.0_K_2_100.0_SNR_50.0_Q_0.5/simulation_3 --output_dir /Users/tomsayada/spectral_analysis_project/data/K_1_50.0_K_2_100.0_SNR_50.0_Q_0.5/simulation_3/standard_sym_weighted_nobaseline_fit_results --profile_type sym --lines He4026,He4388,He4471
2025-01-06 03:15:08,317 - ERROR - run_standard_fit.py failed (rc=1)
2025-01-06 03:15:08,317 - INFO - Retrying /Users/tomsayada/spectral_analysis_project/data/K_1_50.0_K_2_100.0_SNR_50.0_Q_0.5/simulation_3 (attempt 1)
2025-01-06 03:15:08,317 - INFO - Found 25 observation files in /Users/tomsayada/spectral_analysis_project/data/K_1_50.0_K_2_100.0_SNR_50.0_Q_0.5/simulation_3
2025-01-06 03:15:08,317 - INFO - Running command: /usr/local/bin/python3.13 /Users/tomsayada/spectral_analysis_project/src/run_standard_fit.py --data_dir /Users/tomsayada/spectral_analysis_project/data/K_1_50.0_K_2_100.0_SNR_50.0_Q_0.5/simulation_3 --output_dir /Users/tomsayada/spectral_analysis_project/data/K_1_50.0_K_2_100.0_SNR_50.0_Q_0.5/simulation_3/standard_sym_weighted_nobaseline_fit_results --profile_type sym --lines He4026,He4388,He4471
2025-01-06 03:15:08,887 - ERROR - run_standard_fit.py failed (rc=1)
2025-01-06 03:15:08,887 - INFO - Retrying /Users/tomsayada/spectral_analysis_project/data/K_1_50.0_K_2_100.0_SNR_50.0_Q_0.5/simulation_3 (attempt 2)
2025-01-06 03:15:08,887 - INFO - Found 25 observation files in /Users/tomsayada/spectral_analysis_project/data/K_1_50.0_K_2_100.0_SNR_50.0_Q_0.5/simulation_3
2025-01-06 03:15:08,887 - INFO - Running command: /usr/local/bin/python3.13 /Users/tomsayada/spectral_analysis_project/src/run_standard_fit.py --data_dir /Users/tomsayada/spectral_analysis_project/data/K_1_50.0_K_2_100.0_SNR_50.0_Q_0.5/simulation_3 --output_dir /Users/tomsayada/spectral_analysis_project/data/K_1_50.0_K_2_100.0_SNR_50.0_Q_0.5/simulation_3/standard_sym_weighted_nobaseline_fit_results --profile_type sym --lines He4026,He4388,He4471
2025-01-06 03:15:09,451 - ERROR - run_standard_fit.py failed (rc=1)
2025-01-06 03:15:09,451 - INFO - Retrying /Users/tomsayada/spectral_analysis_project/data/K_1_50.0_K_2_100.0_SNR_50.0_Q_0.5/simulation_3 (attempt 3)
2025-01-06 03:15:09,451 - INFO - Found 25 observation files in /Users/tomsayada/spectral_analysis_project/data/K_1_50.0_K_2_100.0_SNR_50.0_Q_0.5/simulation_3
2025-01-06 03:15:09,451 - INFO - Running command: /usr/local/bin/python3.13 /Users/tomsayada/spectral_analysis_project/src/run_standard_fit.py --data_dir /Users/tomsayada/spectral_analysis_project/data/K_1_50.0_K_2_100.0_SNR_50.0_Q_0.5/simulation_3 --output_dir /Users/tomsayada/spectral_analysis_project/data/K_1_50.0_K_2_100.0_SNR_50.0_Q_0.5/simulation_3/standard_sym_weighted_nobaseline_fit_results --profile_type sym --lines He4026,He4388,He4471
2025-01-06 03:15:10,012 - ERROR - run_standard_fit.py failed (rc=1)
2025-01-06 03:15:10,013 - INFO - Found 25 observation files in /Users/tomsayada/spectral_analysis_project/data/K_1_50.0_K_2_100.0_SNR_50.0_Q_0.5/simulation_4
2025-01-06 03:15:10,013 - INFO - Running command: /usr/local/bin/python3.13 /Users/tomsayada/spectral_analysis_project/src/run_standard_fit.py --data_dir /Users/tomsayada/spectral_analysis_project/data/K_1_50.0_K_2_100.0_SNR_50.0_Q_0.5/simulation_4 --output_dir /Users/tomsayada/spectral_analysis_project/data/K_1_50.0_K_2_100.0_SNR_50.0_Q_0.5/simulation_4/standard_sym_weighted_nobaseline_fit_results --profile_type sym --lines He4026,He4388,He4471
2025-01-06 03:15:10,579 - ERROR - run_standard_fit.py failed (rc=1)
2025-01-06 03:15:10,579 - INFO - Retrying /Users/tomsayada/spectral_analysis_project/data/K_1_50.0_K_2_100.0_SNR_50.0_Q_0.5/simulation_4 (attempt 1)
2025-01-06 03:15:10,579 - INFO - Found 25 observation files in /Users/tomsayada/spectral_analysis_project/data/K_1_50.0_K_2_100.0_SNR_50.0_Q_0.5/simulation_4
2025-01-06 03:15:10,579 - INFO - Running command: /usr/local/bin/python3.13 /Users/tomsayada/spectral_analysis_project/src/run_standard_fit.py --data_dir /Users/tomsayada/spectral_analysis_project/data/K_1_50.0_K_2_100.0_SNR_50.0_Q_0.5/simulation_4 --output_dir /Users/tomsayada/spectral_analysis_project/data/K_1_50.0_K_2_100.0_SNR_50.0_Q_0.5/simulation_4/standard_sym_weighted_nobaseline_fit_results --profile_type sym --lines He4026,He4388,He4471
2025-01-06 03:15:11,144 - ERROR - run_standard_fit.py failed (rc=1)
2025-01-06 03:15:11,144 - INFO - Retrying /Users/tomsayada/spectral_analysis_project/data/K_1_50.0_K_2_100.0_SNR_50.0_Q_0.5/simulation_4 (attempt 2)
2025-01-06 03:15:11,144 - INFO - Found 25 observation files in /Users/tomsayada/spectral_analysis_project/data/K_1_50.0_K_2_100.0_SNR_50.0_Q_0.5/simulation_4
2025-01-06 03:15:11,145 - INFO - Running command: /usr/local/bin/python3.13 /Users/tomsayada/spectral_analysis_project/src/run_standard_fit.py --data_dir /Users/tomsayada/spectral_analysis_project/data/K_1_50.0_K_2_100.0_SNR_50.0_Q_0.5/simulation_4 --output_dir /Users/tomsayada/spectral_analysis_project/data/K_1_50.0_K_2_100.0_SNR_50.0_Q_0.5/simulation_4/standard_sym_weighted_nobaseline_fit_results --profile_type sym --lines He4026,He4388,He4471
2025-01-06 03:15:11,704 - ERROR - run_standard_fit.py failed (rc=1)
2025-01-06 03:15:11,705 - INFO - Retrying /Users/tomsayada/spectral_analysis_project/data/K_1_50.0_K_2_100.0_SNR_50.0_Q_0.5/simulation_4 (attempt 3)
2025-01-06 03:15:11,705 - INFO - Found 25 observation files in /Users/tomsayada/spectral_analysis_project/data/K_1_50.0_K_2_100.0_SNR_50.0_Q_0.5/simulation_4
2025-01-06 03:15:11,705 - INFO - Running command: /usr/local/bin/python3.13 /Users/tomsayada/spectral_analysis_project/src/run_standard_fit.py --data_dir /Users/tomsayada/spectral_analysis_project/data/K_1_50.0_K_2_100.0_SNR_50.0_Q_0.5/simulation_4 --output_dir /Users/tomsayada/spectral_analysis_project/data/K_1_50.0_K_2_100.0_SNR_50.0_Q_0.5/simulation_4/standard_sym_weighted_nobaseline_fit_results --profile_type sym --lines He4026,He4388,He4471
2025-01-06 03:15:12,272 - ERROR - run_standard_fit.py failed (rc=1)
2025-01-06 03:15:12,272 - INFO - Found 25 observation files in /Users/tomsayada/spectral_analysis_project/data/K_1_50.0_K_2_100.0_SNR_50.0_Q_0.5/simulation_5
2025-01-06 03:15:12,272 - INFO - Running command: /usr/local/bin/python3.13 /Users/tomsayada/spectral_analysis_project/src/run_standard_fit.py --data_dir /Users/tomsayada/spectral_analysis_project/data/K_1_50.0_K_2_100.0_SNR_50.0_Q_0.5/simulation_5 --output_dir /Users/tomsayada/spectral_analysis_project/data/K_1_50.0_K_2_100.0_SNR_50.0_Q_0.5/simulation_5/standard_sym_weighted_nobaseline_fit_results --profile_type sym --lines He4026,He4388,He4471
2025-01-06 03:15:12,831 - ERROR - run_standard_fit.py failed (rc=1)
2025-01-06 03:15:12,831 - INFO - Retrying /Users/tomsayada/spectral_analysis_project/data/K_1_50.0_K_2_100.0_SNR_50.0_Q_0.5/simulation_5 (attempt 1)
2025-01-06 03:15:12,831 - INFO - Found 25 observation files in /Users/tomsayada/spectral_analysis_project/data/K_1_50.0_K_2_100.0_SNR_50.0_Q_0.5/simulation_5
2025-01-06 03:15:12,831 - INFO - Running command: /usr/local/bin/python3.13 /Users/tomsayada/spectral_analysis_project/src/run_standard_fit.py --data_dir /Users/tomsayada/spectral_analysis_project/data/K_1_50.0_K_2_100.0_SNR_50.0_Q_0.5/simulation_5 --output_dir /Users/tomsayada/spectral_analysis_project/data/K_1_50.0_K_2_100.0_SNR_50.0_Q_0.5/simulation_5/standard_sym_weighted_nobaseline_fit_results --profile_type sym --lines He4026,He4388,He4471
2025-01-06 03:15:13,396 - ERROR - run_standard_fit.py failed (rc=1)
2025-01-06 03:15:13,396 - INFO - Retrying /Users/tomsayada/spectral_analysis_project/data/K_1_50.0_K_2_100.0_SNR_50.0_Q_0.5/simulation_5 (attempt 2)
2025-01-06 03:15:13,396 - INFO - Found 25 observation files in /Users/tomsayada/spectral_analysis_project/data/K_1_50.0_K_2_100.0_SNR_50.0_Q_0.5/simulation_5
2025-01-06 03:15:13,396 - INFO - Running command: /usr/local/bin/python3.13 /Users/tomsayada/spectral_analysis_project/src/run_standard_fit.py --data_dir /Users/tomsayada/spectral_analysis_project/data/K_1_50.0_K_2_100.0_SNR_50.0_Q_0.5/simulation_5 --output_dir /Users/tomsayada/spectral_analysis_project/data/K_1_50.0_K_2_100.0_SNR_50.0_Q_0.5/simulation_5/standard_sym_weighted_nobaseline_fit_results --profile_type sym --lines He4026,He4388,He4471
2025-01-06 03:15:13,961 - ERROR - run_standard_fit.py failed (rc=1)
2025-01-06 03:15:13,961 - INFO - Retrying /Users/tomsayada/spectral_analysis_project/data/K_1_50.0_K_2_100.0_SNR_50.0_Q_0.5/simulation_5 (attempt 3)
2025-01-06 03:15:13,961 - INFO - Found 25 observation files in /Users/tomsayada/spectral_analysis_project/data/K_1_50.0_K_2_100.0_SNR_50.0_Q_0.5/simulation_5
2025-01-06 03:15:13,961 - INFO - Running command: /usr/local/bin/python3.13 /Users/tomsayada/spectral_analysis_project/src/run_standard_fit.py --data_dir /Users/tomsayada/spectral_analysis_project/data/K_1_50.0_K_2_100.0_SNR_50.0_Q_0.5/simulation_5 --output_dir /Users/tomsayada/spectral_analysis_project/data/K_1_50.0_K_2_100.0_SNR_50.0_Q_0.5/simulation_5/standard_sym_weighted_nobaseline_fit_results --profile_type sym --lines He4026,He4388,He4471
2025-01-06 03:15:14,525 - ERROR - run_standard_fit.py failed (rc=1)
2025-01-06 03:15:14,526 - INFO - Found 25 observation files in /Users/tomsayada/spectral_analysis_project/data/K_1_50.0_K_2_100.0_SNR_50.0_Q_0.5/simulation_6
2025-01-06 03:15:14,526 - INFO - Running command: /usr/local/bin/python3.13 /Users/tomsayada/spectral_analysis_project/src/run_standard_fit.py --data_dir /Users/tomsayada/spectral_analysis_project/data/K_1_50.0_K_2_100.0_SNR_50.0_Q_0.5/simulation_6 --output_dir /Users/tomsayada/spectral_analysis_project/data/K_1_50.0_K_2_100.0_SNR_50.0_Q_0.5/simulation_6/standard_sym_weighted_nobaseline_fit_results --profile_type sym --lines He4026,He4388,He4471
2025-01-06 03:15:15,099 - ERROR - run_standard_fit.py failed (rc=1)
2025-01-06 03:15:15,099 - INFO - Retrying /Users/tomsayada/spectral_analysis_project/data/K_1_50.0_K_2_100.0_SNR_50.0_Q_0.5/simulation_6 (attempt 1)
2025-01-06 03:15:15,100 - INFO - Found 25 observation files in /Users/tomsayada/spectral_analysis_project/data/K_1_50.0_K_2_100.0_SNR_50.0_Q_0.5/simulation_6
2025-01-06 03:15:15,100 - INFO - Running command: /usr/local/bin/python3.13 /Users/tomsayada/spectral_analysis_project/src/run_standard_fit.py --data_dir /Users/tomsayada/spectral_analysis_project/data/K_1_50.0_K_2_100.0_SNR_50.0_Q_0.5/simulation_6 --output_dir /Users/tomsayada/spectral_analysis_project/data/K_1_50.0_K_2_100.0_SNR_50.0_Q_0.5/simulation_6/standard_sym_weighted_nobaseline_fit_results --profile_type sym --lines He4026,He4388,He4471
2025-01-06 03:15:15,661 - ERROR - run_standard_fit.py failed (rc=1)
2025-01-06 03:15:15,661 - INFO - Retrying /Users/tomsayada/spectral_analysis_project/data/K_1_50.0_K_2_100.0_SNR_50.0_Q_0.5/simulation_6 (attempt 2)
2025-01-06 03:15:15,662 - INFO - Found 25 observation files in /Users/tomsayada/spectral_analysis_project/data/K_1_50.0_K_2_100.0_SNR_50.0_Q_0.5/simulation_6
2025-01-06 03:15:15,662 - INFO - Running command: /usr/local/bin/python3.13 /Users/tomsayada/spectral_analysis_project/src/run_standard_fit.py --data_dir /Users/tomsayada/spectral_analysis_project/data/K_1_50.0_K_2_100.0_SNR_50.0_Q_0.5/simulation_6 --output_dir /Users/tomsayada/spectral_analysis_project/data/K_1_50.0_K_2_100.0_SNR_50.0_Q_0.5/simulation_6/standard_sym_weighted_nobaseline_fit_results --profile_type sym --lines He4026,He4388,He4471
2025-01-06 03:15:16,237 - ERROR - run_standard_fit.py failed (rc=1)
2025-01-06 03:15:16,237 - INFO - Retrying /Users/tomsayada/spectral_analysis_project/data/K_1_50.0_K_2_100.0_SNR_50.0_Q_0.5/simulation_6 (attempt 3)
2025-01-06 03:15:16,237 - INFO - Found 25 observation files in /Users/tomsayada/spectral_analysis_project/data/K_1_50.0_K_2_100.0_SNR_50.0_Q_0.5/simulation_6
2025-01-06 03:15:16,237 - INFO - Running command: /usr/local/bin/python3.13 /Users/tomsayada/spectral_analysis_project/src/run_standard_fit.py --data_dir /Users/tomsayada/spectral_analysis_project/data/K_1_50.0_K_2_100.0_SNR_50.0_Q_0.5/simulation_6 --output_dir /Users/tomsayada/spectral_analysis_project/data/K_1_50.0_K_2_100.0_SNR_50.0_Q_0.5/simulation_6/standard_sym_weighted_nobaseline_fit_results --profile_type sym --lines He4026,He4388,He4471
2025-01-06 03:15:16,814 - ERROR - run_standard_fit.py failed (rc=1)
2025-01-06 03:15:16,814 - INFO - Found 25 observation files in /Users/tomsayada/spectral_analysis_project/data/K_1_50.0_K_2_100.0_SNR_50.0_Q_0.5/simulation_7
2025-01-06 03:15:16,814 - INFO - Running command: /usr/local/bin/python3.13 /Users/tomsayada/spectral_analysis_project/src/run_standard_fit.py --data_dir /Users/tomsayada/spectral_analysis_project/data/K_1_50.0_K_2_100.0_SNR_50.0_Q_0.5/simulation_7 --output_dir /Users/tomsayada/spectral_analysis_project/data/K_1_50.0_K_2_100.0_SNR_50.0_Q_0.5/simulation_7/standard_sym_weighted_nobaseline_fit_results --profile_type sym --lines He4026,He4388,He4471
2025-01-06 03:15:17,372 - ERROR - run_standard_fit.py failed (rc=1)
2025-01-06 03:15:17,372 - INFO - Retrying /Users/tomsayada/spectral_analysis_project/data/K_1_50.0_K_2_100.0_SNR_50.0_Q_0.5/simulation_7 (attempt 1)
2025-01-06 03:15:17,372 - INFO - Found 25 observation files in /Users/tomsayada/spectral_analysis_project/data/K_1_50.0_K_2_100.0_SNR_50.0_Q_0.5/simulation_7
2025-01-06 03:15:17,373 - INFO - Running command: /usr/local/bin/python3.13 /Users/tomsayada/spectral_analysis_project/src/run_standard_fit.py --data_dir /Users/tomsayada/spectral_analysis_project/data/K_1_50.0_K_2_100.0_SNR_50.0_Q_0.5/simulation_7 --output_dir /Users/tomsayada/spectral_analysis_project/data/K_1_50.0_K_2_100.0_SNR_50.0_Q_0.5/simulation_7/standard_sym_weighted_nobaseline_fit_results --profile_type sym --lines He4026,He4388,He4471
2025-01-06 03:15:17,959 - ERROR - run_standard_fit.py failed (rc=1)
2025-01-06 03:15:17,959 - INFO - Retrying /Users/tomsayada/spectral_analysis_project/data/K_1_50.0_K_2_100.0_SNR_50.0_Q_0.5/simulation_7 (attempt 2)
2025-01-06 03:15:17,959 - INFO - Found 25 observation files in /Users/tomsayada/spectral_analysis_project/data/K_1_50.0_K_2_100.0_SNR_50.0_Q_0.5/simulation_7
2025-01-06 03:15:17,959 - INFO - Running command: /usr/local/bin/python3.13 /Users/tomsayada/spectral_analysis_project/src/run_standard_fit.py --data_dir /Users/tomsayada/spectral_analysis_project/data/K_1_50.0_K_2_100.0_SNR_50.0_Q_0.5/simulation_7 --output_dir /Users/tomsayada/spectral_analysis_project/data/K_1_50.0_K_2_100.0_SNR_50.0_Q_0.5/simulation_7/standard_sym_weighted_nobaseline_fit_results --profile_type sym --lines He4026,He4388,He4471
2025-01-06 03:15:18,539 - ERROR - run_standard_fit.py failed (rc=1)
2025-01-06 03:15:18,539 - INFO - Retrying /Users/tomsayada/spectral_analysis_project/data/K_1_50.0_K_2_100.0_SNR_50.0_Q_0.5/simulation_7 (attempt 3)
2025-01-06 03:15:18,539 - INFO - Found 25 observation files in /Users/tomsayada/spectral_analysis_project/data/K_1_50.0_K_2_100.0_SNR_50.0_Q_0.5/simulation_7
2025-01-06 03:15:18,539 - INFO - Running command: /usr/local/bin/python3.13 /Users/tomsayada/spectral_analysis_project/src/run_standard_fit.py --data_dir /Users/tomsayada/spectral_analysis_project/data/K_1_50.0_K_2_100.0_SNR_50.0_Q_0.5/simulation_7 --output_dir /Users/tomsayada/spectral_analysis_project/data/K_1_50.0_K_2_100.0_SNR_50.0_Q_0.5/simulation_7/standard_sym_weighted_nobaseline_fit_results --profile_type sym --lines He4026,He4388,He4471
2025-01-06 03:15:19,102 - ERROR - run_standard_fit.py failed (rc=1)
2025-01-06 03:15:19,102 - INFO - Found 25 observation files in /Users/tomsayada/spectral_analysis_project/data/K_1_50.0_K_2_100.0_SNR_50.0_Q_0.5/simulation_8
2025-01-06 03:15:19,102 - INFO - Running command: /usr/local/bin/python3.13 /Users/tomsayada/spectral_analysis_project/src/run_standard_fit.py --data_dir /Users/tomsayada/spectral_analysis_project/data/K_1_50.0_K_2_100.0_SNR_50.0_Q_0.5/simulation_8 --output_dir /Users/tomsayada/spectral_analysis_project/data/K_1_50.0_K_2_100.0_SNR_50.0_Q_0.5/simulation_8/standard_sym_weighted_nobaseline_fit_results --profile_type sym --lines He4026,He4388,He4471
2025-01-06 03:15:19,660 - ERROR - run_standard_fit.py failed (rc=1)
2025-01-06 03:15:19,660 - INFO - Retrying /Users/tomsayada/spectral_analysis_project/data/K_1_50.0_K_2_100.0_SNR_50.0_Q_0.5/simulation_8 (attempt 1)
2025-01-06 03:15:19,661 - INFO - Found 25 observation files in /Users/tomsayada/spectral_analysis_project/data/K_1_50.0_K_2_100.0_SNR_50.0_Q_0.5/simulation_8
2025-01-06 03:15:19,661 - INFO - Running command: /usr/local/bin/python3.13 /Users/tomsayada/spectral_analysis_project/src/run_standard_fit.py --data_dir /Users/tomsayada/spectral_analysis_project/data/K_1_50.0_K_2_100.0_SNR_50.0_Q_0.5/simulation_8 --output_dir /Users/tomsayada/spectral_analysis_project/data/K_1_50.0_K_2_100.0_SNR_50.0_Q_0.5/simulation_8/standard_sym_weighted_nobaseline_fit_results --profile_type sym --lines He4026,He4388,He4471
2025-01-06 03:15:20,223 - ERROR - run_standard_fit.py failed (rc=1)
2025-01-06 03:15:20,223 - INFO - Retrying /Users/tomsayada/spectral_analysis_project/data/K_1_50.0_K_2_100.0_SNR_50.0_Q_0.5/simulation_8 (attempt 2)
2025-01-06 03:15:20,223 - INFO - Found 25 observation files in /Users/tomsayada/spectral_analysis_project/data/K_1_50.0_K_2_100.0_SNR_50.0_Q_0.5/simulation_8
2025-01-06 03:15:20,223 - INFO - Running command: /usr/local/bin/python3.13 /Users/tomsayada/spectral_analysis_project/src/run_standard_fit.py --data_dir /Users/tomsayada/spectral_analysis_project/data/K_1_50.0_K_2_100.0_SNR_50.0_Q_0.5/simulation_8 --output_dir /Users/tomsayada/spectral_analysis_project/data/K_1_50.0_K_2_100.0_SNR_50.0_Q_0.5/simulation_8/standard_sym_weighted_nobaseline_fit_results --profile_type sym --lines He4026,He4388,He4471
2025-01-06 03:15:20,783 - ERROR - run_standard_fit.py failed (rc=1)
2025-01-06 03:15:20,783 - INFO - Retrying /Users/tomsayada/spectral_analysis_project/data/K_1_50.0_K_2_100.0_SNR_50.0_Q_0.5/simulation_8 (attempt 3)
2025-01-06 03:15:20,783 - INFO - Found 25 observation files in /Users/tomsayada/spectral_analysis_project/data/K_1_50.0_K_2_100.0_SNR_50.0_Q_0.5/simulation_8
2025-01-06 03:15:20,783 - INFO - Running command: /usr/local/bin/python3.13 /Users/tomsayada/spectral_analysis_project/src/run_standard_fit.py --data_dir /Users/tomsayada/spectral_analysis_project/data/K_1_50.0_K_2_100.0_SNR_50.0_Q_0.5/simulation_8 --output_dir /Users/tomsayada/spectral_analysis_project/data/K_1_50.0_K_2_100.0_SNR_50.0_Q_0.5/simulation_8/standard_sym_weighted_nobaseline_fit_results --profile_type sym --lines He4026,He4388,He4471
2025-01-06 03:15:21,347 - ERROR - run_standard_fit.py failed (rc=1)
2025-01-06 03:15:21,347 - INFO - Found 25 observation files in /Users/tomsayada/spectral_analysis_project/data/K_1_50.0_K_2_100.0_SNR_50.0_Q_0.5/simulation_9
2025-01-06 03:15:21,347 - INFO - Running command: /usr/local/bin/python3.13 /Users/tomsayada/spectral_analysis_project/src/run_standard_fit.py --data_dir /Users/tomsayada/spectral_analysis_project/data/K_1_50.0_K_2_100.0_SNR_50.0_Q_0.5/simulation_9 --output_dir /Users/tomsayada/spectral_analysis_project/data/K_1_50.0_K_2_100.0_SNR_50.0_Q_0.5/simulation_9/standard_sym_weighted_nobaseline_fit_results --profile_type sym --lines He4026,He4388,He4471
2025-01-06 03:15:21,907 - ERROR - run_standard_fit.py failed (rc=1)
2025-01-06 03:15:21,907 - INFO - Retrying /Users/tomsayada/spectral_analysis_project/data/K_1_50.0_K_2_100.0_SNR_50.0_Q_0.5/simulation_9 (attempt 1)
2025-01-06 03:15:21,907 - INFO - Found 25 observation files in /Users/tomsayada/spectral_analysis_project/data/K_1_50.0_K_2_100.0_SNR_50.0_Q_0.5/simulation_9
2025-01-06 03:15:21,907 - INFO - Running command: /usr/local/bin/python3.13 /Users/tomsayada/spectral_analysis_project/src/run_standard_fit.py --data_dir /Users/tomsayada/spectral_analysis_project/data/K_1_50.0_K_2_100.0_SNR_50.0_Q_0.5/simulation_9 --output_dir /Users/tomsayada/spectral_analysis_project/data/K_1_50.0_K_2_100.0_SNR_50.0_Q_0.5/simulation_9/standard_sym_weighted_nobaseline_fit_results --profile_type sym --lines He4026,He4388,He4471
2025-01-06 03:15:22,479 - ERROR - run_standard_fit.py failed (rc=1)
2025-01-06 03:15:22,479 - INFO - Retrying /Users/tomsayada/spectral_analysis_project/data/K_1_50.0_K_2_100.0_SNR_50.0_Q_0.5/simulation_9 (attempt 2)
2025-01-06 03:15:22,479 - INFO - Found 25 observation files in /Users/tomsayada/spectral_analysis_project/data/K_1_50.0_K_2_100.0_SNR_50.0_Q_0.5/simulation_9
2025-01-06 03:15:22,479 - INFO - Running command: /usr/local/bin/python3.13 /Users/tomsayada/spectral_analysis_project/src/run_standard_fit.py --data_dir /Users/tomsayada/spectral_analysis_project/data/K_1_50.0_K_2_100.0_SNR_50.0_Q_0.5/simulation_9 --output_dir /Users/tomsayada/spectral_analysis_project/data/K_1_50.0_K_2_100.0_SNR_50.0_Q_0.5/simulation_9/standard_sym_weighted_nobaseline_fit_results --profile_type sym --lines He4026,He4388,He4471
2025-01-06 03:15:23,054 - ERROR - run_standard_fit.py failed (rc=1)
2025-01-06 03:15:23,054 - INFO - Retrying /Users/tomsayada/spectral_analysis_project/data/K_1_50.0_K_2_100.0_SNR_50.0_Q_0.5/simulation_9 (attempt 3)
2025-01-06 03:15:23,054 - INFO - Found 25 observation files in /Users/tomsayada/spectral_analysis_project/data/K_1_50.0_K_2_100.0_SNR_50.0_Q_0.5/simulation_9
2025-01-06 03:15:23,054 - INFO - Running command: /usr/local/bin/python3.13 /Users/tomsayada/spectral_analysis_project/src/run_standard_fit.py --data_dir /Users/tomsayada/spectral_analysis_project/data/K_1_50.0_K_2_100.0_SNR_50.0_Q_0.5/simulation_9 --output_dir /Users/tomsayada/spectral_analysis_project/data/K_1_50.0_K_2_100.0_SNR_50.0_Q_0.5/simulation_9/standard_sym_weighted_nobaseline_fit_results --profile_type sym --lines He4026,He4388,He4471
2025-01-06 03:15:23,626 - ERROR - run_standard_fit.py failed (rc=1)
2025-01-06 03:15:23,627 - INFO - Found 25 observation files in /Users/tomsayada/spectral_analysis_project/data/K_1_50.0_K_2_100.0_SNR_50.0_Q_0.5/simulation_10
2025-01-06 03:15:23,627 - INFO - Running command: /usr/local/bin/python3.13 /Users/tomsayada/spectral_analysis_project/src/run_standard_fit.py --data_dir /Users/tomsayada/spectral_analysis_project/data/K_1_50.0_K_2_100.0_SNR_50.0_Q_0.5/simulation_10 --output_dir /Users/tomsayada/spectral_analysis_project/data/K_1_50.0_K_2_100.0_SNR_50.0_Q_0.5/simulation_10/standard_sym_weighted_nobaseline_fit_results --profile_type sym --lines He4026,He4388,He4471
2025-01-06 03:15:24,217 - ERROR - run_standard_fit.py failed (rc=1)
2025-01-06 03:15:24,217 - INFO - Retrying /Users/tomsayada/spectral_analysis_project/data/K_1_50.0_K_2_100.0_SNR_50.0_Q_0.5/simulation_10 (attempt 1)
2025-01-06 03:15:24,218 - INFO - Found 25 observation files in /Users/tomsayada/spectral_analysis_project/data/K_1_50.0_K_2_100.0_SNR_50.0_Q_0.5/simulation_10
2025-01-06 03:15:24,218 - INFO - Running command: /usr/local/bin/python3.13 /Users/tomsayada/spectral_analysis_project/src/run_standard_fit.py --data_dir /Users/tomsayada/spectral_analysis_project/data/K_1_50.0_K_2_100.0_SNR_50.0_Q_0.5/simulation_10 --output_dir /Users/tomsayada/spectral_analysis_project/data/K_1_50.0_K_2_100.0_SNR_50.0_Q_0.5/simulation_10/standard_sym_weighted_nobaseline_fit_results --profile_type sym --lines He4026,He4388,He4471
2025-01-06 03:15:24,790 - ERROR - run_standard_fit.py failed (rc=1)
2025-01-06 03:15:24,790 - INFO - Retrying /Users/tomsayada/spectral_analysis_project/data/K_1_50.0_K_2_100.0_SNR_50.0_Q_0.5/simulation_10 (attempt 2)
2025-01-06 03:15:24,790 - INFO - Found 25 observation files in /Users/tomsayada/spectral_analysis_project/data/K_1_50.0_K_2_100.0_SNR_50.0_Q_0.5/simulation_10
2025-01-06 03:15:24,790 - INFO - Running command: /usr/local/bin/python3.13 /Users/tomsayada/spectral_analysis_project/src/run_standard_fit.py --data_dir /Users/tomsayada/spectral_analysis_project/data/K_1_50.0_K_2_100.0_SNR_50.0_Q_0.5/simulation_10 --output_dir /Users/tomsayada/spectral_analysis_project/data/K_1_50.0_K_2_100.0_SNR_50.0_Q_0.5/simulation_10/standard_sym_weighted_nobaseline_fit_results --profile_type sym --lines He4026,He4388,He4471
2025-01-06 03:15:25,421 - ERROR - run_standard_fit.py failed (rc=1)
2025-01-06 03:15:25,421 - INFO - Retrying /Users/tomsayada/spectral_analysis_project/data/K_1_50.0_K_2_100.0_SNR_50.0_Q_0.5/simulation_10 (attempt 3)
2025-01-06 03:15:25,421 - INFO - Found 25 observation files in /Users/tomsayada/spectral_analysis_project/data/K_1_50.0_K_2_100.0_SNR_50.0_Q_0.5/simulation_10
2025-01-06 03:15:25,422 - INFO - Running command: /usr/local/bin/python3.13 /Users/tomsayada/spectral_analysis_project/src/run_standard_fit.py --data_dir /Users/tomsayada/spectral_analysis_project/data/K_1_50.0_K_2_100.0_SNR_50.0_Q_0.5/simulation_10 --output_dir /Users/tomsayada/spectral_analysis_project/data/K_1_50.0_K_2_100.0_SNR_50.0_Q_0.5/simulation_10/standard_sym_weighted_nobaseline_fit_results --profile_type sym --lines He4026,He4388,He4471
2025-01-06 03:15:26,018 - ERROR - run_standard_fit.py failed (rc=1)
2025-01-06 03:15:26,018 - INFO - Analysis complete => 0/10 successful
2025-01-06 03:15:26,018 - INFO - Saved summary: /Users/tomsayada/spectral_analysis_project/data/K_1_50.0_K_2_100.0_SNR_50.0_Q_0.5/analysis_results_20250106_031502/analysis_summary.json
2025-01-06 03:15:26,018 - WARNING - Some folders failed; check logs or analysis_summary.json
2025-01-06 03:18:16,327 - INFO - Select the parent data folder:
2025-01-06 03:18:23,881 - INFO - User selected folder: /Users/tomsayada/spectral_analysis_project/data/K_1_50.0_K_2_100.0_SNR_50.0_Q_0.5
2025-01-06 03:18:23,882 - INFO - Data folder set to: /Users/tomsayada/spectral_analysis_project/data/K_1_50.0_K_2_100.0_SNR_50.0_Q_0.5
2025-01-06 03:18:23,882 - INFO - Base output: /Users/tomsayada/spectral_analysis_project/data/K_1_50.0_K_2_100.0_SNR_50.0_Q_0.5/analysis_results_20250106_031823
2025-01-06 03:18:23,891 - INFO - Found 25 observation files in /Users/tomsayada/spectral_analysis_project/data/K_1_50.0_K_2_100.0_SNR_50.0_Q_0.5/simulation_1
2025-01-06 03:18:23,891 - INFO - Running command: /usr/local/bin/python3.13 /Users/tomsayada/spectral_analysis_project/src/run_standard_fit.py --data_dir /Users/tomsayada/spectral_analysis_project/data/K_1_50.0_K_2_100.0_SNR_50.0_Q_0.5/simulation_1 --output_dir /Users/tomsayada/spectral_analysis_project/data/K_1_50.0_K_2_100.0_SNR_50.0_Q_0.5/simulation_1/standard_sym_weighted_nobaseline_fit_results --profile_type sym --lines He4026,He4388,He4471
2025-01-06 03:18:24,672 - ERROR - run_standard_fit.py failed (rc=1)
2025-01-06 03:18:24,672 - INFO - Retrying /Users/tomsayada/spectral_analysis_project/data/K_1_50.0_K_2_100.0_SNR_50.0_Q_0.5/simulation_1 (attempt 1)
2025-01-06 03:18:24,672 - INFO - Found 25 observation files in /Users/tomsayada/spectral_analysis_project/data/K_1_50.0_K_2_100.0_SNR_50.0_Q_0.5/simulation_1
2025-01-06 03:18:24,672 - INFO - Running command: /usr/local/bin/python3.13 /Users/tomsayada/spectral_analysis_project/src/run_standard_fit.py --data_dir /Users/tomsayada/spectral_analysis_project/data/K_1_50.0_K_2_100.0_SNR_50.0_Q_0.5/simulation_1 --output_dir /Users/tomsayada/spectral_analysis_project/data/K_1_50.0_K_2_100.0_SNR_50.0_Q_0.5/simulation_1/standard_sym_weighted_nobaseline_fit_results --profile_type sym --lines He4026,He4388,He4471
2025-01-06 03:18:25,229 - ERROR - run_standard_fit.py failed (rc=1)
2025-01-06 03:18:25,229 - INFO - Retrying /Users/tomsayada/spectral_analysis_project/data/K_1_50.0_K_2_100.0_SNR_50.0_Q_0.5/simulation_1 (attempt 2)
2025-01-06 03:18:25,230 - INFO - Found 25 observation files in /Users/tomsayada/spectral_analysis_project/data/K_1_50.0_K_2_100.0_SNR_50.0_Q_0.5/simulation_1
2025-01-06 03:18:25,230 - INFO - Running command: /usr/local/bin/python3.13 /Users/tomsayada/spectral_analysis_project/src/run_standard_fit.py --data_dir /Users/tomsayada/spectral_analysis_project/data/K_1_50.0_K_2_100.0_SNR_50.0_Q_0.5/simulation_1 --output_dir /Users/tomsayada/spectral_analysis_project/data/K_1_50.0_K_2_100.0_SNR_50.0_Q_0.5/simulation_1/standard_sym_weighted_nobaseline_fit_results --profile_type sym --lines He4026,He4388,He4471
2025-01-06 03:18:25,777 - ERROR - run_standard_fit.py failed (rc=1)
2025-01-06 03:18:25,777 - INFO - Retrying /Users/tomsayada/spectral_analysis_project/data/K_1_50.0_K_2_100.0_SNR_50.0_Q_0.5/simulation_1 (attempt 3)
2025-01-06 03:18:25,777 - INFO - Found 25 observation files in /Users/tomsayada/spectral_analysis_project/data/K_1_50.0_K_2_100.0_SNR_50.0_Q_0.5/simulation_1
2025-01-06 03:18:25,777 - INFO - Running command: /usr/local/bin/python3.13 /Users/tomsayada/spectral_analysis_project/src/run_standard_fit.py --data_dir /Users/tomsayada/spectral_analysis_project/data/K_1_50.0_K_2_100.0_SNR_50.0_Q_0.5/simulation_1 --output_dir /Users/tomsayada/spectral_analysis_project/data/K_1_50.0_K_2_100.0_SNR_50.0_Q_0.5/simulation_1/standard_sym_weighted_nobaseline_fit_results --profile_type sym --lines He4026,He4388,He4471
2025-01-06 03:18:26,330 - ERROR - run_standard_fit.py failed (rc=1)
2025-01-06 03:18:26,332 - INFO - Found 25 observation files in /Users/tomsayada/spectral_analysis_project/data/K_1_50.0_K_2_100.0_SNR_50.0_Q_0.5/simulation_2
2025-01-06 03:18:26,332 - INFO - Running command: /usr/local/bin/python3.13 /Users/tomsayada/spectral_analysis_project/src/run_standard_fit.py --data_dir /Users/tomsayada/spectral_analysis_project/data/K_1_50.0_K_2_100.0_SNR_50.0_Q_0.5/simulation_2 --output_dir /Users/tomsayada/spectral_analysis_project/data/K_1_50.0_K_2_100.0_SNR_50.0_Q_0.5/simulation_2/standard_sym_weighted_nobaseline_fit_results --profile_type sym --lines He4026,He4388,He4471
2025-01-06 03:18:26,885 - ERROR - run_standard_fit.py failed (rc=1)
2025-01-06 03:18:26,885 - INFO - Retrying /Users/tomsayada/spectral_analysis_project/data/K_1_50.0_K_2_100.0_SNR_50.0_Q_0.5/simulation_2 (attempt 1)
2025-01-06 03:18:26,886 - INFO - Found 25 observation files in /Users/tomsayada/spectral_analysis_project/data/K_1_50.0_K_2_100.0_SNR_50.0_Q_0.5/simulation_2
2025-01-06 03:18:26,886 - INFO - Running command: /usr/local/bin/python3.13 /Users/tomsayada/spectral_analysis_project/src/run_standard_fit.py --data_dir /Users/tomsayada/spectral_analysis_project/data/K_1_50.0_K_2_100.0_SNR_50.0_Q_0.5/simulation_2 --output_dir /Users/tomsayada/spectral_analysis_project/data/K_1_50.0_K_2_100.0_SNR_50.0_Q_0.5/simulation_2/standard_sym_weighted_nobaseline_fit_results --profile_type sym --lines He4026,He4388,He4471
2025-01-06 03:18:27,443 - ERROR - run_standard_fit.py failed (rc=1)
2025-01-06 03:18:27,443 - INFO - Retrying /Users/tomsayada/spectral_analysis_project/data/K_1_50.0_K_2_100.0_SNR_50.0_Q_0.5/simulation_2 (attempt 2)
2025-01-06 03:18:27,443 - INFO - Found 25 observation files in /Users/tomsayada/spectral_analysis_project/data/K_1_50.0_K_2_100.0_SNR_50.0_Q_0.5/simulation_2
2025-01-06 03:18:27,443 - INFO - Running command: /usr/local/bin/python3.13 /Users/tomsayada/spectral_analysis_project/src/run_standard_fit.py --data_dir /Users/tomsayada/spectral_analysis_project/data/K_1_50.0_K_2_100.0_SNR_50.0_Q_0.5/simulation_2 --output_dir /Users/tomsayada/spectral_analysis_project/data/K_1_50.0_K_2_100.0_SNR_50.0_Q_0.5/simulation_2/standard_sym_weighted_nobaseline_fit_results --profile_type sym --lines He4026,He4388,He4471
2025-01-06 03:18:27,998 - ERROR - run_standard_fit.py failed (rc=1)
2025-01-06 03:18:27,998 - INFO - Retrying /Users/tomsayada/spectral_analysis_project/data/K_1_50.0_K_2_100.0_SNR_50.0_Q_0.5/simulation_2 (attempt 3)
2025-01-06 03:18:27,998 - INFO - Found 25 observation files in /Users/tomsayada/spectral_analysis_project/data/K_1_50.0_K_2_100.0_SNR_50.0_Q_0.5/simulation_2
2025-01-06 03:18:27,999 - INFO - Running command: /usr/local/bin/python3.13 /Users/tomsayada/spectral_analysis_project/src/run_standard_fit.py --data_dir /Users/tomsayada/spectral_analysis_project/data/K_1_50.0_K_2_100.0_SNR_50.0_Q_0.5/simulation_2 --output_dir /Users/tomsayada/spectral_analysis_project/data/K_1_50.0_K_2_100.0_SNR_50.0_Q_0.5/simulation_2/standard_sym_weighted_nobaseline_fit_results --profile_type sym --lines He4026,He4388,He4471
2025-01-06 03:18:28,555 - ERROR - run_standard_fit.py failed (rc=1)
2025-01-06 03:18:28,556 - INFO - Found 25 observation files in /Users/tomsayada/spectral_analysis_project/data/K_1_50.0_K_2_100.0_SNR_50.0_Q_0.5/simulation_3
2025-01-06 03:18:28,556 - INFO - Running command: /usr/local/bin/python3.13 /Users/tomsayada/spectral_analysis_project/src/run_standard_fit.py --data_dir /Users/tomsayada/spectral_analysis_project/data/K_1_50.0_K_2_100.0_SNR_50.0_Q_0.5/simulation_3 --output_dir /Users/tomsayada/spectral_analysis_project/data/K_1_50.0_K_2_100.0_SNR_50.0_Q_0.5/simulation_3/standard_sym_weighted_nobaseline_fit_results --profile_type sym --lines He4026,He4388,He4471
2025-01-06 03:18:29,108 - ERROR - run_standard_fit.py failed (rc=1)
2025-01-06 03:18:29,108 - INFO - Retrying /Users/tomsayada/spectral_analysis_project/data/K_1_50.0_K_2_100.0_SNR_50.0_Q_0.5/simulation_3 (attempt 1)
2025-01-06 03:18:29,109 - INFO - Found 25 observation files in /Users/tomsayada/spectral_analysis_project/data/K_1_50.0_K_2_100.0_SNR_50.0_Q_0.5/simulation_3
2025-01-06 03:18:29,109 - INFO - Running command: /usr/local/bin/python3.13 /Users/tomsayada/spectral_analysis_project/src/run_standard_fit.py --data_dir /Users/tomsayada/spectral_analysis_project/data/K_1_50.0_K_2_100.0_SNR_50.0_Q_0.5/simulation_3 --output_dir /Users/tomsayada/spectral_analysis_project/data/K_1_50.0_K_2_100.0_SNR_50.0_Q_0.5/simulation_3/standard_sym_weighted_nobaseline_fit_results --profile_type sym --lines He4026,He4388,He4471
2025-01-06 03:18:29,674 - ERROR - run_standard_fit.py failed (rc=1)
2025-01-06 03:18:29,674 - INFO - Retrying /Users/tomsayada/spectral_analysis_project/data/K_1_50.0_K_2_100.0_SNR_50.0_Q_0.5/simulation_3 (attempt 2)
2025-01-06 03:18:29,674 - INFO - Found 25 observation files in /Users/tomsayada/spectral_analysis_project/data/K_1_50.0_K_2_100.0_SNR_50.0_Q_0.5/simulation_3
2025-01-06 03:18:29,674 - INFO - Running command: /usr/local/bin/python3.13 /Users/tomsayada/spectral_analysis_project/src/run_standard_fit.py --data_dir /Users/tomsayada/spectral_analysis_project/data/K_1_50.0_K_2_100.0_SNR_50.0_Q_0.5/simulation_3 --output_dir /Users/tomsayada/spectral_analysis_project/data/K_1_50.0_K_2_100.0_SNR_50.0_Q_0.5/simulation_3/standard_sym_weighted_nobaseline_fit_results --profile_type sym --lines He4026,He4388,He4471
2025-01-06 03:18:30,274 - ERROR - run_standard_fit.py failed (rc=1)
2025-01-06 03:18:30,274 - INFO - Retrying /Users/tomsayada/spectral_analysis_project/data/K_1_50.0_K_2_100.0_SNR_50.0_Q_0.5/simulation_3 (attempt 3)
2025-01-06 03:18:30,274 - INFO - Found 25 observation files in /Users/tomsayada/spectral_analysis_project/data/K_1_50.0_K_2_100.0_SNR_50.0_Q_0.5/simulation_3
2025-01-06 03:18:30,274 - INFO - Running command: /usr/local/bin/python3.13 /Users/tomsayada/spectral_analysis_project/src/run_standard_fit.py --data_dir /Users/tomsayada/spectral_analysis_project/data/K_1_50.0_K_2_100.0_SNR_50.0_Q_0.5/simulation_3 --output_dir /Users/tomsayada/spectral_analysis_project/data/K_1_50.0_K_2_100.0_SNR_50.0_Q_0.5/simulation_3/standard_sym_weighted_nobaseline_fit_results --profile_type sym --lines He4026,He4388,He4471
2025-01-06 03:18:30,841 - ERROR - run_standard_fit.py failed (rc=1)
2025-01-06 03:18:30,843 - INFO - Found 25 observation files in /Users/tomsayada/spectral_analysis_project/data/K_1_50.0_K_2_100.0_SNR_50.0_Q_0.5/simulation_4
2025-01-06 03:18:30,843 - INFO - Running command: /usr/local/bin/python3.13 /Users/tomsayada/spectral_analysis_project/src/run_standard_fit.py --data_dir /Users/tomsayada/spectral_analysis_project/data/K_1_50.0_K_2_100.0_SNR_50.0_Q_0.5/simulation_4 --output_dir /Users/tomsayada/spectral_analysis_project/data/K_1_50.0_K_2_100.0_SNR_50.0_Q_0.5/simulation_4/standard_sym_weighted_nobaseline_fit_results --profile_type sym --lines He4026,He4388,He4471
2025-01-06 03:18:31,396 - ERROR - run_standard_fit.py failed (rc=1)
2025-01-06 03:18:31,397 - INFO - Retrying /Users/tomsayada/spectral_analysis_project/data/K_1_50.0_K_2_100.0_SNR_50.0_Q_0.5/simulation_4 (attempt 1)
2025-01-06 03:18:31,397 - INFO - Found 25 observation files in /Users/tomsayada/spectral_analysis_project/data/K_1_50.0_K_2_100.0_SNR_50.0_Q_0.5/simulation_4
2025-01-06 03:18:31,397 - INFO - Running command: /usr/local/bin/python3.13 /Users/tomsayada/spectral_analysis_project/src/run_standard_fit.py --data_dir /Users/tomsayada/spectral_analysis_project/data/K_1_50.0_K_2_100.0_SNR_50.0_Q_0.5/simulation_4 --output_dir /Users/tomsayada/spectral_analysis_project/data/K_1_50.0_K_2_100.0_SNR_50.0_Q_0.5/simulation_4/standard_sym_weighted_nobaseline_fit_results --profile_type sym --lines He4026,He4388,He4471
2025-01-06 03:18:31,947 - ERROR - run_standard_fit.py failed (rc=1)
2025-01-06 03:18:31,948 - INFO - Retrying /Users/tomsayada/spectral_analysis_project/data/K_1_50.0_K_2_100.0_SNR_50.0_Q_0.5/simulation_4 (attempt 2)
2025-01-06 03:18:31,948 - INFO - Found 25 observation files in /Users/tomsayada/spectral_analysis_project/data/K_1_50.0_K_2_100.0_SNR_50.0_Q_0.5/simulation_4
2025-01-06 03:18:31,948 - INFO - Running command: /usr/local/bin/python3.13 /Users/tomsayada/spectral_analysis_project/src/run_standard_fit.py --data_dir /Users/tomsayada/spectral_analysis_project/data/K_1_50.0_K_2_100.0_SNR_50.0_Q_0.5/simulation_4 --output_dir /Users/tomsayada/spectral_analysis_project/data/K_1_50.0_K_2_100.0_SNR_50.0_Q_0.5/simulation_4/standard_sym_weighted_nobaseline_fit_results --profile_type sym --lines He4026,He4388,He4471
2025-01-06 03:18:32,540 - ERROR - run_standard_fit.py failed (rc=1)
2025-01-06 03:18:32,540 - INFO - Retrying /Users/tomsayada/spectral_analysis_project/data/K_1_50.0_K_2_100.0_SNR_50.0_Q_0.5/simulation_4 (attempt 3)
2025-01-06 03:18:32,540 - INFO - Found 25 observation files in /Users/tomsayada/spectral_analysis_project/data/K_1_50.0_K_2_100.0_SNR_50.0_Q_0.5/simulation_4
2025-01-06 03:18:32,540 - INFO - Running command: /usr/local/bin/python3.13 /Users/tomsayada/spectral_analysis_project/src/run_standard_fit.py --data_dir /Users/tomsayada/spectral_analysis_project/data/K_1_50.0_K_2_100.0_SNR_50.0_Q_0.5/simulation_4 --output_dir /Users/tomsayada/spectral_analysis_project/data/K_1_50.0_K_2_100.0_SNR_50.0_Q_0.5/simulation_4/standard_sym_weighted_nobaseline_fit_results --profile_type sym --lines He4026,He4388,He4471
2025-01-06 03:18:33,357 - ERROR - run_standard_fit.py failed (rc=1)
2025-01-06 03:18:33,357 - INFO - Found 25 observation files in /Users/tomsayada/spectral_analysis_project/data/K_1_50.0_K_2_100.0_SNR_50.0_Q_0.5/simulation_5
2025-01-06 03:18:33,357 - INFO - Running command: /usr/local/bin/python3.13 /Users/tomsayada/spectral_analysis_project/src/run_standard_fit.py --data_dir /Users/tomsayada/spectral_analysis_project/data/K_1_50.0_K_2_100.0_SNR_50.0_Q_0.5/simulation_5 --output_dir /Users/tomsayada/spectral_analysis_project/data/K_1_50.0_K_2_100.0_SNR_50.0_Q_0.5/simulation_5/standard_sym_weighted_nobaseline_fit_results --profile_type sym --lines He4026,He4388,He4471
2025-01-06 03:18:33,985 - ERROR - run_standard_fit.py failed (rc=1)
2025-01-06 03:18:33,985 - INFO - Retrying /Users/tomsayada/spectral_analysis_project/data/K_1_50.0_K_2_100.0_SNR_50.0_Q_0.5/simulation_5 (attempt 1)
2025-01-06 03:18:33,986 - INFO - Found 25 observation files in /Users/tomsayada/spectral_analysis_project/data/K_1_50.0_K_2_100.0_SNR_50.0_Q_0.5/simulation_5
2025-01-06 03:18:33,986 - INFO - Running command: /usr/local/bin/python3.13 /Users/tomsayada/spectral_analysis_project/src/run_standard_fit.py --data_dir /Users/tomsayada/spectral_analysis_project/data/K_1_50.0_K_2_100.0_SNR_50.0_Q_0.5/simulation_5 --output_dir /Users/tomsayada/spectral_analysis_project/data/K_1_50.0_K_2_100.0_SNR_50.0_Q_0.5/simulation_5/standard_sym_weighted_nobaseline_fit_results --profile_type sym --lines He4026,He4388,He4471
2025-01-06 03:18:34,544 - ERROR - run_standard_fit.py failed (rc=1)
2025-01-06 03:18:34,544 - INFO - Retrying /Users/tomsayada/spectral_analysis_project/data/K_1_50.0_K_2_100.0_SNR_50.0_Q_0.5/simulation_5 (attempt 2)
2025-01-06 03:18:34,544 - INFO - Found 25 observation files in /Users/tomsayada/spectral_analysis_project/data/K_1_50.0_K_2_100.0_SNR_50.0_Q_0.5/simulation_5
2025-01-06 03:18:34,544 - INFO - Running command: /usr/local/bin/python3.13 /Users/tomsayada/spectral_analysis_project/src/run_standard_fit.py --data_dir /Users/tomsayada/spectral_analysis_project/data/K_1_50.0_K_2_100.0_SNR_50.0_Q_0.5/simulation_5 --output_dir /Users/tomsayada/spectral_analysis_project/data/K_1_50.0_K_2_100.0_SNR_50.0_Q_0.5/simulation_5/standard_sym_weighted_nobaseline_fit_results --profile_type sym --lines He4026,He4388,He4471
2025-01-06 03:18:35,085 - ERROR - run_standard_fit.py failed (rc=1)
2025-01-06 03:18:35,086 - INFO - Retrying /Users/tomsayada/spectral_analysis_project/data/K_1_50.0_K_2_100.0_SNR_50.0_Q_0.5/simulation_5 (attempt 3)
2025-01-06 03:18:35,086 - INFO - Found 25 observation files in /Users/tomsayada/spectral_analysis_project/data/K_1_50.0_K_2_100.0_SNR_50.0_Q_0.5/simulation_5
2025-01-06 03:18:35,086 - INFO - Running command: /usr/local/bin/python3.13 /Users/tomsayada/spectral_analysis_project/src/run_standard_fit.py --data_dir /Users/tomsayada/spectral_analysis_project/data/K_1_50.0_K_2_100.0_SNR_50.0_Q_0.5/simulation_5 --output_dir /Users/tomsayada/spectral_analysis_project/data/K_1_50.0_K_2_100.0_SNR_50.0_Q_0.5/simulation_5/standard_sym_weighted_nobaseline_fit_results --profile_type sym --lines He4026,He4388,He4471
2025-01-06 03:18:35,624 - ERROR - run_standard_fit.py failed (rc=1)
2025-01-06 03:18:35,625 - INFO - Found 25 observation files in /Users/tomsayada/spectral_analysis_project/data/K_1_50.0_K_2_100.0_SNR_50.0_Q_0.5/simulation_6
2025-01-06 03:18:35,625 - INFO - Running command: /usr/local/bin/python3.13 /Users/tomsayada/spectral_analysis_project/src/run_standard_fit.py --data_dir /Users/tomsayada/spectral_analysis_project/data/K_1_50.0_K_2_100.0_SNR_50.0_Q_0.5/simulation_6 --output_dir /Users/tomsayada/spectral_analysis_project/data/K_1_50.0_K_2_100.0_SNR_50.0_Q_0.5/simulation_6/standard_sym_weighted_nobaseline_fit_results --profile_type sym --lines He4026,He4388,He4471
2025-01-06 03:18:36,176 - ERROR - run_standard_fit.py failed (rc=1)
2025-01-06 03:18:36,176 - INFO - Retrying /Users/tomsayada/spectral_analysis_project/data/K_1_50.0_K_2_100.0_SNR_50.0_Q_0.5/simulation_6 (attempt 1)
2025-01-06 03:18:36,176 - INFO - Found 25 observation files in /Users/tomsayada/spectral_analysis_project/data/K_1_50.0_K_2_100.0_SNR_50.0_Q_0.5/simulation_6
2025-01-06 03:18:36,176 - INFO - Running command: /usr/local/bin/python3.13 /Users/tomsayada/spectral_analysis_project/src/run_standard_fit.py --data_dir /Users/tomsayada/spectral_analysis_project/data/K_1_50.0_K_2_100.0_SNR_50.0_Q_0.5/simulation_6 --output_dir /Users/tomsayada/spectral_analysis_project/data/K_1_50.0_K_2_100.0_SNR_50.0_Q_0.5/simulation_6/standard_sym_weighted_nobaseline_fit_results --profile_type sym --lines He4026,He4388,He4471
2025-01-06 03:18:36,726 - ERROR - run_standard_fit.py failed (rc=1)
2025-01-06 03:18:36,726 - INFO - Retrying /Users/tomsayada/spectral_analysis_project/data/K_1_50.0_K_2_100.0_SNR_50.0_Q_0.5/simulation_6 (attempt 2)
2025-01-06 03:18:36,726 - INFO - Found 25 observation files in /Users/tomsayada/spectral_analysis_project/data/K_1_50.0_K_2_100.0_SNR_50.0_Q_0.5/simulation_6
2025-01-06 03:18:36,726 - INFO - Running command: /usr/local/bin/python3.13 /Users/tomsayada/spectral_analysis_project/src/run_standard_fit.py --data_dir /Users/tomsayada/spectral_analysis_project/data/K_1_50.0_K_2_100.0_SNR_50.0_Q_0.5/simulation_6 --output_dir /Users/tomsayada/spectral_analysis_project/data/K_1_50.0_K_2_100.0_SNR_50.0_Q_0.5/simulation_6/standard_sym_weighted_nobaseline_fit_results --profile_type sym --lines He4026,He4388,He4471
2025-01-06 03:18:37,278 - ERROR - run_standard_fit.py failed (rc=1)
2025-01-06 03:18:37,279 - INFO - Retrying /Users/tomsayada/spectral_analysis_project/data/K_1_50.0_K_2_100.0_SNR_50.0_Q_0.5/simulation_6 (attempt 3)
2025-01-06 03:18:37,279 - INFO - Found 25 observation files in /Users/tomsayada/spectral_analysis_project/data/K_1_50.0_K_2_100.0_SNR_50.0_Q_0.5/simulation_6
2025-01-06 03:18:37,279 - INFO - Running command: /usr/local/bin/python3.13 /Users/tomsayada/spectral_analysis_project/src/run_standard_fit.py --data_dir /Users/tomsayada/spectral_analysis_project/data/K_1_50.0_K_2_100.0_SNR_50.0_Q_0.5/simulation_6 --output_dir /Users/tomsayada/spectral_analysis_project/data/K_1_50.0_K_2_100.0_SNR_50.0_Q_0.5/simulation_6/standard_sym_weighted_nobaseline_fit_results --profile_type sym --lines He4026,He4388,He4471
2025-01-06 03:18:37,831 - ERROR - run_standard_fit.py failed (rc=1)
2025-01-06 03:18:37,832 - INFO - Found 25 observation files in /Users/tomsayada/spectral_analysis_project/data/K_1_50.0_K_2_100.0_SNR_50.0_Q_0.5/simulation_7
2025-01-06 03:18:37,832 - INFO - Running command: /usr/local/bin/python3.13 /Users/tomsayada/spectral_analysis_project/src/run_standard_fit.py --data_dir /Users/tomsayada/spectral_analysis_project/data/K_1_50.0_K_2_100.0_SNR_50.0_Q_0.5/simulation_7 --output_dir /Users/tomsayada/spectral_analysis_project/data/K_1_50.0_K_2_100.0_SNR_50.0_Q_0.5/simulation_7/standard_sym_weighted_nobaseline_fit_results --profile_type sym --lines He4026,He4388,He4471
2025-01-06 03:18:38,422 - ERROR - run_standard_fit.py failed (rc=1)
2025-01-06 03:18:38,422 - INFO - Retrying /Users/tomsayada/spectral_analysis_project/data/K_1_50.0_K_2_100.0_SNR_50.0_Q_0.5/simulation_7 (attempt 1)
2025-01-06 03:18:38,422 - INFO - Found 25 observation files in /Users/tomsayada/spectral_analysis_project/data/K_1_50.0_K_2_100.0_SNR_50.0_Q_0.5/simulation_7
2025-01-06 03:18:38,422 - INFO - Running command: /usr/local/bin/python3.13 /Users/tomsayada/spectral_analysis_project/src/run_standard_fit.py --data_dir /Users/tomsayada/spectral_analysis_project/data/K_1_50.0_K_2_100.0_SNR_50.0_Q_0.5/simulation_7 --output_dir /Users/tomsayada/spectral_analysis_project/data/K_1_50.0_K_2_100.0_SNR_50.0_Q_0.5/simulation_7/standard_sym_weighted_nobaseline_fit_results --profile_type sym --lines He4026,He4388,He4471
2025-01-06 03:18:38,973 - ERROR - run_standard_fit.py failed (rc=1)
2025-01-06 03:18:38,973 - INFO - Retrying /Users/tomsayada/spectral_analysis_project/data/K_1_50.0_K_2_100.0_SNR_50.0_Q_0.5/simulation_7 (attempt 2)
2025-01-06 03:18:38,973 - INFO - Found 25 observation files in /Users/tomsayada/spectral_analysis_project/data/K_1_50.0_K_2_100.0_SNR_50.0_Q_0.5/simulation_7
2025-01-06 03:18:38,973 - INFO - Running command: /usr/local/bin/python3.13 /Users/tomsayada/spectral_analysis_project/src/run_standard_fit.py --data_dir /Users/tomsayada/spectral_analysis_project/data/K_1_50.0_K_2_100.0_SNR_50.0_Q_0.5/simulation_7 --output_dir /Users/tomsayada/spectral_analysis_project/data/K_1_50.0_K_2_100.0_SNR_50.0_Q_0.5/simulation_7/standard_sym_weighted_nobaseline_fit_results --profile_type sym --lines He4026,He4388,He4471
2025-01-06 03:18:39,529 - ERROR - run_standard_fit.py failed (rc=1)
2025-01-06 03:18:39,529 - INFO - Retrying /Users/tomsayada/spectral_analysis_project/data/K_1_50.0_K_2_100.0_SNR_50.0_Q_0.5/simulation_7 (attempt 3)
2025-01-06 03:18:39,529 - INFO - Found 25 observation files in /Users/tomsayada/spectral_analysis_project/data/K_1_50.0_K_2_100.0_SNR_50.0_Q_0.5/simulation_7
2025-01-06 03:18:39,529 - INFO - Running command: /usr/local/bin/python3.13 /Users/tomsayada/spectral_analysis_project/src/run_standard_fit.py --data_dir /Users/tomsayada/spectral_analysis_project/data/K_1_50.0_K_2_100.0_SNR_50.0_Q_0.5/simulation_7 --output_dir /Users/tomsayada/spectral_analysis_project/data/K_1_50.0_K_2_100.0_SNR_50.0_Q_0.5/simulation_7/standard_sym_weighted_nobaseline_fit_results --profile_type sym --lines He4026,He4388,He4471
2025-01-06 03:18:40,074 - ERROR - run_standard_fit.py failed (rc=1)
2025-01-06 03:18:40,075 - INFO - Found 25 observation files in /Users/tomsayada/spectral_analysis_project/data/K_1_50.0_K_2_100.0_SNR_50.0_Q_0.5/simulation_8
2025-01-06 03:18:40,075 - INFO - Running command: /usr/local/bin/python3.13 /Users/tomsayada/spectral_analysis_project/src/run_standard_fit.py --data_dir /Users/tomsayada/spectral_analysis_project/data/K_1_50.0_K_2_100.0_SNR_50.0_Q_0.5/simulation_8 --output_dir /Users/tomsayada/spectral_analysis_project/data/K_1_50.0_K_2_100.0_SNR_50.0_Q_0.5/simulation_8/standard_sym_weighted_nobaseline_fit_results --profile_type sym --lines He4026,He4388,He4471
2025-01-06 03:18:40,648 - ERROR - run_standard_fit.py failed (rc=1)
2025-01-06 03:18:40,648 - INFO - Retrying /Users/tomsayada/spectral_analysis_project/data/K_1_50.0_K_2_100.0_SNR_50.0_Q_0.5/simulation_8 (attempt 1)
2025-01-06 03:18:40,648 - INFO - Found 25 observation files in /Users/tomsayada/spectral_analysis_project/data/K_1_50.0_K_2_100.0_SNR_50.0_Q_0.5/simulation_8
2025-01-06 03:18:40,649 - INFO - Running command: /usr/local/bin/python3.13 /Users/tomsayada/spectral_analysis_project/src/run_standard_fit.py --data_dir /Users/tomsayada/spectral_analysis_project/data/K_1_50.0_K_2_100.0_SNR_50.0_Q_0.5/simulation_8 --output_dir /Users/tomsayada/spectral_analysis_project/data/K_1_50.0_K_2_100.0_SNR_50.0_Q_0.5/simulation_8/standard_sym_weighted_nobaseline_fit_results --profile_type sym --lines He4026,He4388,He4471
2025-01-06 03:18:41,201 - ERROR - run_standard_fit.py failed (rc=1)
2025-01-06 03:18:41,201 - INFO - Retrying /Users/tomsayada/spectral_analysis_project/data/K_1_50.0_K_2_100.0_SNR_50.0_Q_0.5/simulation_8 (attempt 2)
2025-01-06 03:18:41,201 - INFO - Found 25 observation files in /Users/tomsayada/spectral_analysis_project/data/K_1_50.0_K_2_100.0_SNR_50.0_Q_0.5/simulation_8
2025-01-06 03:18:41,202 - INFO - Running command: /usr/local/bin/python3.13 /Users/tomsayada/spectral_analysis_project/src/run_standard_fit.py --data_dir /Users/tomsayada/spectral_analysis_project/data/K_1_50.0_K_2_100.0_SNR_50.0_Q_0.5/simulation_8 --output_dir /Users/tomsayada/spectral_analysis_project/data/K_1_50.0_K_2_100.0_SNR_50.0_Q_0.5/simulation_8/standard_sym_weighted_nobaseline_fit_results --profile_type sym --lines He4026,He4388,He4471
2025-01-06 03:18:41,745 - ERROR - run_standard_fit.py failed (rc=1)
2025-01-06 03:18:41,746 - INFO - Retrying /Users/tomsayada/spectral_analysis_project/data/K_1_50.0_K_2_100.0_SNR_50.0_Q_0.5/simulation_8 (attempt 3)
2025-01-06 03:18:41,746 - INFO - Found 25 observation files in /Users/tomsayada/spectral_analysis_project/data/K_1_50.0_K_2_100.0_SNR_50.0_Q_0.5/simulation_8
2025-01-06 03:18:41,746 - INFO - Running command: /usr/local/bin/python3.13 /Users/tomsayada/spectral_analysis_project/src/run_standard_fit.py --data_dir /Users/tomsayada/spectral_analysis_project/data/K_1_50.0_K_2_100.0_SNR_50.0_Q_0.5/simulation_8 --output_dir /Users/tomsayada/spectral_analysis_project/data/K_1_50.0_K_2_100.0_SNR_50.0_Q_0.5/simulation_8/standard_sym_weighted_nobaseline_fit_results --profile_type sym --lines He4026,He4388,He4471
2025-01-06 03:18:42,301 - ERROR - run_standard_fit.py failed (rc=1)
2025-01-06 03:18:42,301 - INFO - Found 25 observation files in /Users/tomsayada/spectral_analysis_project/data/K_1_50.0_K_2_100.0_SNR_50.0_Q_0.5/simulation_9
2025-01-06 03:18:42,301 - INFO - Running command: /usr/local/bin/python3.13 /Users/tomsayada/spectral_analysis_project/src/run_standard_fit.py --data_dir /Users/tomsayada/spectral_analysis_project/data/K_1_50.0_K_2_100.0_SNR_50.0_Q_0.5/simulation_9 --output_dir /Users/tomsayada/spectral_analysis_project/data/K_1_50.0_K_2_100.0_SNR_50.0_Q_0.5/simulation_9/standard_sym_weighted_nobaseline_fit_results --profile_type sym --lines He4026,He4388,He4471
2025-01-06 03:18:42,851 - ERROR - run_standard_fit.py failed (rc=1)
2025-01-06 03:18:42,851 - INFO - Retrying /Users/tomsayada/spectral_analysis_project/data/K_1_50.0_K_2_100.0_SNR_50.0_Q_0.5/simulation_9 (attempt 1)
2025-01-06 03:18:42,852 - INFO - Found 25 observation files in /Users/tomsayada/spectral_analysis_project/data/K_1_50.0_K_2_100.0_SNR_50.0_Q_0.5/simulation_9
2025-01-06 03:18:42,852 - INFO - Running command: /usr/local/bin/python3.13 /Users/tomsayada/spectral_analysis_project/src/run_standard_fit.py --data_dir /Users/tomsayada/spectral_analysis_project/data/K_1_50.0_K_2_100.0_SNR_50.0_Q_0.5/simulation_9 --output_dir /Users/tomsayada/spectral_analysis_project/data/K_1_50.0_K_2_100.0_SNR_50.0_Q_0.5/simulation_9/standard_sym_weighted_nobaseline_fit_results --profile_type sym --lines He4026,He4388,He4471
2025-01-06 03:18:43,403 - ERROR - run_standard_fit.py failed (rc=1)
2025-01-06 03:18:43,403 - INFO - Retrying /Users/tomsayada/spectral_analysis_project/data/K_1_50.0_K_2_100.0_SNR_50.0_Q_0.5/simulation_9 (attempt 2)
2025-01-06 03:18:43,403 - INFO - Found 25 observation files in /Users/tomsayada/spectral_analysis_project/data/K_1_50.0_K_2_100.0_SNR_50.0_Q_0.5/simulation_9
2025-01-06 03:18:43,403 - INFO - Running command: /usr/local/bin/python3.13 /Users/tomsayada/spectral_analysis_project/src/run_standard_fit.py --data_dir /Users/tomsayada/spectral_analysis_project/data/K_1_50.0_K_2_100.0_SNR_50.0_Q_0.5/simulation_9 --output_dir /Users/tomsayada/spectral_analysis_project/data/K_1_50.0_K_2_100.0_SNR_50.0_Q_0.5/simulation_9/standard_sym_weighted_nobaseline_fit_results --profile_type sym --lines He4026,He4388,He4471
2025-01-06 03:18:43,952 - ERROR - run_standard_fit.py failed (rc=1)
2025-01-06 03:18:43,952 - INFO - Retrying /Users/tomsayada/spectral_analysis_project/data/K_1_50.0_K_2_100.0_SNR_50.0_Q_0.5/simulation_9 (attempt 3)
2025-01-06 03:18:43,952 - INFO - Found 25 observation files in /Users/tomsayada/spectral_analysis_project/data/K_1_50.0_K_2_100.0_SNR_50.0_Q_0.5/simulation_9
2025-01-06 03:18:43,952 - INFO - Running command: /usr/local/bin/python3.13 /Users/tomsayada/spectral_analysis_project/src/run_standard_fit.py --data_dir /Users/tomsayada/spectral_analysis_project/data/K_1_50.0_K_2_100.0_SNR_50.0_Q_0.5/simulation_9 --output_dir /Users/tomsayada/spectral_analysis_project/data/K_1_50.0_K_2_100.0_SNR_50.0_Q_0.5/simulation_9/standard_sym_weighted_nobaseline_fit_results --profile_type sym --lines He4026,He4388,He4471
2025-01-06 03:18:44,526 - ERROR - run_standard_fit.py failed (rc=1)
2025-01-06 03:18:44,526 - INFO - Found 25 observation files in /Users/tomsayada/spectral_analysis_project/data/K_1_50.0_K_2_100.0_SNR_50.0_Q_0.5/simulation_10
2025-01-06 03:18:44,526 - INFO - Running command: /usr/local/bin/python3.13 /Users/tomsayada/spectral_analysis_project/src/run_standard_fit.py --data_dir /Users/tomsayada/spectral_analysis_project/data/K_1_50.0_K_2_100.0_SNR_50.0_Q_0.5/simulation_10 --output_dir /Users/tomsayada/spectral_analysis_project/data/K_1_50.0_K_2_100.0_SNR_50.0_Q_0.5/simulation_10/standard_sym_weighted_nobaseline_fit_results --profile_type sym --lines He4026,He4388,He4471
2025-01-06 03:18:45,071 - ERROR - run_standard_fit.py failed (rc=1)
2025-01-06 03:18:45,072 - INFO - Retrying /Users/tomsayada/spectral_analysis_project/data/K_1_50.0_K_2_100.0_SNR_50.0_Q_0.5/simulation_10 (attempt 1)
2025-01-06 03:18:45,072 - INFO - Found 25 observation files in /Users/tomsayada/spectral_analysis_project/data/K_1_50.0_K_2_100.0_SNR_50.0_Q_0.5/simulation_10
2025-01-06 03:18:45,072 - INFO - Running command: /usr/local/bin/python3.13 /Users/tomsayada/spectral_analysis_project/src/run_standard_fit.py --data_dir /Users/tomsayada/spectral_analysis_project/data/K_1_50.0_K_2_100.0_SNR_50.0_Q_0.5/simulation_10 --output_dir /Users/tomsayada/spectral_analysis_project/data/K_1_50.0_K_2_100.0_SNR_50.0_Q_0.5/simulation_10/standard_sym_weighted_nobaseline_fit_results --profile_type sym --lines He4026,He4388,He4471
2025-01-06 03:18:45,619 - ERROR - run_standard_fit.py failed (rc=1)
2025-01-06 03:18:45,619 - INFO - Retrying /Users/tomsayada/spectral_analysis_project/data/K_1_50.0_K_2_100.0_SNR_50.0_Q_0.5/simulation_10 (attempt 2)
2025-01-06 03:18:45,620 - INFO - Found 25 observation files in /Users/tomsayada/spectral_analysis_project/data/K_1_50.0_K_2_100.0_SNR_50.0_Q_0.5/simulation_10
2025-01-06 03:18:45,620 - INFO - Running command: /usr/local/bin/python3.13 /Users/tomsayada/spectral_analysis_project/src/run_standard_fit.py --data_dir /Users/tomsayada/spectral_analysis_project/data/K_1_50.0_K_2_100.0_SNR_50.0_Q_0.5/simulation_10 --output_dir /Users/tomsayada/spectral_analysis_project/data/K_1_50.0_K_2_100.0_SNR_50.0_Q_0.5/simulation_10/standard_sym_weighted_nobaseline_fit_results --profile_type sym --lines He4026,He4388,He4471
2025-01-06 03:18:46,195 - ERROR - run_standard_fit.py failed (rc=1)
2025-01-06 03:18:46,195 - INFO - Retrying /Users/tomsayada/spectral_analysis_project/data/K_1_50.0_K_2_100.0_SNR_50.0_Q_0.5/simulation_10 (attempt 3)
2025-01-06 03:18:46,196 - INFO - Found 25 observation files in /Users/tomsayada/spectral_analysis_project/data/K_1_50.0_K_2_100.0_SNR_50.0_Q_0.5/simulation_10
2025-01-06 03:18:46,196 - INFO - Running command: /usr/local/bin/python3.13 /Users/tomsayada/spectral_analysis_project/src/run_standard_fit.py --data_dir /Users/tomsayada/spectral_analysis_project/data/K_1_50.0_K_2_100.0_SNR_50.0_Q_0.5/simulation_10 --output_dir /Users/tomsayada/spectral_analysis_project/data/K_1_50.0_K_2_100.0_SNR_50.0_Q_0.5/simulation_10/standard_sym_weighted_nobaseline_fit_results --profile_type sym --lines He4026,He4388,He4471
2025-01-06 03:18:46,791 - ERROR - run_standard_fit.py failed (rc=1)
2025-01-06 03:18:46,791 - INFO - Analysis complete => 0/10 successful
2025-01-06 03:18:46,792 - INFO - Saved summary: /Users/tomsayada/spectral_analysis_project/data/K_1_50.0_K_2_100.0_SNR_50.0_Q_0.5/analysis_results_20250106_031823/analysis_summary.json
2025-01-06 03:18:46,792 - WARNING - Some folders failed; check logs or analysis_summary.json
2025-01-06 03:25:13,441 - INFO - Select the parent data folder:
2025-01-06 03:25:23,114 - INFO - User selected folder: /Users/tomsayada/spectral_analysis_project/data/K_1_50.0_K_2_100.0_SNR_50.0_Q_0.5
2025-01-06 03:25:23,115 - INFO - Data folder set to: /Users/tomsayada/spectral_analysis_project/data/K_1_50.0_K_2_100.0_SNR_50.0_Q_0.5
2025-01-06 03:25:23,115 - INFO - Base output: /Users/tomsayada/spectral_analysis_project/data/K_1_50.0_K_2_100.0_SNR_50.0_Q_0.5/analysis_results_20250106_032523
2025-01-06 03:25:23,126 - INFO - Found 25 observation files in /Users/tomsayada/spectral_analysis_project/data/K_1_50.0_K_2_100.0_SNR_50.0_Q_0.5/simulation_1
2025-01-06 03:25:23,126 - INFO - Running command: /usr/local/bin/python3.13 /Users/tomsayada/spectral_analysis_project/src/run_standard_fit.py --data_dir /Users/tomsayada/spectral_analysis_project/data/K_1_50.0_K_2_100.0_SNR_50.0_Q_0.5/simulation_1 --output_dir /Users/tomsayada/spectral_analysis_project/data/K_1_50.0_K_2_100.0_SNR_50.0_Q_0.5/simulation_1/standard_sym_weighted_nobaseline_fit_results --profile_type sym --lines He4026,He4388,He4471
2025-01-06 03:28:40,210 - INFO - Analysis complete for /Users/tomsayada/spectral_analysis_project/data/K_1_50.0_K_2_100.0_SNR_50.0_Q_0.5/simulation_1. Results in: /Users/tomsayada/spectral_analysis_project/data/K_1_50.0_K_2_100.0_SNR_50.0_Q_0.5/simulation_1/standard_sym_weighted_nobaseline_fit_results
2025-01-06 03:28:40,211 - INFO - Found 25 observation files in /Users/tomsayada/spectral_analysis_project/data/K_1_50.0_K_2_100.0_SNR_50.0_Q_0.5/simulation_2
2025-01-06 03:28:40,211 - INFO - Running command: /usr/local/bin/python3.13 /Users/tomsayada/spectral_analysis_project/src/run_standard_fit.py --data_dir /Users/tomsayada/spectral_analysis_project/data/K_1_50.0_K_2_100.0_SNR_50.0_Q_0.5/simulation_2 --output_dir /Users/tomsayada/spectral_analysis_project/data/K_1_50.0_K_2_100.0_SNR_50.0_Q_0.5/simulation_2/standard_sym_weighted_nobaseline_fit_results --profile_type sym --lines He4026,He4388,He4471
2025-01-06 03:31:51,136 - INFO - Analysis complete for /Users/tomsayada/spectral_analysis_project/data/K_1_50.0_K_2_100.0_SNR_50.0_Q_0.5/simulation_2. Results in: /Users/tomsayada/spectral_analysis_project/data/K_1_50.0_K_2_100.0_SNR_50.0_Q_0.5/simulation_2/standard_sym_weighted_nobaseline_fit_results
2025-01-06 03:31:51,138 - INFO - Found 25 observation files in /Users/tomsayada/spectral_analysis_project/data/K_1_50.0_K_2_100.0_SNR_50.0_Q_0.5/simulation_3
2025-01-06 03:31:51,138 - INFO - Running command: /usr/local/bin/python3.13 /Users/tomsayada/spectral_analysis_project/src/run_standard_fit.py --data_dir /Users/tomsayada/spectral_analysis_project/data/K_1_50.0_K_2_100.0_SNR_50.0_Q_0.5/simulation_3 --output_dir /Users/tomsayada/spectral_analysis_project/data/K_1_50.0_K_2_100.0_SNR_50.0_Q_0.5/simulation_3/standard_sym_weighted_nobaseline_fit_results --profile_type sym --lines He4026,He4388,He4471
2025-01-06 03:34:55,382 - INFO - Analysis complete for /Users/tomsayada/spectral_analysis_project/data/K_1_50.0_K_2_100.0_SNR_50.0_Q_0.5/simulation_3. Results in: /Users/tomsayada/spectral_analysis_project/data/K_1_50.0_K_2_100.0_SNR_50.0_Q_0.5/simulation_3/standard_sym_weighted_nobaseline_fit_results
2025-01-06 03:34:55,384 - INFO - Found 25 observation files in /Users/tomsayada/spectral_analysis_project/data/K_1_50.0_K_2_100.0_SNR_50.0_Q_0.5/simulation_4
2025-01-06 03:34:55,384 - INFO - Running command: /usr/local/bin/python3.13 /Users/tomsayada/spectral_analysis_project/src/run_standard_fit.py --data_dir /Users/tomsayada/spectral_analysis_project/data/K_1_50.0_K_2_100.0_SNR_50.0_Q_0.5/simulation_4 --output_dir /Users/tomsayada/spectral_analysis_project/data/K_1_50.0_K_2_100.0_SNR_50.0_Q_0.5/simulation_4/standard_sym_weighted_nobaseline_fit_results --profile_type sym --lines He4026,He4388,He4471
2025-01-06 03:37:59,896 - INFO - Analysis complete for /Users/tomsayada/spectral_analysis_project/data/K_1_50.0_K_2_100.0_SNR_50.0_Q_0.5/simulation_4. Results in: /Users/tomsayada/spectral_analysis_project/data/K_1_50.0_K_2_100.0_SNR_50.0_Q_0.5/simulation_4/standard_sym_weighted_nobaseline_fit_results
2025-01-06 03:37:59,898 - INFO - Found 25 observation files in /Users/tomsayada/spectral_analysis_project/data/K_1_50.0_K_2_100.0_SNR_50.0_Q_0.5/simulation_5
2025-01-06 03:37:59,898 - INFO - Running command: /usr/local/bin/python3.13 /Users/tomsayada/spectral_analysis_project/src/run_standard_fit.py --data_dir /Users/tomsayada/spectral_analysis_project/data/K_1_50.0_K_2_100.0_SNR_50.0_Q_0.5/simulation_5 --output_dir /Users/tomsayada/spectral_analysis_project/data/K_1_50.0_K_2_100.0_SNR_50.0_Q_0.5/simulation_5/standard_sym_weighted_nobaseline_fit_results --profile_type sym --lines He4026,He4388,He4471
2025-01-06 03:41:12,537 - INFO - Analysis complete for /Users/tomsayada/spectral_analysis_project/data/K_1_50.0_K_2_100.0_SNR_50.0_Q_0.5/simulation_5. Results in: /Users/tomsayada/spectral_analysis_project/data/K_1_50.0_K_2_100.0_SNR_50.0_Q_0.5/simulation_5/standard_sym_weighted_nobaseline_fit_results
2025-01-06 03:41:12,538 - INFO - Found 25 observation files in /Users/tomsayada/spectral_analysis_project/data/K_1_50.0_K_2_100.0_SNR_50.0_Q_0.5/simulation_6
2025-01-06 03:41:12,538 - INFO - Running command: /usr/local/bin/python3.13 /Users/tomsayada/spectral_analysis_project/src/run_standard_fit.py --data_dir /Users/tomsayada/spectral_analysis_project/data/K_1_50.0_K_2_100.0_SNR_50.0_Q_0.5/simulation_6 --output_dir /Users/tomsayada/spectral_analysis_project/data/K_1_50.0_K_2_100.0_SNR_50.0_Q_0.5/simulation_6/standard_sym_weighted_nobaseline_fit_results --profile_type sym --lines He4026,He4388,He4471
2025-01-06 03:44:14,479 - INFO - Analysis complete for /Users/tomsayada/spectral_analysis_project/data/K_1_50.0_K_2_100.0_SNR_50.0_Q_0.5/simulation_6. Results in: /Users/tomsayada/spectral_analysis_project/data/K_1_50.0_K_2_100.0_SNR_50.0_Q_0.5/simulation_6/standard_sym_weighted_nobaseline_fit_results
2025-01-06 03:44:14,481 - INFO - Found 25 observation files in /Users/tomsayada/spectral_analysis_project/data/K_1_50.0_K_2_100.0_SNR_50.0_Q_0.5/simulation_7
2025-01-06 03:44:14,481 - INFO - Running command: /usr/local/bin/python3.13 /Users/tomsayada/spectral_analysis_project/src/run_standard_fit.py --data_dir /Users/tomsayada/spectral_analysis_project/data/K_1_50.0_K_2_100.0_SNR_50.0_Q_0.5/simulation_7 --output_dir /Users/tomsayada/spectral_analysis_project/data/K_1_50.0_K_2_100.0_SNR_50.0_Q_0.5/simulation_7/standard_sym_weighted_nobaseline_fit_results --profile_type sym --lines He4026,He4388,He4471
2025-01-06 03:47:34,760 - INFO - Analysis complete for /Users/tomsayada/spectral_analysis_project/data/K_1_50.0_K_2_100.0_SNR_50.0_Q_0.5/simulation_7. Results in: /Users/tomsayada/spectral_analysis_project/data/K_1_50.0_K_2_100.0_SNR_50.0_Q_0.5/simulation_7/standard_sym_weighted_nobaseline_fit_results
2025-01-06 03:47:34,762 - INFO - Found 25 observation files in /Users/tomsayada/spectral_analysis_project/data/K_1_50.0_K_2_100.0_SNR_50.0_Q_0.5/simulation_8
2025-01-06 03:47:34,762 - INFO - Running command: /usr/local/bin/python3.13 /Users/tomsayada/spectral_analysis_project/src/run_standard_fit.py --data_dir /Users/tomsayada/spectral_analysis_project/data/K_1_50.0_K_2_100.0_SNR_50.0_Q_0.5/simulation_8 --output_dir /Users/tomsayada/spectral_analysis_project/data/K_1_50.0_K_2_100.0_SNR_50.0_Q_0.5/simulation_8/standard_sym_weighted_nobaseline_fit_results --profile_type sym --lines He4026,He4388,He4471
2025-01-06 03:50:47,950 - INFO - Analysis complete for /Users/tomsayada/spectral_analysis_project/data/K_1_50.0_K_2_100.0_SNR_50.0_Q_0.5/simulation_8. Results in: /Users/tomsayada/spectral_analysis_project/data/K_1_50.0_K_2_100.0_SNR_50.0_Q_0.5/simulation_8/standard_sym_weighted_nobaseline_fit_results
2025-01-06 03:50:47,952 - INFO - Found 25 observation files in /Users/tomsayada/spectral_analysis_project/data/K_1_50.0_K_2_100.0_SNR_50.0_Q_0.5/simulation_9
2025-01-06 03:50:47,952 - INFO - Running command: /usr/local/bin/python3.13 /Users/tomsayada/spectral_analysis_project/src/run_standard_fit.py --data_dir /Users/tomsayada/spectral_analysis_project/data/K_1_50.0_K_2_100.0_SNR_50.0_Q_0.5/simulation_9 --output_dir /Users/tomsayada/spectral_analysis_project/data/K_1_50.0_K_2_100.0_SNR_50.0_Q_0.5/simulation_9/standard_sym_weighted_nobaseline_fit_results --profile_type sym --lines He4026,He4388,He4471
2025-01-06 03:54:07,838 - INFO - Analysis complete for /Users/tomsayada/spectral_analysis_project/data/K_1_50.0_K_2_100.0_SNR_50.0_Q_0.5/simulation_9. Results in: /Users/tomsayada/spectral_analysis_project/data/K_1_50.0_K_2_100.0_SNR_50.0_Q_0.5/simulation_9/standard_sym_weighted_nobaseline_fit_results
2025-01-06 03:54:07,840 - INFO - Found 25 observation files in /Users/tomsayada/spectral_analysis_project/data/K_1_50.0_K_2_100.0_SNR_50.0_Q_0.5/simulation_10
2025-01-06 03:54:07,841 - INFO - Running command: /usr/local/bin/python3.13 /Users/tomsayada/spectral_analysis_project/src/run_standard_fit.py --data_dir /Users/tomsayada/spectral_analysis_project/data/K_1_50.0_K_2_100.0_SNR_50.0_Q_0.5/simulation_10 --output_dir /Users/tomsayada/spectral_analysis_project/data/K_1_50.0_K_2_100.0_SNR_50.0_Q_0.5/simulation_10/standard_sym_weighted_nobaseline_fit_results --profile_type sym --lines He4026,He4388,He4471
2025-01-06 05:19:59,499 - INFO - Analysis complete for /Users/tomsayada/spectral_analysis_project/data/K_1_50.0_K_2_100.0_SNR_50.0_Q_0.5/simulation_10. Results in: /Users/tomsayada/spectral_analysis_project/data/K_1_50.0_K_2_100.0_SNR_50.0_Q_0.5/simulation_10/standard_sym_weighted_nobaseline_fit_results
2025-01-06 05:19:59,523 - INFO - Analysis complete => 10/10 successful
2025-01-06 05:19:59,523 - INFO - Saved summary: /Users/tomsayada/spectral_analysis_project/data/K_1_50.0_K_2_100.0_SNR_50.0_Q_0.5/analysis_results_20250106_032523/analysis_summary.json
2025-01-06 08:18:41,695 - INFO - Select the parent data folder:
2025-01-06 08:18:50,498 - INFO - User selected folder: /Users/tomsayada/spectral_analysis_project/data/K_1_50.0_K_2_100.0_SNR_50.0_Q_0.5
2025-01-06 08:18:50,499 - INFO - Data folder set to: /Users/tomsayada/spectral_analysis_project/data/K_1_50.0_K_2_100.0_SNR_50.0_Q_0.5
2025-01-06 08:18:50,500 - INFO - Base output: /Users/tomsayada/spectral_analysis_project/data/K_1_50.0_K_2_100.0_SNR_50.0_Q_0.5/analysis_results_20250106_081850
2025-01-06 08:18:50,509 - INFO - Found 25 observation files in /Users/tomsayada/spectral_analysis_project/data/K_1_50.0_K_2_100.0_SNR_50.0_Q_0.5/simulation_1
2025-01-06 08:18:50,509 - INFO - Running command: /usr/local/bin/python3.13 /Users/tomsayada/spectral_analysis_project/src/run_standard_fit.py --data_dir /Users/tomsayada/spectral_analysis_project/data/K_1_50.0_K_2_100.0_SNR_50.0_Q_0.5/simulation_1 --output_dir /Users/tomsayada/spectral_analysis_project/data/K_1_50.0_K_2_100.0_SNR_50.0_Q_0.5/simulation_1/standard_sym_weighted_nobaseline_fit_results --profile_type sym --lines He4026,He4388,He4471
2025-01-06 08:24:17,767 - INFO - Analysis complete for /Users/tomsayada/spectral_analysis_project/data/K_1_50.0_K_2_100.0_SNR_50.0_Q_0.5/simulation_1. Results in: /Users/tomsayada/spectral_analysis_project/data/K_1_50.0_K_2_100.0_SNR_50.0_Q_0.5/simulation_1/standard_sym_weighted_nobaseline_fit_results
2025-01-06 08:24:17,768 - INFO - Found 25 observation files in /Users/tomsayada/spectral_analysis_project/data/K_1_50.0_K_2_100.0_SNR_50.0_Q_0.5/simulation_2
2025-01-06 08:24:17,768 - INFO - Running command: /usr/local/bin/python3.13 /Users/tomsayada/spectral_analysis_project/src/run_standard_fit.py --data_dir /Users/tomsayada/spectral_analysis_project/data/K_1_50.0_K_2_100.0_SNR_50.0_Q_0.5/simulation_2 --output_dir /Users/tomsayada/spectral_analysis_project/data/K_1_50.0_K_2_100.0_SNR_50.0_Q_0.5/simulation_2/standard_sym_weighted_nobaseline_fit_results --profile_type sym --lines He4026,He4388,He4471
2025-01-06 08:30:08,685 - INFO - Analysis complete for /Users/tomsayada/spectral_analysis_project/data/K_1_50.0_K_2_100.0_SNR_50.0_Q_0.5/simulation_2. Results in: /Users/tomsayada/spectral_analysis_project/data/K_1_50.0_K_2_100.0_SNR_50.0_Q_0.5/simulation_2/standard_sym_weighted_nobaseline_fit_results
2025-01-06 08:30:08,686 - INFO - Found 25 observation files in /Users/tomsayada/spectral_analysis_project/data/K_1_50.0_K_2_100.0_SNR_50.0_Q_0.5/simulation_3
2025-01-06 08:30:08,686 - INFO - Running command: /usr/local/bin/python3.13 /Users/tomsayada/spectral_analysis_project/src/run_standard_fit.py --data_dir /Users/tomsayada/spectral_analysis_project/data/K_1_50.0_K_2_100.0_SNR_50.0_Q_0.5/simulation_3 --output_dir /Users/tomsayada/spectral_analysis_project/data/K_1_50.0_K_2_100.0_SNR_50.0_Q_0.5/simulation_3/standard_sym_weighted_nobaseline_fit_results --profile_type sym --lines He4026,He4388,He4471
2025-01-06 08:35:27,977 - INFO - Analysis complete for /Users/tomsayada/spectral_analysis_project/data/K_1_50.0_K_2_100.0_SNR_50.0_Q_0.5/simulation_3. Results in: /Users/tomsayada/spectral_analysis_project/data/K_1_50.0_K_2_100.0_SNR_50.0_Q_0.5/simulation_3/standard_sym_weighted_nobaseline_fit_results
2025-01-06 08:35:27,979 - INFO - Found 25 observation files in /Users/tomsayada/spectral_analysis_project/data/K_1_50.0_K_2_100.0_SNR_50.0_Q_0.5/simulation_4
2025-01-06 08:35:27,979 - INFO - Running command: /usr/local/bin/python3.13 /Users/tomsayada/spectral_analysis_project/src/run_standard_fit.py --data_dir /Users/tomsayada/spectral_analysis_project/data/K_1_50.0_K_2_100.0_SNR_50.0_Q_0.5/simulation_4 --output_dir /Users/tomsayada/spectral_analysis_project/data/K_1_50.0_K_2_100.0_SNR_50.0_Q_0.5/simulation_4/standard_sym_weighted_nobaseline_fit_results --profile_type sym --lines He4026,He4388,He4471
2025-01-06 08:40:33,958 - INFO - Analysis complete for /Users/tomsayada/spectral_analysis_project/data/K_1_50.0_K_2_100.0_SNR_50.0_Q_0.5/simulation_4. Results in: /Users/tomsayada/spectral_analysis_project/data/K_1_50.0_K_2_100.0_SNR_50.0_Q_0.5/simulation_4/standard_sym_weighted_nobaseline_fit_results
2025-01-06 08:40:33,960 - INFO - Found 25 observation files in /Users/tomsayada/spectral_analysis_project/data/K_1_50.0_K_2_100.0_SNR_50.0_Q_0.5/simulation_5
2025-01-06 08:40:33,960 - INFO - Running command: /usr/local/bin/python3.13 /Users/tomsayada/spectral_analysis_project/src/run_standard_fit.py --data_dir /Users/tomsayada/spectral_analysis_project/data/K_1_50.0_K_2_100.0_SNR_50.0_Q_0.5/simulation_5 --output_dir /Users/tomsayada/spectral_analysis_project/data/K_1_50.0_K_2_100.0_SNR_50.0_Q_0.5/simulation_5/standard_sym_weighted_nobaseline_fit_results --profile_type sym --lines He4026,He4388,He4471
2025-01-06 08:45:33,891 - INFO - Analysis complete for /Users/tomsayada/spectral_analysis_project/data/K_1_50.0_K_2_100.0_SNR_50.0_Q_0.5/simulation_5. Results in: /Users/tomsayada/spectral_analysis_project/data/K_1_50.0_K_2_100.0_SNR_50.0_Q_0.5/simulation_5/standard_sym_weighted_nobaseline_fit_results
2025-01-06 08:45:33,893 - INFO - Found 25 observation files in /Users/tomsayada/spectral_analysis_project/data/K_1_50.0_K_2_100.0_SNR_50.0_Q_0.5/simulation_6
2025-01-06 08:45:33,893 - INFO - Running command: /usr/local/bin/python3.13 /Users/tomsayada/spectral_analysis_project/src/run_standard_fit.py --data_dir /Users/tomsayada/spectral_analysis_project/data/K_1_50.0_K_2_100.0_SNR_50.0_Q_0.5/simulation_6 --output_dir /Users/tomsayada/spectral_analysis_project/data/K_1_50.0_K_2_100.0_SNR_50.0_Q_0.5/simulation_6/standard_sym_weighted_nobaseline_fit_results --profile_type sym --lines He4026,He4388,He4471
2025-01-06 08:50:56,772 - INFO - Analysis complete for /Users/tomsayada/spectral_analysis_project/data/K_1_50.0_K_2_100.0_SNR_50.0_Q_0.5/simulation_6. Results in: /Users/tomsayada/spectral_analysis_project/data/K_1_50.0_K_2_100.0_SNR_50.0_Q_0.5/simulation_6/standard_sym_weighted_nobaseline_fit_results
2025-01-06 08:50:56,774 - INFO - Found 25 observation files in /Users/tomsayada/spectral_analysis_project/data/K_1_50.0_K_2_100.0_SNR_50.0_Q_0.5/simulation_7
2025-01-06 08:50:56,774 - INFO - Running command: /usr/local/bin/python3.13 /Users/tomsayada/spectral_analysis_project/src/run_standard_fit.py --data_dir /Users/tomsayada/spectral_analysis_project/data/K_1_50.0_K_2_100.0_SNR_50.0_Q_0.5/simulation_7 --output_dir /Users/tomsayada/spectral_analysis_project/data/K_1_50.0_K_2_100.0_SNR_50.0_Q_0.5/simulation_7/standard_sym_weighted_nobaseline_fit_results --profile_type sym --lines He4026,He4388,He4471
2025-01-06 08:56:12,474 - INFO - Analysis complete for /Users/tomsayada/spectral_analysis_project/data/K_1_50.0_K_2_100.0_SNR_50.0_Q_0.5/simulation_7. Results in: /Users/tomsayada/spectral_analysis_project/data/K_1_50.0_K_2_100.0_SNR_50.0_Q_0.5/simulation_7/standard_sym_weighted_nobaseline_fit_results
2025-01-06 08:56:12,475 - INFO - Found 25 observation files in /Users/tomsayada/spectral_analysis_project/data/K_1_50.0_K_2_100.0_SNR_50.0_Q_0.5/simulation_8
2025-01-06 08:56:12,475 - INFO - Running command: /usr/local/bin/python3.13 /Users/tomsayada/spectral_analysis_project/src/run_standard_fit.py --data_dir /Users/tomsayada/spectral_analysis_project/data/K_1_50.0_K_2_100.0_SNR_50.0_Q_0.5/simulation_8 --output_dir /Users/tomsayada/spectral_analysis_project/data/K_1_50.0_K_2_100.0_SNR_50.0_Q_0.5/simulation_8/standard_sym_weighted_nobaseline_fit_results --profile_type sym --lines He4026,He4388,He4471
2025-01-06 09:01:54,434 - INFO - Analysis complete for /Users/tomsayada/spectral_analysis_project/data/K_1_50.0_K_2_100.0_SNR_50.0_Q_0.5/simulation_8. Results in: /Users/tomsayada/spectral_analysis_project/data/K_1_50.0_K_2_100.0_SNR_50.0_Q_0.5/simulation_8/standard_sym_weighted_nobaseline_fit_results
2025-01-06 09:01:54,435 - INFO - Found 25 observation files in /Users/tomsayada/spectral_analysis_project/data/K_1_50.0_K_2_100.0_SNR_50.0_Q_0.5/simulation_9
2025-01-06 09:01:54,436 - INFO - Running command: /usr/local/bin/python3.13 /Users/tomsayada/spectral_analysis_project/src/run_standard_fit.py --data_dir /Users/tomsayada/spectral_analysis_project/data/K_1_50.0_K_2_100.0_SNR_50.0_Q_0.5/simulation_9 --output_dir /Users/tomsayada/spectral_analysis_project/data/K_1_50.0_K_2_100.0_SNR_50.0_Q_0.5/simulation_9/standard_sym_weighted_nobaseline_fit_results --profile_type sym --lines He4026,He4388,He4471
2025-01-06 09:06:59,519 - INFO - Analysis complete for /Users/tomsayada/spectral_analysis_project/data/K_1_50.0_K_2_100.0_SNR_50.0_Q_0.5/simulation_9. Results in: /Users/tomsayada/spectral_analysis_project/data/K_1_50.0_K_2_100.0_SNR_50.0_Q_0.5/simulation_9/standard_sym_weighted_nobaseline_fit_results
2025-01-06 09:06:59,521 - INFO - Found 25 observation files in /Users/tomsayada/spectral_analysis_project/data/K_1_50.0_K_2_100.0_SNR_50.0_Q_0.5/simulation_10
2025-01-06 09:06:59,521 - INFO - Running command: /usr/local/bin/python3.13 /Users/tomsayada/spectral_analysis_project/src/run_standard_fit.py --data_dir /Users/tomsayada/spectral_analysis_project/data/K_1_50.0_K_2_100.0_SNR_50.0_Q_0.5/simulation_10 --output_dir /Users/tomsayada/spectral_analysis_project/data/K_1_50.0_K_2_100.0_SNR_50.0_Q_0.5/simulation_10/standard_sym_weighted_nobaseline_fit_results --profile_type sym --lines He4026,He4388,He4471
2025-01-06 09:12:17,078 - INFO - Analysis complete for /Users/tomsayada/spectral_analysis_project/data/K_1_50.0_K_2_100.0_SNR_50.0_Q_0.5/simulation_10. Results in: /Users/tomsayada/spectral_analysis_project/data/K_1_50.0_K_2_100.0_SNR_50.0_Q_0.5/simulation_10/standard_sym_weighted_nobaseline_fit_results
2025-01-06 09:12:17,079 - INFO - Analysis complete => 10/10 successful
2025-01-06 09:12:17,079 - INFO - Saved summary: /Users/tomsayada/spectral_analysis_project/data/K_1_50.0_K_2_100.0_SNR_50.0_Q_0.5/analysis_results_20250106_081850/analysis_summary.json
2025-01-06 09:15:06,251 - INFO - Select the parent data folder:
2025-01-06 09:15:14,684 - INFO - User selected folder: /Users/tomsayada/spectral_analysis_project/data/K_1_50.0_K_2_100.0_SNR_50.0_Q_0.5
2025-01-06 09:15:14,684 - INFO - Data folder set to: /Users/tomsayada/spectral_analysis_project/data/K_1_50.0_K_2_100.0_SNR_50.0_Q_0.5
2025-01-06 09:15:14,684 - INFO - Base output: /Users/tomsayada/spectral_analysis_project/data/K_1_50.0_K_2_100.0_SNR_50.0_Q_0.5/analysis_results_20250106_091514
2025-01-06 09:15:14,699 - INFO - Found 25 observation files in /Users/tomsayada/spectral_analysis_project/data/K_1_50.0_K_2_100.0_SNR_50.0_Q_0.5/simulation_1
2025-01-06 09:15:14,699 - INFO - Running command: /usr/local/bin/python3.13 /Users/tomsayada/spectral_analysis_project/src/run_ratio_constrained_fit.py --data_dir /Users/tomsayada/spectral_analysis_project/data/K_1_50.0_K_2_100.0_SNR_50.0_Q_0.5/simulation_1 --output_dir /Users/tomsayada/spectral_analysis_project/data/K_1_50.0_K_2_100.0_SNR_50.0_Q_0.5/simulation_1/ratio_sym_weighted_nobaseline_fit_results --profile_type sym --lines He4026,He4388,He4471
2025-01-06 09:15:15,960 - ERROR - run_ratio_constrained_fit.py failed (rc=1)
2025-01-06 09:15:15,960 - INFO - Retrying /Users/tomsayada/spectral_analysis_project/data/K_1_50.0_K_2_100.0_SNR_50.0_Q_0.5/simulation_1 (attempt 1)
2025-01-06 09:15:15,961 - INFO - Found 25 observation files in /Users/tomsayada/spectral_analysis_project/data/K_1_50.0_K_2_100.0_SNR_50.0_Q_0.5/simulation_1
2025-01-06 09:15:15,962 - INFO - Running command: /usr/local/bin/python3.13 /Users/tomsayada/spectral_analysis_project/src/run_ratio_constrained_fit.py --data_dir /Users/tomsayada/spectral_analysis_project/data/K_1_50.0_K_2_100.0_SNR_50.0_Q_0.5/simulation_1 --output_dir /Users/tomsayada/spectral_analysis_project/data/K_1_50.0_K_2_100.0_SNR_50.0_Q_0.5/simulation_1/ratio_sym_weighted_nobaseline_fit_results --profile_type sym --lines He4026,He4388,He4471
2025-01-06 09:15:16,881 - ERROR - run_ratio_constrained_fit.py failed (rc=1)
2025-01-06 09:15:16,881 - INFO - Retrying /Users/tomsayada/spectral_analysis_project/data/K_1_50.0_K_2_100.0_SNR_50.0_Q_0.5/simulation_1 (attempt 2)
2025-01-06 09:15:16,881 - INFO - Found 25 observation files in /Users/tomsayada/spectral_analysis_project/data/K_1_50.0_K_2_100.0_SNR_50.0_Q_0.5/simulation_1
2025-01-06 09:15:16,882 - INFO - Running command: /usr/local/bin/python3.13 /Users/tomsayada/spectral_analysis_project/src/run_ratio_constrained_fit.py --data_dir /Users/tomsayada/spectral_analysis_project/data/K_1_50.0_K_2_100.0_SNR_50.0_Q_0.5/simulation_1 --output_dir /Users/tomsayada/spectral_analysis_project/data/K_1_50.0_K_2_100.0_SNR_50.0_Q_0.5/simulation_1/ratio_sym_weighted_nobaseline_fit_results --profile_type sym --lines He4026,He4388,He4471
2025-01-06 09:15:17,812 - ERROR - run_ratio_constrained_fit.py failed (rc=1)
2025-01-06 09:15:17,812 - INFO - Retrying /Users/tomsayada/spectral_analysis_project/data/K_1_50.0_K_2_100.0_SNR_50.0_Q_0.5/simulation_1 (attempt 3)
2025-01-06 09:15:17,812 - INFO - Found 25 observation files in /Users/tomsayada/spectral_analysis_project/data/K_1_50.0_K_2_100.0_SNR_50.0_Q_0.5/simulation_1
2025-01-06 09:15:17,812 - INFO - Running command: /usr/local/bin/python3.13 /Users/tomsayada/spectral_analysis_project/src/run_ratio_constrained_fit.py --data_dir /Users/tomsayada/spectral_analysis_project/data/K_1_50.0_K_2_100.0_SNR_50.0_Q_0.5/simulation_1 --output_dir /Users/tomsayada/spectral_analysis_project/data/K_1_50.0_K_2_100.0_SNR_50.0_Q_0.5/simulation_1/ratio_sym_weighted_nobaseline_fit_results --profile_type sym --lines He4026,He4388,He4471
2025-01-06 09:15:18,702 - ERROR - run_ratio_constrained_fit.py failed (rc=1)
2025-01-06 09:15:18,703 - INFO - Found 25 observation files in /Users/tomsayada/spectral_analysis_project/data/K_1_50.0_K_2_100.0_SNR_50.0_Q_0.5/simulation_2
2025-01-06 09:15:18,703 - INFO - Running command: /usr/local/bin/python3.13 /Users/tomsayada/spectral_analysis_project/src/run_ratio_constrained_fit.py --data_dir /Users/tomsayada/spectral_analysis_project/data/K_1_50.0_K_2_100.0_SNR_50.0_Q_0.5/simulation_2 --output_dir /Users/tomsayada/spectral_analysis_project/data/K_1_50.0_K_2_100.0_SNR_50.0_Q_0.5/simulation_2/ratio_sym_weighted_nobaseline_fit_results --profile_type sym --lines He4026,He4388,He4471
2025-01-06 09:15:19,594 - ERROR - run_ratio_constrained_fit.py failed (rc=1)
2025-01-06 09:15:19,594 - INFO - Retrying /Users/tomsayada/spectral_analysis_project/data/K_1_50.0_K_2_100.0_SNR_50.0_Q_0.5/simulation_2 (attempt 1)
2025-01-06 09:15:19,594 - INFO - Found 25 observation files in /Users/tomsayada/spectral_analysis_project/data/K_1_50.0_K_2_100.0_SNR_50.0_Q_0.5/simulation_2
2025-01-06 09:15:19,595 - INFO - Running command: /usr/local/bin/python3.13 /Users/tomsayada/spectral_analysis_project/src/run_ratio_constrained_fit.py --data_dir /Users/tomsayada/spectral_analysis_project/data/K_1_50.0_K_2_100.0_SNR_50.0_Q_0.5/simulation_2 --output_dir /Users/tomsayada/spectral_analysis_project/data/K_1_50.0_K_2_100.0_SNR_50.0_Q_0.5/simulation_2/ratio_sym_weighted_nobaseline_fit_results --profile_type sym --lines He4026,He4388,He4471
2025-01-06 09:15:20,470 - ERROR - run_ratio_constrained_fit.py failed (rc=1)
2025-01-06 09:15:20,470 - INFO - Retrying /Users/tomsayada/spectral_analysis_project/data/K_1_50.0_K_2_100.0_SNR_50.0_Q_0.5/simulation_2 (attempt 2)
2025-01-06 09:15:20,470 - INFO - Found 25 observation files in /Users/tomsayada/spectral_analysis_project/data/K_1_50.0_K_2_100.0_SNR_50.0_Q_0.5/simulation_2
2025-01-06 09:15:20,470 - INFO - Running command: /usr/local/bin/python3.13 /Users/tomsayada/spectral_analysis_project/src/run_ratio_constrained_fit.py --data_dir /Users/tomsayada/spectral_analysis_project/data/K_1_50.0_K_2_100.0_SNR_50.0_Q_0.5/simulation_2 --output_dir /Users/tomsayada/spectral_analysis_project/data/K_1_50.0_K_2_100.0_SNR_50.0_Q_0.5/simulation_2/ratio_sym_weighted_nobaseline_fit_results --profile_type sym --lines He4026,He4388,He4471
2025-01-06 09:15:21,374 - ERROR - run_ratio_constrained_fit.py failed (rc=1)
2025-01-06 09:15:21,375 - INFO - Retrying /Users/tomsayada/spectral_analysis_project/data/K_1_50.0_K_2_100.0_SNR_50.0_Q_0.5/simulation_2 (attempt 3)
2025-01-06 09:15:21,375 - INFO - Found 25 observation files in /Users/tomsayada/spectral_analysis_project/data/K_1_50.0_K_2_100.0_SNR_50.0_Q_0.5/simulation_2
2025-01-06 09:15:21,375 - INFO - Running command: /usr/local/bin/python3.13 /Users/tomsayada/spectral_analysis_project/src/run_ratio_constrained_fit.py --data_dir /Users/tomsayada/spectral_analysis_project/data/K_1_50.0_K_2_100.0_SNR_50.0_Q_0.5/simulation_2 --output_dir /Users/tomsayada/spectral_analysis_project/data/K_1_50.0_K_2_100.0_SNR_50.0_Q_0.5/simulation_2/ratio_sym_weighted_nobaseline_fit_results --profile_type sym --lines He4026,He4388,He4471
2025-01-06 09:15:22,255 - ERROR - run_ratio_constrained_fit.py failed (rc=1)
2025-01-06 09:15:22,256 - INFO - Found 25 observation files in /Users/tomsayada/spectral_analysis_project/data/K_1_50.0_K_2_100.0_SNR_50.0_Q_0.5/simulation_3
2025-01-06 09:15:22,256 - INFO - Running command: /usr/local/bin/python3.13 /Users/tomsayada/spectral_analysis_project/src/run_ratio_constrained_fit.py --data_dir /Users/tomsayada/spectral_analysis_project/data/K_1_50.0_K_2_100.0_SNR_50.0_Q_0.5/simulation_3 --output_dir /Users/tomsayada/spectral_analysis_project/data/K_1_50.0_K_2_100.0_SNR_50.0_Q_0.5/simulation_3/ratio_sym_weighted_nobaseline_fit_results --profile_type sym --lines He4026,He4388,He4471
2025-01-06 09:15:23,156 - ERROR - run_ratio_constrained_fit.py failed (rc=1)
2025-01-06 09:15:23,156 - INFO - Retrying /Users/tomsayada/spectral_analysis_project/data/K_1_50.0_K_2_100.0_SNR_50.0_Q_0.5/simulation_3 (attempt 1)
2025-01-06 09:15:23,156 - INFO - Found 25 observation files in /Users/tomsayada/spectral_analysis_project/data/K_1_50.0_K_2_100.0_SNR_50.0_Q_0.5/simulation_3
2025-01-06 09:15:23,156 - INFO - Running command: /usr/local/bin/python3.13 /Users/tomsayada/spectral_analysis_project/src/run_ratio_constrained_fit.py --data_dir /Users/tomsayada/spectral_analysis_project/data/K_1_50.0_K_2_100.0_SNR_50.0_Q_0.5/simulation_3 --output_dir /Users/tomsayada/spectral_analysis_project/data/K_1_50.0_K_2_100.0_SNR_50.0_Q_0.5/simulation_3/ratio_sym_weighted_nobaseline_fit_results --profile_type sym --lines He4026,He4388,He4471
2025-01-06 09:15:24,199 - ERROR - run_ratio_constrained_fit.py failed (rc=1)
2025-01-06 09:15:24,199 - INFO - Retrying /Users/tomsayada/spectral_analysis_project/data/K_1_50.0_K_2_100.0_SNR_50.0_Q_0.5/simulation_3 (attempt 2)
2025-01-06 09:15:24,199 - INFO - Found 25 observation files in /Users/tomsayada/spectral_analysis_project/data/K_1_50.0_K_2_100.0_SNR_50.0_Q_0.5/simulation_3
2025-01-06 09:15:24,199 - INFO - Running command: /usr/local/bin/python3.13 /Users/tomsayada/spectral_analysis_project/src/run_ratio_constrained_fit.py --data_dir /Users/tomsayada/spectral_analysis_project/data/K_1_50.0_K_2_100.0_SNR_50.0_Q_0.5/simulation_3 --output_dir /Users/tomsayada/spectral_analysis_project/data/K_1_50.0_K_2_100.0_SNR_50.0_Q_0.5/simulation_3/ratio_sym_weighted_nobaseline_fit_results --profile_type sym --lines He4026,He4388,He4471
2025-01-06 09:15:25,088 - ERROR - run_ratio_constrained_fit.py failed (rc=1)
2025-01-06 09:15:25,088 - INFO - Retrying /Users/tomsayada/spectral_analysis_project/data/K_1_50.0_K_2_100.0_SNR_50.0_Q_0.5/simulation_3 (attempt 3)
2025-01-06 09:15:25,088 - INFO - Found 25 observation files in /Users/tomsayada/spectral_analysis_project/data/K_1_50.0_K_2_100.0_SNR_50.0_Q_0.5/simulation_3
2025-01-06 09:15:25,088 - INFO - Running command: /usr/local/bin/python3.13 /Users/tomsayada/spectral_analysis_project/src/run_ratio_constrained_fit.py --data_dir /Users/tomsayada/spectral_analysis_project/data/K_1_50.0_K_2_100.0_SNR_50.0_Q_0.5/simulation_3 --output_dir /Users/tomsayada/spectral_analysis_project/data/K_1_50.0_K_2_100.0_SNR_50.0_Q_0.5/simulation_3/ratio_sym_weighted_nobaseline_fit_results --profile_type sym --lines He4026,He4388,He4471
2025-01-06 09:15:25,975 - ERROR - run_ratio_constrained_fit.py failed (rc=1)
2025-01-06 09:15:25,975 - INFO - Found 25 observation files in /Users/tomsayada/spectral_analysis_project/data/K_1_50.0_K_2_100.0_SNR_50.0_Q_0.5/simulation_4
2025-01-06 09:15:25,975 - INFO - Running command: /usr/local/bin/python3.13 /Users/tomsayada/spectral_analysis_project/src/run_ratio_constrained_fit.py --data_dir /Users/tomsayada/spectral_analysis_project/data/K_1_50.0_K_2_100.0_SNR_50.0_Q_0.5/simulation_4 --output_dir /Users/tomsayada/spectral_analysis_project/data/K_1_50.0_K_2_100.0_SNR_50.0_Q_0.5/simulation_4/ratio_sym_weighted_nobaseline_fit_results --profile_type sym --lines He4026,He4388,He4471
2025-01-06 09:15:26,861 - ERROR - run_ratio_constrained_fit.py failed (rc=1)
2025-01-06 09:15:26,861 - INFO - Retrying /Users/tomsayada/spectral_analysis_project/data/K_1_50.0_K_2_100.0_SNR_50.0_Q_0.5/simulation_4 (attempt 1)
2025-01-06 09:15:26,861 - INFO - Found 25 observation files in /Users/tomsayada/spectral_analysis_project/data/K_1_50.0_K_2_100.0_SNR_50.0_Q_0.5/simulation_4
2025-01-06 09:15:26,861 - INFO - Running command: /usr/local/bin/python3.13 /Users/tomsayada/spectral_analysis_project/src/run_ratio_constrained_fit.py --data_dir /Users/tomsayada/spectral_analysis_project/data/K_1_50.0_K_2_100.0_SNR_50.0_Q_0.5/simulation_4 --output_dir /Users/tomsayada/spectral_analysis_project/data/K_1_50.0_K_2_100.0_SNR_50.0_Q_0.5/simulation_4/ratio_sym_weighted_nobaseline_fit_results --profile_type sym --lines He4026,He4388,He4471
2025-01-06 09:15:27,735 - ERROR - run_ratio_constrained_fit.py failed (rc=1)
2025-01-06 09:15:27,736 - INFO - Retrying /Users/tomsayada/spectral_analysis_project/data/K_1_50.0_K_2_100.0_SNR_50.0_Q_0.5/simulation_4 (attempt 2)
2025-01-06 09:15:27,736 - INFO - Found 25 observation files in /Users/tomsayada/spectral_analysis_project/data/K_1_50.0_K_2_100.0_SNR_50.0_Q_0.5/simulation_4
2025-01-06 09:15:27,736 - INFO - Running command: /usr/local/bin/python3.13 /Users/tomsayada/spectral_analysis_project/src/run_ratio_constrained_fit.py --data_dir /Users/tomsayada/spectral_analysis_project/data/K_1_50.0_K_2_100.0_SNR_50.0_Q_0.5/simulation_4 --output_dir /Users/tomsayada/spectral_analysis_project/data/K_1_50.0_K_2_100.0_SNR_50.0_Q_0.5/simulation_4/ratio_sym_weighted_nobaseline_fit_results --profile_type sym --lines He4026,He4388,He4471
2025-01-06 09:15:28,615 - ERROR - run_ratio_constrained_fit.py failed (rc=1)
2025-01-06 09:15:28,615 - INFO - Retrying /Users/tomsayada/spectral_analysis_project/data/K_1_50.0_K_2_100.0_SNR_50.0_Q_0.5/simulation_4 (attempt 3)
2025-01-06 09:15:28,615 - INFO - Found 25 observation files in /Users/tomsayada/spectral_analysis_project/data/K_1_50.0_K_2_100.0_SNR_50.0_Q_0.5/simulation_4
2025-01-06 09:15:28,616 - INFO - Running command: /usr/local/bin/python3.13 /Users/tomsayada/spectral_analysis_project/src/run_ratio_constrained_fit.py --data_dir /Users/tomsayada/spectral_analysis_project/data/K_1_50.0_K_2_100.0_SNR_50.0_Q_0.5/simulation_4 --output_dir /Users/tomsayada/spectral_analysis_project/data/K_1_50.0_K_2_100.0_SNR_50.0_Q_0.5/simulation_4/ratio_sym_weighted_nobaseline_fit_results --profile_type sym --lines He4026,He4388,He4471
2025-01-06 09:15:29,499 - ERROR - run_ratio_constrained_fit.py failed (rc=1)
2025-01-06 09:15:29,499 - INFO - Found 25 observation files in /Users/tomsayada/spectral_analysis_project/data/K_1_50.0_K_2_100.0_SNR_50.0_Q_0.5/simulation_5
2025-01-06 09:15:29,499 - INFO - Running command: /usr/local/bin/python3.13 /Users/tomsayada/spectral_analysis_project/src/run_ratio_constrained_fit.py --data_dir /Users/tomsayada/spectral_analysis_project/data/K_1_50.0_K_2_100.0_SNR_50.0_Q_0.5/simulation_5 --output_dir /Users/tomsayada/spectral_analysis_project/data/K_1_50.0_K_2_100.0_SNR_50.0_Q_0.5/simulation_5/ratio_sym_weighted_nobaseline_fit_results --profile_type sym --lines He4026,He4388,He4471
2025-01-06 09:15:30,391 - ERROR - run_ratio_constrained_fit.py failed (rc=1)
2025-01-06 09:15:30,392 - INFO - Retrying /Users/tomsayada/spectral_analysis_project/data/K_1_50.0_K_2_100.0_SNR_50.0_Q_0.5/simulation_5 (attempt 1)
2025-01-06 09:15:30,392 - INFO - Found 25 observation files in /Users/tomsayada/spectral_analysis_project/data/K_1_50.0_K_2_100.0_SNR_50.0_Q_0.5/simulation_5
2025-01-06 09:15:30,392 - INFO - Running command: /usr/local/bin/python3.13 /Users/tomsayada/spectral_analysis_project/src/run_ratio_constrained_fit.py --data_dir /Users/tomsayada/spectral_analysis_project/data/K_1_50.0_K_2_100.0_SNR_50.0_Q_0.5/simulation_5 --output_dir /Users/tomsayada/spectral_analysis_project/data/K_1_50.0_K_2_100.0_SNR_50.0_Q_0.5/simulation_5/ratio_sym_weighted_nobaseline_fit_results --profile_type sym --lines He4026,He4388,He4471
2025-01-06 09:15:31,280 - ERROR - run_ratio_constrained_fit.py failed (rc=1)
2025-01-06 09:15:31,280 - INFO - Retrying /Users/tomsayada/spectral_analysis_project/data/K_1_50.0_K_2_100.0_SNR_50.0_Q_0.5/simulation_5 (attempt 2)
2025-01-06 09:15:31,280 - INFO - Found 25 observation files in /Users/tomsayada/spectral_analysis_project/data/K_1_50.0_K_2_100.0_SNR_50.0_Q_0.5/simulation_5
2025-01-06 09:15:31,280 - INFO - Running command: /usr/local/bin/python3.13 /Users/tomsayada/spectral_analysis_project/src/run_ratio_constrained_fit.py --data_dir /Users/tomsayada/spectral_analysis_project/data/K_1_50.0_K_2_100.0_SNR_50.0_Q_0.5/simulation_5 --output_dir /Users/tomsayada/spectral_analysis_project/data/K_1_50.0_K_2_100.0_SNR_50.0_Q_0.5/simulation_5/ratio_sym_weighted_nobaseline_fit_results --profile_type sym --lines He4026,He4388,He4471
2025-01-06 09:15:32,159 - ERROR - run_ratio_constrained_fit.py failed (rc=1)
2025-01-06 09:15:32,159 - INFO - Retrying /Users/tomsayada/spectral_analysis_project/data/K_1_50.0_K_2_100.0_SNR_50.0_Q_0.5/simulation_5 (attempt 3)
2025-01-06 09:15:32,159 - INFO - Found 25 observation files in /Users/tomsayada/spectral_analysis_project/data/K_1_50.0_K_2_100.0_SNR_50.0_Q_0.5/simulation_5
2025-01-06 09:15:32,160 - INFO - Running command: /usr/local/bin/python3.13 /Users/tomsayada/spectral_analysis_project/src/run_ratio_constrained_fit.py --data_dir /Users/tomsayada/spectral_analysis_project/data/K_1_50.0_K_2_100.0_SNR_50.0_Q_0.5/simulation_5 --output_dir /Users/tomsayada/spectral_analysis_project/data/K_1_50.0_K_2_100.0_SNR_50.0_Q_0.5/simulation_5/ratio_sym_weighted_nobaseline_fit_results --profile_type sym --lines He4026,He4388,He4471
2025-01-06 09:15:33,070 - ERROR - run_ratio_constrained_fit.py failed (rc=1)
2025-01-06 09:15:33,070 - INFO - Found 25 observation files in /Users/tomsayada/spectral_analysis_project/data/K_1_50.0_K_2_100.0_SNR_50.0_Q_0.5/simulation_6
2025-01-06 09:15:33,070 - INFO - Running command: /usr/local/bin/python3.13 /Users/tomsayada/spectral_analysis_project/src/run_ratio_constrained_fit.py --data_dir /Users/tomsayada/spectral_analysis_project/data/K_1_50.0_K_2_100.0_SNR_50.0_Q_0.5/simulation_6 --output_dir /Users/tomsayada/spectral_analysis_project/data/K_1_50.0_K_2_100.0_SNR_50.0_Q_0.5/simulation_6/ratio_sym_weighted_nobaseline_fit_results --profile_type sym --lines He4026,He4388,He4471
2025-01-06 09:15:33,990 - ERROR - run_ratio_constrained_fit.py failed (rc=1)
2025-01-06 09:15:33,990 - INFO - Retrying /Users/tomsayada/spectral_analysis_project/data/K_1_50.0_K_2_100.0_SNR_50.0_Q_0.5/simulation_6 (attempt 1)
2025-01-06 09:15:33,990 - INFO - Found 25 observation files in /Users/tomsayada/spectral_analysis_project/data/K_1_50.0_K_2_100.0_SNR_50.0_Q_0.5/simulation_6
2025-01-06 09:15:33,990 - INFO - Running command: /usr/local/bin/python3.13 /Users/tomsayada/spectral_analysis_project/src/run_ratio_constrained_fit.py --data_dir /Users/tomsayada/spectral_analysis_project/data/K_1_50.0_K_2_100.0_SNR_50.0_Q_0.5/simulation_6 --output_dir /Users/tomsayada/spectral_analysis_project/data/K_1_50.0_K_2_100.0_SNR_50.0_Q_0.5/simulation_6/ratio_sym_weighted_nobaseline_fit_results --profile_type sym --lines He4026,He4388,He4471
2025-01-06 09:15:34,875 - ERROR - run_ratio_constrained_fit.py failed (rc=1)
2025-01-06 09:15:34,875 - INFO - Retrying /Users/tomsayada/spectral_analysis_project/data/K_1_50.0_K_2_100.0_SNR_50.0_Q_0.5/simulation_6 (attempt 2)
2025-01-06 09:15:34,875 - INFO - Found 25 observation files in /Users/tomsayada/spectral_analysis_project/data/K_1_50.0_K_2_100.0_SNR_50.0_Q_0.5/simulation_6
2025-01-06 09:15:34,875 - INFO - Running command: /usr/local/bin/python3.13 /Users/tomsayada/spectral_analysis_project/src/run_ratio_constrained_fit.py --data_dir /Users/tomsayada/spectral_analysis_project/data/K_1_50.0_K_2_100.0_SNR_50.0_Q_0.5/simulation_6 --output_dir /Users/tomsayada/spectral_analysis_project/data/K_1_50.0_K_2_100.0_SNR_50.0_Q_0.5/simulation_6/ratio_sym_weighted_nobaseline_fit_results --profile_type sym --lines He4026,He4388,He4471
2025-01-06 09:15:35,754 - ERROR - run_ratio_constrained_fit.py failed (rc=1)
2025-01-06 09:15:35,754 - INFO - Retrying /Users/tomsayada/spectral_analysis_project/data/K_1_50.0_K_2_100.0_SNR_50.0_Q_0.5/simulation_6 (attempt 3)
2025-01-06 09:15:35,754 - INFO - Found 25 observation files in /Users/tomsayada/spectral_analysis_project/data/K_1_50.0_K_2_100.0_SNR_50.0_Q_0.5/simulation_6
2025-01-06 09:15:35,754 - INFO - Running command: /usr/local/bin/python3.13 /Users/tomsayada/spectral_analysis_project/src/run_ratio_constrained_fit.py --data_dir /Users/tomsayada/spectral_analysis_project/data/K_1_50.0_K_2_100.0_SNR_50.0_Q_0.5/simulation_6 --output_dir /Users/tomsayada/spectral_analysis_project/data/K_1_50.0_K_2_100.0_SNR_50.0_Q_0.5/simulation_6/ratio_sym_weighted_nobaseline_fit_results --profile_type sym --lines He4026,He4388,He4471
2025-01-06 09:15:36,636 - ERROR - run_ratio_constrained_fit.py failed (rc=1)
2025-01-06 09:15:36,637 - INFO - Found 25 observation files in /Users/tomsayada/spectral_analysis_project/data/K_1_50.0_K_2_100.0_SNR_50.0_Q_0.5/simulation_7
2025-01-06 09:15:36,637 - INFO - Running command: /usr/local/bin/python3.13 /Users/tomsayada/spectral_analysis_project/src/run_ratio_constrained_fit.py --data_dir /Users/tomsayada/spectral_analysis_project/data/K_1_50.0_K_2_100.0_SNR_50.0_Q_0.5/simulation_7 --output_dir /Users/tomsayada/spectral_analysis_project/data/K_1_50.0_K_2_100.0_SNR_50.0_Q_0.5/simulation_7/ratio_sym_weighted_nobaseline_fit_results --profile_type sym --lines He4026,He4388,He4471
2025-01-06 09:15:37,520 - ERROR - run_ratio_constrained_fit.py failed (rc=1)
2025-01-06 09:15:37,520 - INFO - Retrying /Users/tomsayada/spectral_analysis_project/data/K_1_50.0_K_2_100.0_SNR_50.0_Q_0.5/simulation_7 (attempt 1)
2025-01-06 09:15:37,520 - INFO - Found 25 observation files in /Users/tomsayada/spectral_analysis_project/data/K_1_50.0_K_2_100.0_SNR_50.0_Q_0.5/simulation_7
2025-01-06 09:15:37,520 - INFO - Running command: /usr/local/bin/python3.13 /Users/tomsayada/spectral_analysis_project/src/run_ratio_constrained_fit.py --data_dir /Users/tomsayada/spectral_analysis_project/data/K_1_50.0_K_2_100.0_SNR_50.0_Q_0.5/simulation_7 --output_dir /Users/tomsayada/spectral_analysis_project/data/K_1_50.0_K_2_100.0_SNR_50.0_Q_0.5/simulation_7/ratio_sym_weighted_nobaseline_fit_results --profile_type sym --lines He4026,He4388,He4471
2025-01-06 09:15:38,404 - ERROR - run_ratio_constrained_fit.py failed (rc=1)
2025-01-06 09:15:38,404 - INFO - Retrying /Users/tomsayada/spectral_analysis_project/data/K_1_50.0_K_2_100.0_SNR_50.0_Q_0.5/simulation_7 (attempt 2)
2025-01-06 09:15:38,404 - INFO - Found 25 observation files in /Users/tomsayada/spectral_analysis_project/data/K_1_50.0_K_2_100.0_SNR_50.0_Q_0.5/simulation_7
2025-01-06 09:15:38,404 - INFO - Running command: /usr/local/bin/python3.13 /Users/tomsayada/spectral_analysis_project/src/run_ratio_constrained_fit.py --data_dir /Users/tomsayada/spectral_analysis_project/data/K_1_50.0_K_2_100.0_SNR_50.0_Q_0.5/simulation_7 --output_dir /Users/tomsayada/spectral_analysis_project/data/K_1_50.0_K_2_100.0_SNR_50.0_Q_0.5/simulation_7/ratio_sym_weighted_nobaseline_fit_results --profile_type sym --lines He4026,He4388,He4471
2025-01-06 09:15:39,286 - ERROR - run_ratio_constrained_fit.py failed (rc=1)
2025-01-06 09:15:39,286 - INFO - Retrying /Users/tomsayada/spectral_analysis_project/data/K_1_50.0_K_2_100.0_SNR_50.0_Q_0.5/simulation_7 (attempt 3)
2025-01-06 09:15:39,286 - INFO - Found 25 observation files in /Users/tomsayada/spectral_analysis_project/data/K_1_50.0_K_2_100.0_SNR_50.0_Q_0.5/simulation_7
2025-01-06 09:15:39,286 - INFO - Running command: /usr/local/bin/python3.13 /Users/tomsayada/spectral_analysis_project/src/run_ratio_constrained_fit.py --data_dir /Users/tomsayada/spectral_analysis_project/data/K_1_50.0_K_2_100.0_SNR_50.0_Q_0.5/simulation_7 --output_dir /Users/tomsayada/spectral_analysis_project/data/K_1_50.0_K_2_100.0_SNR_50.0_Q_0.5/simulation_7/ratio_sym_weighted_nobaseline_fit_results --profile_type sym --lines He4026,He4388,He4471
2025-01-06 09:31:49,137 - ERROR - run_ratio_constrained_fit.py failed (rc=1)
2025-01-06 09:31:49,137 - INFO - Found 25 observation files in /Users/tomsayada/spectral_analysis_project/data/K_1_50.0_K_2_100.0_SNR_50.0_Q_0.5/simulation_8
2025-01-06 09:31:49,137 - INFO - Running command: /usr/local/bin/python3.13 /Users/tomsayada/spectral_analysis_project/src/run_ratio_constrained_fit.py --data_dir /Users/tomsayada/spectral_analysis_project/data/K_1_50.0_K_2_100.0_SNR_50.0_Q_0.5/simulation_8 --output_dir /Users/tomsayada/spectral_analysis_project/data/K_1_50.0_K_2_100.0_SNR_50.0_Q_0.5/simulation_8/ratio_sym_weighted_nobaseline_fit_results --profile_type sym --lines He4026,He4388,He4471
2025-01-06 09:31:50,042 - ERROR - run_ratio_constrained_fit.py failed (rc=1)
2025-01-06 09:31:50,042 - INFO - Retrying /Users/tomsayada/spectral_analysis_project/data/K_1_50.0_K_2_100.0_SNR_50.0_Q_0.5/simulation_8 (attempt 1)
2025-01-06 09:31:50,042 - INFO - Found 25 observation files in /Users/tomsayada/spectral_analysis_project/data/K_1_50.0_K_2_100.0_SNR_50.0_Q_0.5/simulation_8
2025-01-06 09:31:50,042 - INFO - Running command: /usr/local/bin/python3.13 /Users/tomsayada/spectral_analysis_project/src/run_ratio_constrained_fit.py --data_dir /Users/tomsayada/spectral_analysis_project/data/K_1_50.0_K_2_100.0_SNR_50.0_Q_0.5/simulation_8 --output_dir /Users/tomsayada/spectral_analysis_project/data/K_1_50.0_K_2_100.0_SNR_50.0_Q_0.5/simulation_8/ratio_sym_weighted_nobaseline_fit_results --profile_type sym --lines He4026,He4388,He4471
2025-01-06 09:31:50,938 - ERROR - run_ratio_constrained_fit.py failed (rc=1)
2025-01-06 09:31:50,938 - INFO - Retrying /Users/tomsayada/spectral_analysis_project/data/K_1_50.0_K_2_100.0_SNR_50.0_Q_0.5/simulation_8 (attempt 2)
2025-01-06 09:31:50,938 - INFO - Found 25 observation files in /Users/tomsayada/spectral_analysis_project/data/K_1_50.0_K_2_100.0_SNR_50.0_Q_0.5/simulation_8
2025-01-06 09:31:50,938 - INFO - Running command: /usr/local/bin/python3.13 /Users/tomsayada/spectral_analysis_project/src/run_ratio_constrained_fit.py --data_dir /Users/tomsayada/spectral_analysis_project/data/K_1_50.0_K_2_100.0_SNR_50.0_Q_0.5/simulation_8 --output_dir /Users/tomsayada/spectral_analysis_project/data/K_1_50.0_K_2_100.0_SNR_50.0_Q_0.5/simulation_8/ratio_sym_weighted_nobaseline_fit_results --profile_type sym --lines He4026,He4388,He4471
2025-01-06 09:31:51,813 - ERROR - run_ratio_constrained_fit.py failed (rc=1)
2025-01-06 09:31:51,814 - INFO - Retrying /Users/tomsayada/spectral_analysis_project/data/K_1_50.0_K_2_100.0_SNR_50.0_Q_0.5/simulation_8 (attempt 3)
2025-01-06 09:31:51,814 - INFO - Found 25 observation files in /Users/tomsayada/spectral_analysis_project/data/K_1_50.0_K_2_100.0_SNR_50.0_Q_0.5/simulation_8
2025-01-06 09:31:51,814 - INFO - Running command: /usr/local/bin/python3.13 /Users/tomsayada/spectral_analysis_project/src/run_ratio_constrained_fit.py --data_dir /Users/tomsayada/spectral_analysis_project/data/K_1_50.0_K_2_100.0_SNR_50.0_Q_0.5/simulation_8 --output_dir /Users/tomsayada/spectral_analysis_project/data/K_1_50.0_K_2_100.0_SNR_50.0_Q_0.5/simulation_8/ratio_sym_weighted_nobaseline_fit_results --profile_type sym --lines He4026,He4388,He4471
2025-01-06 09:31:52,726 - ERROR - run_ratio_constrained_fit.py failed (rc=1)
2025-01-06 09:31:52,728 - INFO - Found 25 observation files in /Users/tomsayada/spectral_analysis_project/data/K_1_50.0_K_2_100.0_SNR_50.0_Q_0.5/simulation_9
2025-01-06 09:31:52,728 - INFO - Running command: /usr/local/bin/python3.13 /Users/tomsayada/spectral_analysis_project/src/run_ratio_constrained_fit.py --data_dir /Users/tomsayada/spectral_analysis_project/data/K_1_50.0_K_2_100.0_SNR_50.0_Q_0.5/simulation_9 --output_dir /Users/tomsayada/spectral_analysis_project/data/K_1_50.0_K_2_100.0_SNR_50.0_Q_0.5/simulation_9/ratio_sym_weighted_nobaseline_fit_results --profile_type sym --lines He4026,He4388,He4471
2025-01-06 09:31:54,655 - ERROR - run_ratio_constrained_fit.py failed (rc=1)
2025-01-06 09:31:54,655 - INFO - Retrying /Users/tomsayada/spectral_analysis_project/data/K_1_50.0_K_2_100.0_SNR_50.0_Q_0.5/simulation_9 (attempt 1)
2025-01-06 09:31:54,656 - INFO - Found 25 observation files in /Users/tomsayada/spectral_analysis_project/data/K_1_50.0_K_2_100.0_SNR_50.0_Q_0.5/simulation_9
2025-01-06 09:31:54,656 - INFO - Running command: /usr/local/bin/python3.13 /Users/tomsayada/spectral_analysis_project/src/run_ratio_constrained_fit.py --data_dir /Users/tomsayada/spectral_analysis_project/data/K_1_50.0_K_2_100.0_SNR_50.0_Q_0.5/simulation_9 --output_dir /Users/tomsayada/spectral_analysis_project/data/K_1_50.0_K_2_100.0_SNR_50.0_Q_0.5/simulation_9/ratio_sym_weighted_nobaseline_fit_results --profile_type sym --lines He4026,He4388,He4471
2025-01-06 09:31:56,950 - ERROR - run_ratio_constrained_fit.py failed (rc=1)
2025-01-06 09:31:56,950 - INFO - Retrying /Users/tomsayada/spectral_analysis_project/data/K_1_50.0_K_2_100.0_SNR_50.0_Q_0.5/simulation_9 (attempt 2)
2025-01-06 09:31:56,950 - INFO - Found 25 observation files in /Users/tomsayada/spectral_analysis_project/data/K_1_50.0_K_2_100.0_SNR_50.0_Q_0.5/simulation_9
2025-01-06 09:31:56,950 - INFO - Running command: /usr/local/bin/python3.13 /Users/tomsayada/spectral_analysis_project/src/run_ratio_constrained_fit.py --data_dir /Users/tomsayada/spectral_analysis_project/data/K_1_50.0_K_2_100.0_SNR_50.0_Q_0.5/simulation_9 --output_dir /Users/tomsayada/spectral_analysis_project/data/K_1_50.0_K_2_100.0_SNR_50.0_Q_0.5/simulation_9/ratio_sym_weighted_nobaseline_fit_results --profile_type sym --lines He4026,He4388,He4471
2025-01-06 09:31:57,807 - ERROR - run_ratio_constrained_fit.py failed (rc=1)
2025-01-06 09:31:57,807 - INFO - Retrying /Users/tomsayada/spectral_analysis_project/data/K_1_50.0_K_2_100.0_SNR_50.0_Q_0.5/simulation_9 (attempt 3)
2025-01-06 09:31:57,807 - INFO - Found 25 observation files in /Users/tomsayada/spectral_analysis_project/data/K_1_50.0_K_2_100.0_SNR_50.0_Q_0.5/simulation_9
2025-01-06 09:31:57,807 - INFO - Running command: /usr/local/bin/python3.13 /Users/tomsayada/spectral_analysis_project/src/run_ratio_constrained_fit.py --data_dir /Users/tomsayada/spectral_analysis_project/data/K_1_50.0_K_2_100.0_SNR_50.0_Q_0.5/simulation_9 --output_dir /Users/tomsayada/spectral_analysis_project/data/K_1_50.0_K_2_100.0_SNR_50.0_Q_0.5/simulation_9/ratio_sym_weighted_nobaseline_fit_results --profile_type sym --lines He4026,He4388,He4471
2025-01-06 09:31:58,676 - ERROR - run_ratio_constrained_fit.py failed (rc=1)
2025-01-06 09:31:58,677 - INFO - Found 25 observation files in /Users/tomsayada/spectral_analysis_project/data/K_1_50.0_K_2_100.0_SNR_50.0_Q_0.5/simulation_10
2025-01-06 09:31:58,677 - INFO - Running command: /usr/local/bin/python3.13 /Users/tomsayada/spectral_analysis_project/src/run_ratio_constrained_fit.py --data_dir /Users/tomsayada/spectral_analysis_project/data/K_1_50.0_K_2_100.0_SNR_50.0_Q_0.5/simulation_10 --output_dir /Users/tomsayada/spectral_analysis_project/data/K_1_50.0_K_2_100.0_SNR_50.0_Q_0.5/simulation_10/ratio_sym_weighted_nobaseline_fit_results --profile_type sym --lines He4026,He4388,He4471
2025-01-06 09:31:59,584 - ERROR - run_ratio_constrained_fit.py failed (rc=1)
2025-01-06 09:31:59,585 - INFO - Retrying /Users/tomsayada/spectral_analysis_project/data/K_1_50.0_K_2_100.0_SNR_50.0_Q_0.5/simulation_10 (attempt 1)
2025-01-06 09:31:59,585 - INFO - Found 25 observation files in /Users/tomsayada/spectral_analysis_project/data/K_1_50.0_K_2_100.0_SNR_50.0_Q_0.5/simulation_10
2025-01-06 09:31:59,585 - INFO - Running command: /usr/local/bin/python3.13 /Users/tomsayada/spectral_analysis_project/src/run_ratio_constrained_fit.py --data_dir /Users/tomsayada/spectral_analysis_project/data/K_1_50.0_K_2_100.0_SNR_50.0_Q_0.5/simulation_10 --output_dir /Users/tomsayada/spectral_analysis_project/data/K_1_50.0_K_2_100.0_SNR_50.0_Q_0.5/simulation_10/ratio_sym_weighted_nobaseline_fit_results --profile_type sym --lines He4026,He4388,He4471
2025-01-06 09:32:00,498 - ERROR - run_ratio_constrained_fit.py failed (rc=1)
2025-01-06 09:32:00,498 - INFO - Retrying /Users/tomsayada/spectral_analysis_project/data/K_1_50.0_K_2_100.0_SNR_50.0_Q_0.5/simulation_10 (attempt 2)
2025-01-06 09:32:00,498 - INFO - Found 25 observation files in /Users/tomsayada/spectral_analysis_project/data/K_1_50.0_K_2_100.0_SNR_50.0_Q_0.5/simulation_10
2025-01-06 09:32:00,498 - INFO - Running command: /usr/local/bin/python3.13 /Users/tomsayada/spectral_analysis_project/src/run_ratio_constrained_fit.py --data_dir /Users/tomsayada/spectral_analysis_project/data/K_1_50.0_K_2_100.0_SNR_50.0_Q_0.5/simulation_10 --output_dir /Users/tomsayada/spectral_analysis_project/data/K_1_50.0_K_2_100.0_SNR_50.0_Q_0.5/simulation_10/ratio_sym_weighted_nobaseline_fit_results --profile_type sym --lines He4026,He4388,He4471
2025-01-06 09:32:01,421 - ERROR - run_ratio_constrained_fit.py failed (rc=1)
2025-01-06 09:32:01,421 - INFO - Retrying /Users/tomsayada/spectral_analysis_project/data/K_1_50.0_K_2_100.0_SNR_50.0_Q_0.5/simulation_10 (attempt 3)
2025-01-06 09:32:01,421 - INFO - Found 25 observation files in /Users/tomsayada/spectral_analysis_project/data/K_1_50.0_K_2_100.0_SNR_50.0_Q_0.5/simulation_10
2025-01-06 09:32:01,421 - INFO - Running command: /usr/local/bin/python3.13 /Users/tomsayada/spectral_analysis_project/src/run_ratio_constrained_fit.py --data_dir /Users/tomsayada/spectral_analysis_project/data/K_1_50.0_K_2_100.0_SNR_50.0_Q_0.5/simulation_10 --output_dir /Users/tomsayada/spectral_analysis_project/data/K_1_50.0_K_2_100.0_SNR_50.0_Q_0.5/simulation_10/ratio_sym_weighted_nobaseline_fit_results --profile_type sym --lines He4026,He4388,He4471
2025-01-06 09:32:02,347 - ERROR - run_ratio_constrained_fit.py failed (rc=1)
2025-01-06 09:32:02,348 - INFO - Analysis complete => 0/10 successful
2025-01-06 09:32:02,348 - INFO - Saved summary: /Users/tomsayada/spectral_analysis_project/data/K_1_50.0_K_2_100.0_SNR_50.0_Q_0.5/analysis_results_20250106_091514/analysis_summary.json
2025-01-06 09:32:02,348 - WARNING - Some folders failed; check logs or analysis_summary.json
2025-01-06 10:08:13,515 - INFO - File browser disabled => using DATA_FOLDER directly
2025-01-06 10:08:13,516 - INFO - Data folder set to: /Users/tomsayada/spectral_analysis_project/data/obs
2025-01-06 10:08:13,516 - INFO - Base output: /Users/tomsayada/spectral_analysis_project/data/obs/analysis_results_20250106_100813
2025-01-06 10:08:13,520 - WARNING - No observation files found in /Users/tomsayada/spectral_analysis_project/data/obs
2025-01-06 10:08:13,520 - INFO - Analysis complete => 0/1 successful
2025-01-06 10:08:13,521 - INFO - Saved summary: /Users/tomsayada/spectral_analysis_project/data/obs/analysis_results_20250106_100813/analysis_summary.json
2025-01-06 10:08:13,521 - WARNING - Some folders failed; check logs or analysis_summary.json
2025-01-06 10:13:50,128 - INFO - Select the parent data folder:
2025-01-06 10:14:04,691 - INFO - User selected folder: /Users/tomsayada/spectral_analysis_project/data/K_1_50.0_K_2_100.0_SNR_50.0_Q_0.5
2025-01-06 10:14:04,691 - INFO - Data folder set to: /Users/tomsayada/spectral_analysis_project/data/K_1_50.0_K_2_100.0_SNR_50.0_Q_0.5
2025-01-06 10:14:04,692 - INFO - Base output: /Users/tomsayada/spectral_analysis_project/data/K_1_50.0_K_2_100.0_SNR_50.0_Q_0.5/analysis_results_20250106_101404
2025-01-06 10:14:04,704 - INFO - Found 25 observation files in /Users/tomsayada/spectral_analysis_project/data/K_1_50.0_K_2_100.0_SNR_50.0_Q_0.5/simulation_1
2025-01-06 10:14:04,704 - INFO - Running command: /usr/local/bin/python3.13 /Users/tomsayada/spectral_analysis_project/src/run_ratio_constrained_fit.py --data_dir /Users/tomsayada/spectral_analysis_project/data/K_1_50.0_K_2_100.0_SNR_50.0_Q_0.5/simulation_1 --output_dir /Users/tomsayada/spectral_analysis_project/data/K_1_50.0_K_2_100.0_SNR_50.0_Q_0.5/simulation_1/ratio_sym_weighted_nobaseline_fit_results --profile_type sym --lines He4026,He4388,He4471
2025-01-06 10:14:05,961 - ERROR - run_ratio_constrained_fit.py failed (rc=1)
2025-01-06 10:14:05,961 - INFO - Retrying /Users/tomsayada/spectral_analysis_project/data/K_1_50.0_K_2_100.0_SNR_50.0_Q_0.5/simulation_1 (attempt 1)
2025-01-06 10:14:05,962 - INFO - Found 25 observation files in /Users/tomsayada/spectral_analysis_project/data/K_1_50.0_K_2_100.0_SNR_50.0_Q_0.5/simulation_1
2025-01-06 10:14:05,962 - INFO - Running command: /usr/local/bin/python3.13 /Users/tomsayada/spectral_analysis_project/src/run_ratio_constrained_fit.py --data_dir /Users/tomsayada/spectral_analysis_project/data/K_1_50.0_K_2_100.0_SNR_50.0_Q_0.5/simulation_1 --output_dir /Users/tomsayada/spectral_analysis_project/data/K_1_50.0_K_2_100.0_SNR_50.0_Q_0.5/simulation_1/ratio_sym_weighted_nobaseline_fit_results --profile_type sym --lines He4026,He4388,He4471
2025-01-06 10:14:06,873 - ERROR - run_ratio_constrained_fit.py failed (rc=1)
2025-01-06 10:14:06,873 - INFO - Retrying /Users/tomsayada/spectral_analysis_project/data/K_1_50.0_K_2_100.0_SNR_50.0_Q_0.5/simulation_1 (attempt 2)
2025-01-06 10:14:06,873 - INFO - Found 25 observation files in /Users/tomsayada/spectral_analysis_project/data/K_1_50.0_K_2_100.0_SNR_50.0_Q_0.5/simulation_1
2025-01-06 10:14:06,873 - INFO - Running command: /usr/local/bin/python3.13 /Users/tomsayada/spectral_analysis_project/src/run_ratio_constrained_fit.py --data_dir /Users/tomsayada/spectral_analysis_project/data/K_1_50.0_K_2_100.0_SNR_50.0_Q_0.5/simulation_1 --output_dir /Users/tomsayada/spectral_analysis_project/data/K_1_50.0_K_2_100.0_SNR_50.0_Q_0.5/simulation_1/ratio_sym_weighted_nobaseline_fit_results --profile_type sym --lines He4026,He4388,He4471
2025-01-06 10:14:07,921 - ERROR - run_ratio_constrained_fit.py failed (rc=1)
2025-01-06 10:14:07,921 - INFO - Retrying /Users/tomsayada/spectral_analysis_project/data/K_1_50.0_K_2_100.0_SNR_50.0_Q_0.5/simulation_1 (attempt 3)
2025-01-06 10:14:07,921 - INFO - Found 25 observation files in /Users/tomsayada/spectral_analysis_project/data/K_1_50.0_K_2_100.0_SNR_50.0_Q_0.5/simulation_1
2025-01-06 10:14:07,922 - INFO - Running command: /usr/local/bin/python3.13 /Users/tomsayada/spectral_analysis_project/src/run_ratio_constrained_fit.py --data_dir /Users/tomsayada/spectral_analysis_project/data/K_1_50.0_K_2_100.0_SNR_50.0_Q_0.5/simulation_1 --output_dir /Users/tomsayada/spectral_analysis_project/data/K_1_50.0_K_2_100.0_SNR_50.0_Q_0.5/simulation_1/ratio_sym_weighted_nobaseline_fit_results --profile_type sym --lines He4026,He4388,He4471
2025-01-06 10:14:08,826 - ERROR - run_ratio_constrained_fit.py failed (rc=1)
2025-01-06 10:14:08,827 - INFO - Found 25 observation files in /Users/tomsayada/spectral_analysis_project/data/K_1_50.0_K_2_100.0_SNR_50.0_Q_0.5/simulation_2
2025-01-06 10:14:08,827 - INFO - Running command: /usr/local/bin/python3.13 /Users/tomsayada/spectral_analysis_project/src/run_ratio_constrained_fit.py --data_dir /Users/tomsayada/spectral_analysis_project/data/K_1_50.0_K_2_100.0_SNR_50.0_Q_0.5/simulation_2 --output_dir /Users/tomsayada/spectral_analysis_project/data/K_1_50.0_K_2_100.0_SNR_50.0_Q_0.5/simulation_2/ratio_sym_weighted_nobaseline_fit_results --profile_type sym --lines He4026,He4388,He4471
2025-01-06 10:14:09,737 - ERROR - run_ratio_constrained_fit.py failed (rc=1)
2025-01-06 10:14:09,737 - INFO - Retrying /Users/tomsayada/spectral_analysis_project/data/K_1_50.0_K_2_100.0_SNR_50.0_Q_0.5/simulation_2 (attempt 1)
2025-01-06 10:14:09,737 - INFO - Found 25 observation files in /Users/tomsayada/spectral_analysis_project/data/K_1_50.0_K_2_100.0_SNR_50.0_Q_0.5/simulation_2
2025-01-06 10:14:09,737 - INFO - Running command: /usr/local/bin/python3.13 /Users/tomsayada/spectral_analysis_project/src/run_ratio_constrained_fit.py --data_dir /Users/tomsayada/spectral_analysis_project/data/K_1_50.0_K_2_100.0_SNR_50.0_Q_0.5/simulation_2 --output_dir /Users/tomsayada/spectral_analysis_project/data/K_1_50.0_K_2_100.0_SNR_50.0_Q_0.5/simulation_2/ratio_sym_weighted_nobaseline_fit_results --profile_type sym --lines He4026,He4388,He4471
2025-01-06 10:14:10,637 - ERROR - run_ratio_constrained_fit.py failed (rc=1)
2025-01-06 10:14:10,638 - INFO - Retrying /Users/tomsayada/spectral_analysis_project/data/K_1_50.0_K_2_100.0_SNR_50.0_Q_0.5/simulation_2 (attempt 2)
2025-01-06 10:14:10,638 - INFO - Found 25 observation files in /Users/tomsayada/spectral_analysis_project/data/K_1_50.0_K_2_100.0_SNR_50.0_Q_0.5/simulation_2
2025-01-06 10:14:10,638 - INFO - Running command: /usr/local/bin/python3.13 /Users/tomsayada/spectral_analysis_project/src/run_ratio_constrained_fit.py --data_dir /Users/tomsayada/spectral_analysis_project/data/K_1_50.0_K_2_100.0_SNR_50.0_Q_0.5/simulation_2 --output_dir /Users/tomsayada/spectral_analysis_project/data/K_1_50.0_K_2_100.0_SNR_50.0_Q_0.5/simulation_2/ratio_sym_weighted_nobaseline_fit_results --profile_type sym --lines He4026,He4388,He4471
2025-01-06 10:14:11,569 - ERROR - run_ratio_constrained_fit.py failed (rc=1)
2025-01-06 10:14:11,569 - INFO - Retrying /Users/tomsayada/spectral_analysis_project/data/K_1_50.0_K_2_100.0_SNR_50.0_Q_0.5/simulation_2 (attempt 3)
2025-01-06 10:14:11,570 - INFO - Found 25 observation files in /Users/tomsayada/spectral_analysis_project/data/K_1_50.0_K_2_100.0_SNR_50.0_Q_0.5/simulation_2
2025-01-06 10:14:11,570 - INFO - Running command: /usr/local/bin/python3.13 /Users/tomsayada/spectral_analysis_project/src/run_ratio_constrained_fit.py --data_dir /Users/tomsayada/spectral_analysis_project/data/K_1_50.0_K_2_100.0_SNR_50.0_Q_0.5/simulation_2 --output_dir /Users/tomsayada/spectral_analysis_project/data/K_1_50.0_K_2_100.0_SNR_50.0_Q_0.5/simulation_2/ratio_sym_weighted_nobaseline_fit_results --profile_type sym --lines He4026,He4388,He4471
2025-01-06 10:14:12,488 - ERROR - run_ratio_constrained_fit.py failed (rc=1)
2025-01-06 10:14:12,489 - INFO - Found 25 observation files in /Users/tomsayada/spectral_analysis_project/data/K_1_50.0_K_2_100.0_SNR_50.0_Q_0.5/simulation_3
2025-01-06 10:14:12,489 - INFO - Running command: /usr/local/bin/python3.13 /Users/tomsayada/spectral_analysis_project/src/run_ratio_constrained_fit.py --data_dir /Users/tomsayada/spectral_analysis_project/data/K_1_50.0_K_2_100.0_SNR_50.0_Q_0.5/simulation_3 --output_dir /Users/tomsayada/spectral_analysis_project/data/K_1_50.0_K_2_100.0_SNR_50.0_Q_0.5/simulation_3/ratio_sym_weighted_nobaseline_fit_results --profile_type sym --lines He4026,He4388,He4471
2025-01-06 10:14:13,417 - ERROR - run_ratio_constrained_fit.py failed (rc=1)
2025-01-06 10:14:13,417 - INFO - Retrying /Users/tomsayada/spectral_analysis_project/data/K_1_50.0_K_2_100.0_SNR_50.0_Q_0.5/simulation_3 (attempt 1)
2025-01-06 10:14:13,417 - INFO - Found 25 observation files in /Users/tomsayada/spectral_analysis_project/data/K_1_50.0_K_2_100.0_SNR_50.0_Q_0.5/simulation_3
2025-01-06 10:14:13,417 - INFO - Running command: /usr/local/bin/python3.13 /Users/tomsayada/spectral_analysis_project/src/run_ratio_constrained_fit.py --data_dir /Users/tomsayada/spectral_analysis_project/data/K_1_50.0_K_2_100.0_SNR_50.0_Q_0.5/simulation_3 --output_dir /Users/tomsayada/spectral_analysis_project/data/K_1_50.0_K_2_100.0_SNR_50.0_Q_0.5/simulation_3/ratio_sym_weighted_nobaseline_fit_results --profile_type sym --lines He4026,He4388,He4471
2025-01-06 10:14:14,313 - ERROR - run_ratio_constrained_fit.py failed (rc=1)
2025-01-06 10:14:14,313 - INFO - Retrying /Users/tomsayada/spectral_analysis_project/data/K_1_50.0_K_2_100.0_SNR_50.0_Q_0.5/simulation_3 (attempt 2)
2025-01-06 10:14:14,313 - INFO - Found 25 observation files in /Users/tomsayada/spectral_analysis_project/data/K_1_50.0_K_2_100.0_SNR_50.0_Q_0.5/simulation_3
2025-01-06 10:14:14,313 - INFO - Running command: /usr/local/bin/python3.13 /Users/tomsayada/spectral_analysis_project/src/run_ratio_constrained_fit.py --data_dir /Users/tomsayada/spectral_analysis_project/data/K_1_50.0_K_2_100.0_SNR_50.0_Q_0.5/simulation_3 --output_dir /Users/tomsayada/spectral_analysis_project/data/K_1_50.0_K_2_100.0_SNR_50.0_Q_0.5/simulation_3/ratio_sym_weighted_nobaseline_fit_results --profile_type sym --lines He4026,He4388,He4471
2025-01-06 10:14:15,264 - ERROR - run_ratio_constrained_fit.py failed (rc=1)
2025-01-06 10:14:15,264 - INFO - Retrying /Users/tomsayada/spectral_analysis_project/data/K_1_50.0_K_2_100.0_SNR_50.0_Q_0.5/simulation_3 (attempt 3)
2025-01-06 10:14:15,264 - INFO - Found 25 observation files in /Users/tomsayada/spectral_analysis_project/data/K_1_50.0_K_2_100.0_SNR_50.0_Q_0.5/simulation_3
2025-01-06 10:14:15,264 - INFO - Running command: /usr/local/bin/python3.13 /Users/tomsayada/spectral_analysis_project/src/run_ratio_constrained_fit.py --data_dir /Users/tomsayada/spectral_analysis_project/data/K_1_50.0_K_2_100.0_SNR_50.0_Q_0.5/simulation_3 --output_dir /Users/tomsayada/spectral_analysis_project/data/K_1_50.0_K_2_100.0_SNR_50.0_Q_0.5/simulation_3/ratio_sym_weighted_nobaseline_fit_results --profile_type sym --lines He4026,He4388,He4471
2025-01-06 10:14:16,191 - ERROR - run_ratio_constrained_fit.py failed (rc=1)
2025-01-06 10:14:16,191 - INFO - Found 25 observation files in /Users/tomsayada/spectral_analysis_project/data/K_1_50.0_K_2_100.0_SNR_50.0_Q_0.5/simulation_4
2025-01-06 10:14:16,191 - INFO - Running command: /usr/local/bin/python3.13 /Users/tomsayada/spectral_analysis_project/src/run_ratio_constrained_fit.py --data_dir /Users/tomsayada/spectral_analysis_project/data/K_1_50.0_K_2_100.0_SNR_50.0_Q_0.5/simulation_4 --output_dir /Users/tomsayada/spectral_analysis_project/data/K_1_50.0_K_2_100.0_SNR_50.0_Q_0.5/simulation_4/ratio_sym_weighted_nobaseline_fit_results --profile_type sym --lines He4026,He4388,He4471
2025-01-06 10:14:17,174 - ERROR - run_ratio_constrained_fit.py failed (rc=1)
2025-01-06 10:14:17,175 - INFO - Retrying /Users/tomsayada/spectral_analysis_project/data/K_1_50.0_K_2_100.0_SNR_50.0_Q_0.5/simulation_4 (attempt 1)
2025-01-06 10:14:17,175 - INFO - Found 25 observation files in /Users/tomsayada/spectral_analysis_project/data/K_1_50.0_K_2_100.0_SNR_50.0_Q_0.5/simulation_4
2025-01-06 10:14:17,175 - INFO - Running command: /usr/local/bin/python3.13 /Users/tomsayada/spectral_analysis_project/src/run_ratio_constrained_fit.py --data_dir /Users/tomsayada/spectral_analysis_project/data/K_1_50.0_K_2_100.0_SNR_50.0_Q_0.5/simulation_4 --output_dir /Users/tomsayada/spectral_analysis_project/data/K_1_50.0_K_2_100.0_SNR_50.0_Q_0.5/simulation_4/ratio_sym_weighted_nobaseline_fit_results --profile_type sym --lines He4026,He4388,He4471
2025-01-06 10:14:18,121 - ERROR - run_ratio_constrained_fit.py failed (rc=1)
2025-01-06 10:14:18,122 - INFO - Retrying /Users/tomsayada/spectral_analysis_project/data/K_1_50.0_K_2_100.0_SNR_50.0_Q_0.5/simulation_4 (attempt 2)
2025-01-06 10:14:18,122 - INFO - Found 25 observation files in /Users/tomsayada/spectral_analysis_project/data/K_1_50.0_K_2_100.0_SNR_50.0_Q_0.5/simulation_4
2025-01-06 10:14:18,122 - INFO - Running command: /usr/local/bin/python3.13 /Users/tomsayada/spectral_analysis_project/src/run_ratio_constrained_fit.py --data_dir /Users/tomsayada/spectral_analysis_project/data/K_1_50.0_K_2_100.0_SNR_50.0_Q_0.5/simulation_4 --output_dir /Users/tomsayada/spectral_analysis_project/data/K_1_50.0_K_2_100.0_SNR_50.0_Q_0.5/simulation_4/ratio_sym_weighted_nobaseline_fit_results --profile_type sym --lines He4026,He4388,He4471
2025-01-06 10:14:19,057 - ERROR - run_ratio_constrained_fit.py failed (rc=1)
2025-01-06 10:14:19,058 - INFO - Retrying /Users/tomsayada/spectral_analysis_project/data/K_1_50.0_K_2_100.0_SNR_50.0_Q_0.5/simulation_4 (attempt 3)
2025-01-06 10:14:19,058 - INFO - Found 25 observation files in /Users/tomsayada/spectral_analysis_project/data/K_1_50.0_K_2_100.0_SNR_50.0_Q_0.5/simulation_4
2025-01-06 10:14:19,058 - INFO - Running command: /usr/local/bin/python3.13 /Users/tomsayada/spectral_analysis_project/src/run_ratio_constrained_fit.py --data_dir /Users/tomsayada/spectral_analysis_project/data/K_1_50.0_K_2_100.0_SNR_50.0_Q_0.5/simulation_4 --output_dir /Users/tomsayada/spectral_analysis_project/data/K_1_50.0_K_2_100.0_SNR_50.0_Q_0.5/simulation_4/ratio_sym_weighted_nobaseline_fit_results --profile_type sym --lines He4026,He4388,He4471
2025-01-06 10:14:20,024 - ERROR - run_ratio_constrained_fit.py failed (rc=1)
2025-01-06 10:14:20,025 - INFO - Found 25 observation files in /Users/tomsayada/spectral_analysis_project/data/K_1_50.0_K_2_100.0_SNR_50.0_Q_0.5/simulation_5
2025-01-06 10:14:20,025 - INFO - Running command: /usr/local/bin/python3.13 /Users/tomsayada/spectral_analysis_project/src/run_ratio_constrained_fit.py --data_dir /Users/tomsayada/spectral_analysis_project/data/K_1_50.0_K_2_100.0_SNR_50.0_Q_0.5/simulation_5 --output_dir /Users/tomsayada/spectral_analysis_project/data/K_1_50.0_K_2_100.0_SNR_50.0_Q_0.5/simulation_5/ratio_sym_weighted_nobaseline_fit_results --profile_type sym --lines He4026,He4388,He4471
2025-01-06 10:14:20,984 - ERROR - run_ratio_constrained_fit.py failed (rc=1)
2025-01-06 10:14:20,984 - INFO - Retrying /Users/tomsayada/spectral_analysis_project/data/K_1_50.0_K_2_100.0_SNR_50.0_Q_0.5/simulation_5 (attempt 1)
2025-01-06 10:14:20,985 - INFO - Found 25 observation files in /Users/tomsayada/spectral_analysis_project/data/K_1_50.0_K_2_100.0_SNR_50.0_Q_0.5/simulation_5
2025-01-06 10:14:20,985 - INFO - Running command: /usr/local/bin/python3.13 /Users/tomsayada/spectral_analysis_project/src/run_ratio_constrained_fit.py --data_dir /Users/tomsayada/spectral_analysis_project/data/K_1_50.0_K_2_100.0_SNR_50.0_Q_0.5/simulation_5 --output_dir /Users/tomsayada/spectral_analysis_project/data/K_1_50.0_K_2_100.0_SNR_50.0_Q_0.5/simulation_5/ratio_sym_weighted_nobaseline_fit_results --profile_type sym --lines He4026,He4388,He4471
2025-01-06 10:14:21,887 - ERROR - run_ratio_constrained_fit.py failed (rc=1)
2025-01-06 10:14:21,887 - INFO - Retrying /Users/tomsayada/spectral_analysis_project/data/K_1_50.0_K_2_100.0_SNR_50.0_Q_0.5/simulation_5 (attempt 2)
2025-01-06 10:14:21,887 - INFO - Found 25 observation files in /Users/tomsayada/spectral_analysis_project/data/K_1_50.0_K_2_100.0_SNR_50.0_Q_0.5/simulation_5
2025-01-06 10:14:21,887 - INFO - Running command: /usr/local/bin/python3.13 /Users/tomsayada/spectral_analysis_project/src/run_ratio_constrained_fit.py --data_dir /Users/tomsayada/spectral_analysis_project/data/K_1_50.0_K_2_100.0_SNR_50.0_Q_0.5/simulation_5 --output_dir /Users/tomsayada/spectral_analysis_project/data/K_1_50.0_K_2_100.0_SNR_50.0_Q_0.5/simulation_5/ratio_sym_weighted_nobaseline_fit_results --profile_type sym --lines He4026,He4388,He4471
2025-01-06 10:14:22,803 - ERROR - run_ratio_constrained_fit.py failed (rc=1)
2025-01-06 10:14:22,803 - INFO - Retrying /Users/tomsayada/spectral_analysis_project/data/K_1_50.0_K_2_100.0_SNR_50.0_Q_0.5/simulation_5 (attempt 3)
2025-01-06 10:14:22,803 - INFO - Found 25 observation files in /Users/tomsayada/spectral_analysis_project/data/K_1_50.0_K_2_100.0_SNR_50.0_Q_0.5/simulation_5
2025-01-06 10:14:22,803 - INFO - Running command: /usr/local/bin/python3.13 /Users/tomsayada/spectral_analysis_project/src/run_ratio_constrained_fit.py --data_dir /Users/tomsayada/spectral_analysis_project/data/K_1_50.0_K_2_100.0_SNR_50.0_Q_0.5/simulation_5 --output_dir /Users/tomsayada/spectral_analysis_project/data/K_1_50.0_K_2_100.0_SNR_50.0_Q_0.5/simulation_5/ratio_sym_weighted_nobaseline_fit_results --profile_type sym --lines He4026,He4388,He4471
2025-01-06 10:14:23,738 - ERROR - run_ratio_constrained_fit.py failed (rc=1)
2025-01-06 10:14:23,738 - INFO - Found 25 observation files in /Users/tomsayada/spectral_analysis_project/data/K_1_50.0_K_2_100.0_SNR_50.0_Q_0.5/simulation_6
2025-01-06 10:14:23,738 - INFO - Running command: /usr/local/bin/python3.13 /Users/tomsayada/spectral_analysis_project/src/run_ratio_constrained_fit.py --data_dir /Users/tomsayada/spectral_analysis_project/data/K_1_50.0_K_2_100.0_SNR_50.0_Q_0.5/simulation_6 --output_dir /Users/tomsayada/spectral_analysis_project/data/K_1_50.0_K_2_100.0_SNR_50.0_Q_0.5/simulation_6/ratio_sym_weighted_nobaseline_fit_results --profile_type sym --lines He4026,He4388,He4471
2025-01-06 10:14:24,705 - ERROR - run_ratio_constrained_fit.py failed (rc=1)
2025-01-06 10:14:24,705 - INFO - Retrying /Users/tomsayada/spectral_analysis_project/data/K_1_50.0_K_2_100.0_SNR_50.0_Q_0.5/simulation_6 (attempt 1)
2025-01-06 10:14:24,705 - INFO - Found 25 observation files in /Users/tomsayada/spectral_analysis_project/data/K_1_50.0_K_2_100.0_SNR_50.0_Q_0.5/simulation_6
2025-01-06 10:14:24,705 - INFO - Running command: /usr/local/bin/python3.13 /Users/tomsayada/spectral_analysis_project/src/run_ratio_constrained_fit.py --data_dir /Users/tomsayada/spectral_analysis_project/data/K_1_50.0_K_2_100.0_SNR_50.0_Q_0.5/simulation_6 --output_dir /Users/tomsayada/spectral_analysis_project/data/K_1_50.0_K_2_100.0_SNR_50.0_Q_0.5/simulation_6/ratio_sym_weighted_nobaseline_fit_results --profile_type sym --lines He4026,He4388,He4471
2025-01-06 10:14:25,672 - ERROR - run_ratio_constrained_fit.py failed (rc=1)
2025-01-06 10:14:25,672 - INFO - Retrying /Users/tomsayada/spectral_analysis_project/data/K_1_50.0_K_2_100.0_SNR_50.0_Q_0.5/simulation_6 (attempt 2)
2025-01-06 10:14:25,672 - INFO - Found 25 observation files in /Users/tomsayada/spectral_analysis_project/data/K_1_50.0_K_2_100.0_SNR_50.0_Q_0.5/simulation_6
2025-01-06 10:14:25,672 - INFO - Running command: /usr/local/bin/python3.13 /Users/tomsayada/spectral_analysis_project/src/run_ratio_constrained_fit.py --data_dir /Users/tomsayada/spectral_analysis_project/data/K_1_50.0_K_2_100.0_SNR_50.0_Q_0.5/simulation_6 --output_dir /Users/tomsayada/spectral_analysis_project/data/K_1_50.0_K_2_100.0_SNR_50.0_Q_0.5/simulation_6/ratio_sym_weighted_nobaseline_fit_results --profile_type sym --lines He4026,He4388,He4471
2025-01-06 10:14:26,600 - ERROR - run_ratio_constrained_fit.py failed (rc=1)
2025-01-06 10:14:26,600 - INFO - Retrying /Users/tomsayada/spectral_analysis_project/data/K_1_50.0_K_2_100.0_SNR_50.0_Q_0.5/simulation_6 (attempt 3)
2025-01-06 10:14:26,600 - INFO - Found 25 observation files in /Users/tomsayada/spectral_analysis_project/data/K_1_50.0_K_2_100.0_SNR_50.0_Q_0.5/simulation_6
2025-01-06 10:14:26,600 - INFO - Running command: /usr/local/bin/python3.13 /Users/tomsayada/spectral_analysis_project/src/run_ratio_constrained_fit.py --data_dir /Users/tomsayada/spectral_analysis_project/data/K_1_50.0_K_2_100.0_SNR_50.0_Q_0.5/simulation_6 --output_dir /Users/tomsayada/spectral_analysis_project/data/K_1_50.0_K_2_100.0_SNR_50.0_Q_0.5/simulation_6/ratio_sym_weighted_nobaseline_fit_results --profile_type sym --lines He4026,He4388,He4471
2025-01-06 10:14:27,488 - ERROR - run_ratio_constrained_fit.py failed (rc=1)
2025-01-06 10:14:27,488 - INFO - Found 25 observation files in /Users/tomsayada/spectral_analysis_project/data/K_1_50.0_K_2_100.0_SNR_50.0_Q_0.5/simulation_7
2025-01-06 10:14:27,488 - INFO - Running command: /usr/local/bin/python3.13 /Users/tomsayada/spectral_analysis_project/src/run_ratio_constrained_fit.py --data_dir /Users/tomsayada/spectral_analysis_project/data/K_1_50.0_K_2_100.0_SNR_50.0_Q_0.5/simulation_7 --output_dir /Users/tomsayada/spectral_analysis_project/data/K_1_50.0_K_2_100.0_SNR_50.0_Q_0.5/simulation_7/ratio_sym_weighted_nobaseline_fit_results --profile_type sym --lines He4026,He4388,He4471
2025-01-06 10:14:28,378 - ERROR - run_ratio_constrained_fit.py failed (rc=1)
2025-01-06 10:14:28,379 - INFO - Retrying /Users/tomsayada/spectral_analysis_project/data/K_1_50.0_K_2_100.0_SNR_50.0_Q_0.5/simulation_7 (attempt 1)
2025-01-06 10:14:28,379 - INFO - Found 25 observation files in /Users/tomsayada/spectral_analysis_project/data/K_1_50.0_K_2_100.0_SNR_50.0_Q_0.5/simulation_7
2025-01-06 10:14:28,379 - INFO - Running command: /usr/local/bin/python3.13 /Users/tomsayada/spectral_analysis_project/src/run_ratio_constrained_fit.py --data_dir /Users/tomsayada/spectral_analysis_project/data/K_1_50.0_K_2_100.0_SNR_50.0_Q_0.5/simulation_7 --output_dir /Users/tomsayada/spectral_analysis_project/data/K_1_50.0_K_2_100.0_SNR_50.0_Q_0.5/simulation_7/ratio_sym_weighted_nobaseline_fit_results --profile_type sym --lines He4026,He4388,He4471
2025-01-06 10:14:29,267 - ERROR - run_ratio_constrained_fit.py failed (rc=1)
2025-01-06 10:14:29,267 - INFO - Retrying /Users/tomsayada/spectral_analysis_project/data/K_1_50.0_K_2_100.0_SNR_50.0_Q_0.5/simulation_7 (attempt 2)
2025-01-06 10:14:29,267 - INFO - Found 25 observation files in /Users/tomsayada/spectral_analysis_project/data/K_1_50.0_K_2_100.0_SNR_50.0_Q_0.5/simulation_7
2025-01-06 10:14:29,267 - INFO - Running command: /usr/local/bin/python3.13 /Users/tomsayada/spectral_analysis_project/src/run_ratio_constrained_fit.py --data_dir /Users/tomsayada/spectral_analysis_project/data/K_1_50.0_K_2_100.0_SNR_50.0_Q_0.5/simulation_7 --output_dir /Users/tomsayada/spectral_analysis_project/data/K_1_50.0_K_2_100.0_SNR_50.0_Q_0.5/simulation_7/ratio_sym_weighted_nobaseline_fit_results --profile_type sym --lines He4026,He4388,He4471
2025-01-06 10:14:30,210 - ERROR - run_ratio_constrained_fit.py failed (rc=1)
2025-01-06 10:14:30,210 - INFO - Retrying /Users/tomsayada/spectral_analysis_project/data/K_1_50.0_K_2_100.0_SNR_50.0_Q_0.5/simulation_7 (attempt 3)
2025-01-06 10:14:30,210 - INFO - Found 25 observation files in /Users/tomsayada/spectral_analysis_project/data/K_1_50.0_K_2_100.0_SNR_50.0_Q_0.5/simulation_7
2025-01-06 10:14:30,210 - INFO - Running command: /usr/local/bin/python3.13 /Users/tomsayada/spectral_analysis_project/src/run_ratio_constrained_fit.py --data_dir /Users/tomsayada/spectral_analysis_project/data/K_1_50.0_K_2_100.0_SNR_50.0_Q_0.5/simulation_7 --output_dir /Users/tomsayada/spectral_analysis_project/data/K_1_50.0_K_2_100.0_SNR_50.0_Q_0.5/simulation_7/ratio_sym_weighted_nobaseline_fit_results --profile_type sym --lines He4026,He4388,He4471
2025-01-06 10:14:31,105 - ERROR - run_ratio_constrained_fit.py failed (rc=1)
2025-01-06 10:14:31,105 - INFO - Found 25 observation files in /Users/tomsayada/spectral_analysis_project/data/K_1_50.0_K_2_100.0_SNR_50.0_Q_0.5/simulation_8
2025-01-06 10:14:31,105 - INFO - Running command: /usr/local/bin/python3.13 /Users/tomsayada/spectral_analysis_project/src/run_ratio_constrained_fit.py --data_dir /Users/tomsayada/spectral_analysis_project/data/K_1_50.0_K_2_100.0_SNR_50.0_Q_0.5/simulation_8 --output_dir /Users/tomsayada/spectral_analysis_project/data/K_1_50.0_K_2_100.0_SNR_50.0_Q_0.5/simulation_8/ratio_sym_weighted_nobaseline_fit_results --profile_type sym --lines He4026,He4388,He4471
2025-01-06 10:14:32,039 - ERROR - run_ratio_constrained_fit.py failed (rc=1)
2025-01-06 10:14:32,039 - INFO - Retrying /Users/tomsayada/spectral_analysis_project/data/K_1_50.0_K_2_100.0_SNR_50.0_Q_0.5/simulation_8 (attempt 1)
2025-01-06 10:14:32,039 - INFO - Found 25 observation files in /Users/tomsayada/spectral_analysis_project/data/K_1_50.0_K_2_100.0_SNR_50.0_Q_0.5/simulation_8
2025-01-06 10:14:32,039 - INFO - Running command: /usr/local/bin/python3.13 /Users/tomsayada/spectral_analysis_project/src/run_ratio_constrained_fit.py --data_dir /Users/tomsayada/spectral_analysis_project/data/K_1_50.0_K_2_100.0_SNR_50.0_Q_0.5/simulation_8 --output_dir /Users/tomsayada/spectral_analysis_project/data/K_1_50.0_K_2_100.0_SNR_50.0_Q_0.5/simulation_8/ratio_sym_weighted_nobaseline_fit_results --profile_type sym --lines He4026,He4388,He4471
2025-01-06 10:14:32,973 - ERROR - run_ratio_constrained_fit.py failed (rc=1)
2025-01-06 10:14:32,973 - INFO - Retrying /Users/tomsayada/spectral_analysis_project/data/K_1_50.0_K_2_100.0_SNR_50.0_Q_0.5/simulation_8 (attempt 2)
2025-01-06 10:14:32,974 - INFO - Found 25 observation files in /Users/tomsayada/spectral_analysis_project/data/K_1_50.0_K_2_100.0_SNR_50.0_Q_0.5/simulation_8
2025-01-06 10:14:32,974 - INFO - Running command: /usr/local/bin/python3.13 /Users/tomsayada/spectral_analysis_project/src/run_ratio_constrained_fit.py --data_dir /Users/tomsayada/spectral_analysis_project/data/K_1_50.0_K_2_100.0_SNR_50.0_Q_0.5/simulation_8 --output_dir /Users/tomsayada/spectral_analysis_project/data/K_1_50.0_K_2_100.0_SNR_50.0_Q_0.5/simulation_8/ratio_sym_weighted_nobaseline_fit_results --profile_type sym --lines He4026,He4388,He4471
2025-01-06 10:14:33,885 - ERROR - run_ratio_constrained_fit.py failed (rc=1)
2025-01-06 10:14:33,885 - INFO - Retrying /Users/tomsayada/spectral_analysis_project/data/K_1_50.0_K_2_100.0_SNR_50.0_Q_0.5/simulation_8 (attempt 3)
2025-01-06 10:14:33,885 - INFO - Found 25 observation files in /Users/tomsayada/spectral_analysis_project/data/K_1_50.0_K_2_100.0_SNR_50.0_Q_0.5/simulation_8
2025-01-06 10:14:33,885 - INFO - Running command: /usr/local/bin/python3.13 /Users/tomsayada/spectral_analysis_project/src/run_ratio_constrained_fit.py --data_dir /Users/tomsayada/spectral_analysis_project/data/K_1_50.0_K_2_100.0_SNR_50.0_Q_0.5/simulation_8 --output_dir /Users/tomsayada/spectral_analysis_project/data/K_1_50.0_K_2_100.0_SNR_50.0_Q_0.5/simulation_8/ratio_sym_weighted_nobaseline_fit_results --profile_type sym --lines He4026,He4388,He4471
2025-01-06 10:14:34,799 - ERROR - run_ratio_constrained_fit.py failed (rc=1)
2025-01-06 10:14:34,800 - INFO - Found 25 observation files in /Users/tomsayada/spectral_analysis_project/data/K_1_50.0_K_2_100.0_SNR_50.0_Q_0.5/simulation_9
2025-01-06 10:14:34,800 - INFO - Running command: /usr/local/bin/python3.13 /Users/tomsayada/spectral_analysis_project/src/run_ratio_constrained_fit.py --data_dir /Users/tomsayada/spectral_analysis_project/data/K_1_50.0_K_2_100.0_SNR_50.0_Q_0.5/simulation_9 --output_dir /Users/tomsayada/spectral_analysis_project/data/K_1_50.0_K_2_100.0_SNR_50.0_Q_0.5/simulation_9/ratio_sym_weighted_nobaseline_fit_results --profile_type sym --lines He4026,He4388,He4471
2025-01-06 10:14:35,715 - ERROR - run_ratio_constrained_fit.py failed (rc=1)
2025-01-06 10:14:35,715 - INFO - Retrying /Users/tomsayada/spectral_analysis_project/data/K_1_50.0_K_2_100.0_SNR_50.0_Q_0.5/simulation_9 (attempt 1)
2025-01-06 10:14:35,715 - INFO - Found 25 observation files in /Users/tomsayada/spectral_analysis_project/data/K_1_50.0_K_2_100.0_SNR_50.0_Q_0.5/simulation_9
2025-01-06 10:14:35,715 - INFO - Running command: /usr/local/bin/python3.13 /Users/tomsayada/spectral_analysis_project/src/run_ratio_constrained_fit.py --data_dir /Users/tomsayada/spectral_analysis_project/data/K_1_50.0_K_2_100.0_SNR_50.0_Q_0.5/simulation_9 --output_dir /Users/tomsayada/spectral_analysis_project/data/K_1_50.0_K_2_100.0_SNR_50.0_Q_0.5/simulation_9/ratio_sym_weighted_nobaseline_fit_results --profile_type sym --lines He4026,He4388,He4471
2025-01-06 10:14:36,584 - ERROR - run_ratio_constrained_fit.py failed (rc=1)
2025-01-06 10:14:36,585 - INFO - Retrying /Users/tomsayada/spectral_analysis_project/data/K_1_50.0_K_2_100.0_SNR_50.0_Q_0.5/simulation_9 (attempt 2)
2025-01-06 10:14:36,585 - INFO - Found 25 observation files in /Users/tomsayada/spectral_analysis_project/data/K_1_50.0_K_2_100.0_SNR_50.0_Q_0.5/simulation_9
2025-01-06 10:14:36,585 - INFO - Running command: /usr/local/bin/python3.13 /Users/tomsayada/spectral_analysis_project/src/run_ratio_constrained_fit.py --data_dir /Users/tomsayada/spectral_analysis_project/data/K_1_50.0_K_2_100.0_SNR_50.0_Q_0.5/simulation_9 --output_dir /Users/tomsayada/spectral_analysis_project/data/K_1_50.0_K_2_100.0_SNR_50.0_Q_0.5/simulation_9/ratio_sym_weighted_nobaseline_fit_results --profile_type sym --lines He4026,He4388,He4471
2025-01-06 10:14:37,457 - ERROR - run_ratio_constrained_fit.py failed (rc=1)
2025-01-06 10:14:37,457 - INFO - Retrying /Users/tomsayada/spectral_analysis_project/data/K_1_50.0_K_2_100.0_SNR_50.0_Q_0.5/simulation_9 (attempt 3)
2025-01-06 10:14:37,457 - INFO - Found 25 observation files in /Users/tomsayada/spectral_analysis_project/data/K_1_50.0_K_2_100.0_SNR_50.0_Q_0.5/simulation_9
2025-01-06 10:14:37,457 - INFO - Running command: /usr/local/bin/python3.13 /Users/tomsayada/spectral_analysis_project/src/run_ratio_constrained_fit.py --data_dir /Users/tomsayada/spectral_analysis_project/data/K_1_50.0_K_2_100.0_SNR_50.0_Q_0.5/simulation_9 --output_dir /Users/tomsayada/spectral_analysis_project/data/K_1_50.0_K_2_100.0_SNR_50.0_Q_0.5/simulation_9/ratio_sym_weighted_nobaseline_fit_results --profile_type sym --lines He4026,He4388,He4471
2025-01-06 10:14:38,355 - ERROR - run_ratio_constrained_fit.py failed (rc=1)
2025-01-06 10:14:38,355 - INFO - Found 25 observation files in /Users/tomsayada/spectral_analysis_project/data/K_1_50.0_K_2_100.0_SNR_50.0_Q_0.5/simulation_10
2025-01-06 10:14:38,355 - INFO - Running command: /usr/local/bin/python3.13 /Users/tomsayada/spectral_analysis_project/src/run_ratio_constrained_fit.py --data_dir /Users/tomsayada/spectral_analysis_project/data/K_1_50.0_K_2_100.0_SNR_50.0_Q_0.5/simulation_10 --output_dir /Users/tomsayada/spectral_analysis_project/data/K_1_50.0_K_2_100.0_SNR_50.0_Q_0.5/simulation_10/ratio_sym_weighted_nobaseline_fit_results --profile_type sym --lines He4026,He4388,He4471
2025-01-06 10:14:39,297 - ERROR - run_ratio_constrained_fit.py failed (rc=1)
2025-01-06 10:14:39,297 - INFO - Retrying /Users/tomsayada/spectral_analysis_project/data/K_1_50.0_K_2_100.0_SNR_50.0_Q_0.5/simulation_10 (attempt 1)
2025-01-06 10:14:39,298 - INFO - Found 25 observation files in /Users/tomsayada/spectral_analysis_project/data/K_1_50.0_K_2_100.0_SNR_50.0_Q_0.5/simulation_10
2025-01-06 10:14:39,298 - INFO - Running command: /usr/local/bin/python3.13 /Users/tomsayada/spectral_analysis_project/src/run_ratio_constrained_fit.py --data_dir /Users/tomsayada/spectral_analysis_project/data/K_1_50.0_K_2_100.0_SNR_50.0_Q_0.5/simulation_10 --output_dir /Users/tomsayada/spectral_analysis_project/data/K_1_50.0_K_2_100.0_SNR_50.0_Q_0.5/simulation_10/ratio_sym_weighted_nobaseline_fit_results --profile_type sym --lines He4026,He4388,He4471
2025-01-06 10:14:40,233 - ERROR - run_ratio_constrained_fit.py failed (rc=1)
2025-01-06 10:14:40,233 - INFO - Retrying /Users/tomsayada/spectral_analysis_project/data/K_1_50.0_K_2_100.0_SNR_50.0_Q_0.5/simulation_10 (attempt 2)
2025-01-06 10:14:40,234 - INFO - Found 25 observation files in /Users/tomsayada/spectral_analysis_project/data/K_1_50.0_K_2_100.0_SNR_50.0_Q_0.5/simulation_10
2025-01-06 10:14:40,234 - INFO - Running command: /usr/local/bin/python3.13 /Users/tomsayada/spectral_analysis_project/src/run_ratio_constrained_fit.py --data_dir /Users/tomsayada/spectral_analysis_project/data/K_1_50.0_K_2_100.0_SNR_50.0_Q_0.5/simulation_10 --output_dir /Users/tomsayada/spectral_analysis_project/data/K_1_50.0_K_2_100.0_SNR_50.0_Q_0.5/simulation_10/ratio_sym_weighted_nobaseline_fit_results --profile_type sym --lines He4026,He4388,He4471
2025-01-06 10:14:41,157 - ERROR - run_ratio_constrained_fit.py failed (rc=1)
2025-01-06 10:14:41,157 - INFO - Retrying /Users/tomsayada/spectral_analysis_project/data/K_1_50.0_K_2_100.0_SNR_50.0_Q_0.5/simulation_10 (attempt 3)
2025-01-06 10:14:41,158 - INFO - Found 25 observation files in /Users/tomsayada/spectral_analysis_project/data/K_1_50.0_K_2_100.0_SNR_50.0_Q_0.5/simulation_10
2025-01-06 10:14:41,158 - INFO - Running command: /usr/local/bin/python3.13 /Users/tomsayada/spectral_analysis_project/src/run_ratio_constrained_fit.py --data_dir /Users/tomsayada/spectral_analysis_project/data/K_1_50.0_K_2_100.0_SNR_50.0_Q_0.5/simulation_10 --output_dir /Users/tomsayada/spectral_analysis_project/data/K_1_50.0_K_2_100.0_SNR_50.0_Q_0.5/simulation_10/ratio_sym_weighted_nobaseline_fit_results --profile_type sym --lines He4026,He4388,He4471
2025-01-06 10:14:42,054 - ERROR - run_ratio_constrained_fit.py failed (rc=1)
2025-01-06 10:14:42,055 - INFO - Analysis complete => 0/10 successful
2025-01-06 10:14:42,055 - INFO - Saved summary: /Users/tomsayada/spectral_analysis_project/data/K_1_50.0_K_2_100.0_SNR_50.0_Q_0.5/analysis_results_20250106_101404/analysis_summary.json
2025-01-06 10:14:42,055 - WARNING - Some folders failed; check logs or analysis_summary.json
2025-01-06 10:15:12,299 - INFO - File browser disabled => using DATA_FOLDER directly
2025-01-06 10:15:12,300 - INFO - Data folder set to: /Users/tomsayada/spectral_analysis_project/data/obs
2025-01-06 10:15:12,300 - INFO - Base output: /Users/tomsayada/spectral_analysis_project/data/obs/analysis_results_20250106_101512
2025-01-06 10:15:12,305 - WARNING - No observation files found in /Users/tomsayada/spectral_analysis_project/data/obs
2025-01-06 10:15:12,305 - INFO - Analysis complete => 0/1 successful
2025-01-06 10:15:12,305 - INFO - Saved summary: /Users/tomsayada/spectral_analysis_project/data/obs/analysis_results_20250106_101512/analysis_summary.json
2025-01-06 10:15:12,305 - WARNING - Some folders failed; check logs or analysis_summary.json
2025-01-06 10:50:48,602 - INFO - Select the parent data folder:
2025-01-06 10:50:55,192 - INFO - User selected folder: /Users/tomsayada/spectral_analysis_project/data/K_1_50.0_K_2_100.0_SNR_50.0_Q_0.5
2025-01-06 10:50:55,193 - INFO - Data folder set to: /Users/tomsayada/spectral_analysis_project/data/K_1_50.0_K_2_100.0_SNR_50.0_Q_0.5
2025-01-06 10:50:55,193 - INFO - Base output: /Users/tomsayada/spectral_analysis_project/data/K_1_50.0_K_2_100.0_SNR_50.0_Q_0.5/analysis_results_20250106_105055
2025-01-06 10:50:55,207 - INFO - Found 25 observation files in /Users/tomsayada/spectral_analysis_project/data/K_1_50.0_K_2_100.0_SNR_50.0_Q_0.5/simulation_1
2025-01-06 10:50:55,207 - INFO - Running command: /usr/local/bin/python3.13 /Users/tomsayada/spectral_analysis_project/src/run_ratio_constrained_fit.py --data_dir /Users/tomsayada/spectral_analysis_project/data/K_1_50.0_K_2_100.0_SNR_50.0_Q_0.5/simulation_1 --output_dir /Users/tomsayada/spectral_analysis_project/data/K_1_50.0_K_2_100.0_SNR_50.0_Q_0.5/simulation_1/ratio_sym_weighted_nobaseline_fit_results --profile_type sym --lines He4026,He4388,He4471
2025-01-06 10:56:51,039 - ERROR - run_ratio_constrained_fit.py failed (rc=1)
2025-01-06 10:56:51,040 - INFO - Retrying /Users/tomsayada/spectral_analysis_project/data/K_1_50.0_K_2_100.0_SNR_50.0_Q_0.5/simulation_1 (attempt 1)
2025-01-06 10:56:51,041 - INFO - Found 25 observation files in /Users/tomsayada/spectral_analysis_project/data/K_1_50.0_K_2_100.0_SNR_50.0_Q_0.5/simulation_1
2025-01-06 10:56:51,041 - INFO - Running command: /usr/local/bin/python3.13 /Users/tomsayada/spectral_analysis_project/src/run_ratio_constrained_fit.py --data_dir /Users/tomsayada/spectral_analysis_project/data/K_1_50.0_K_2_100.0_SNR_50.0_Q_0.5/simulation_1 --output_dir /Users/tomsayada/spectral_analysis_project/data/K_1_50.0_K_2_100.0_SNR_50.0_Q_0.5/simulation_1/ratio_sym_weighted_nobaseline_fit_results --profile_type sym --lines He4026,He4388,He4471
2025-01-06 11:02:06,425 - ERROR - run_ratio_constrained_fit.py failed (rc=1)
2025-01-06 11:02:06,426 - INFO - Retrying /Users/tomsayada/spectral_analysis_project/data/K_1_50.0_K_2_100.0_SNR_50.0_Q_0.5/simulation_1 (attempt 2)
2025-01-06 11:02:06,427 - INFO - Found 25 observation files in /Users/tomsayada/spectral_analysis_project/data/K_1_50.0_K_2_100.0_SNR_50.0_Q_0.5/simulation_1
2025-01-06 11:02:06,427 - INFO - Running command: /usr/local/bin/python3.13 /Users/tomsayada/spectral_analysis_project/src/run_ratio_constrained_fit.py --data_dir /Users/tomsayada/spectral_analysis_project/data/K_1_50.0_K_2_100.0_SNR_50.0_Q_0.5/simulation_1 --output_dir /Users/tomsayada/spectral_analysis_project/data/K_1_50.0_K_2_100.0_SNR_50.0_Q_0.5/simulation_1/ratio_sym_weighted_nobaseline_fit_results --profile_type sym --lines He4026,He4388,He4471
2025-01-06 11:07:07,883 - ERROR - run_ratio_constrained_fit.py failed (rc=1)
2025-01-06 11:07:07,884 - INFO - Retrying /Users/tomsayada/spectral_analysis_project/data/K_1_50.0_K_2_100.0_SNR_50.0_Q_0.5/simulation_1 (attempt 3)
2025-01-06 11:07:07,885 - INFO - Found 25 observation files in /Users/tomsayada/spectral_analysis_project/data/K_1_50.0_K_2_100.0_SNR_50.0_Q_0.5/simulation_1
2025-01-06 11:07:07,885 - INFO - Running command: /usr/local/bin/python3.13 /Users/tomsayada/spectral_analysis_project/src/run_ratio_constrained_fit.py --data_dir /Users/tomsayada/spectral_analysis_project/data/K_1_50.0_K_2_100.0_SNR_50.0_Q_0.5/simulation_1 --output_dir /Users/tomsayada/spectral_analysis_project/data/K_1_50.0_K_2_100.0_SNR_50.0_Q_0.5/simulation_1/ratio_sym_weighted_nobaseline_fit_results --profile_type sym --lines He4026,He4388,He4471
2025-01-06 11:12:31,973 - ERROR - run_ratio_constrained_fit.py failed (rc=1)
2025-01-06 11:12:31,975 - INFO - Found 25 observation files in /Users/tomsayada/spectral_analysis_project/data/K_1_50.0_K_2_100.0_SNR_50.0_Q_0.5/simulation_2
2025-01-06 11:12:31,975 - INFO - Running command: /usr/local/bin/python3.13 /Users/tomsayada/spectral_analysis_project/src/run_ratio_constrained_fit.py --data_dir /Users/tomsayada/spectral_analysis_project/data/K_1_50.0_K_2_100.0_SNR_50.0_Q_0.5/simulation_2 --output_dir /Users/tomsayada/spectral_analysis_project/data/K_1_50.0_K_2_100.0_SNR_50.0_Q_0.5/simulation_2/ratio_sym_weighted_nobaseline_fit_results --profile_type sym --lines He4026,He4388,He4471
2025-01-06 11:17:36,263 - ERROR - run_ratio_constrained_fit.py failed (rc=1)
2025-01-06 11:17:36,264 - INFO - Retrying /Users/tomsayada/spectral_analysis_project/data/K_1_50.0_K_2_100.0_SNR_50.0_Q_0.5/simulation_2 (attempt 1)
2025-01-06 11:17:36,264 - INFO - Found 25 observation files in /Users/tomsayada/spectral_analysis_project/data/K_1_50.0_K_2_100.0_SNR_50.0_Q_0.5/simulation_2
2025-01-06 11:17:36,265 - INFO - Running command: /usr/local/bin/python3.13 /Users/tomsayada/spectral_analysis_project/src/run_ratio_constrained_fit.py --data_dir /Users/tomsayada/spectral_analysis_project/data/K_1_50.0_K_2_100.0_SNR_50.0_Q_0.5/simulation_2 --output_dir /Users/tomsayada/spectral_analysis_project/data/K_1_50.0_K_2_100.0_SNR_50.0_Q_0.5/simulation_2/ratio_sym_weighted_nobaseline_fit_results --profile_type sym --lines He4026,He4388,He4471
2025-01-06 11:22:16,413 - ERROR - run_ratio_constrained_fit.py failed (rc=1)
2025-01-06 11:22:16,414 - INFO - Retrying /Users/tomsayada/spectral_analysis_project/data/K_1_50.0_K_2_100.0_SNR_50.0_Q_0.5/simulation_2 (attempt 2)
2025-01-06 11:22:16,415 - INFO - Found 25 observation files in /Users/tomsayada/spectral_analysis_project/data/K_1_50.0_K_2_100.0_SNR_50.0_Q_0.5/simulation_2
2025-01-06 11:22:16,415 - INFO - Running command: /usr/local/bin/python3.13 /Users/tomsayada/spectral_analysis_project/src/run_ratio_constrained_fit.py --data_dir /Users/tomsayada/spectral_analysis_project/data/K_1_50.0_K_2_100.0_SNR_50.0_Q_0.5/simulation_2 --output_dir /Users/tomsayada/spectral_analysis_project/data/K_1_50.0_K_2_100.0_SNR_50.0_Q_0.5/simulation_2/ratio_sym_weighted_nobaseline_fit_results --profile_type sym --lines He4026,He4388,He4471
2025-01-06 11:27:23,619 - ERROR - run_ratio_constrained_fit.py failed (rc=1)
2025-01-06 11:27:23,620 - INFO - Retrying /Users/tomsayada/spectral_analysis_project/data/K_1_50.0_K_2_100.0_SNR_50.0_Q_0.5/simulation_2 (attempt 3)
2025-01-06 11:27:23,621 - INFO - Found 25 observation files in /Users/tomsayada/spectral_analysis_project/data/K_1_50.0_K_2_100.0_SNR_50.0_Q_0.5/simulation_2
2025-01-06 11:27:23,621 - INFO - Running command: /usr/local/bin/python3.13 /Users/tomsayada/spectral_analysis_project/src/run_ratio_constrained_fit.py --data_dir /Users/tomsayada/spectral_analysis_project/data/K_1_50.0_K_2_100.0_SNR_50.0_Q_0.5/simulation_2 --output_dir /Users/tomsayada/spectral_analysis_project/data/K_1_50.0_K_2_100.0_SNR_50.0_Q_0.5/simulation_2/ratio_sym_weighted_nobaseline_fit_results --profile_type sym --lines He4026,He4388,He4471
2025-01-06 11:32:27,212 - ERROR - run_ratio_constrained_fit.py failed (rc=1)
2025-01-06 11:32:27,214 - INFO - Found 25 observation files in /Users/tomsayada/spectral_analysis_project/data/K_1_50.0_K_2_100.0_SNR_50.0_Q_0.5/simulation_3
2025-01-06 11:32:27,214 - INFO - Running command: /usr/local/bin/python3.13 /Users/tomsayada/spectral_analysis_project/src/run_ratio_constrained_fit.py --data_dir /Users/tomsayada/spectral_analysis_project/data/K_1_50.0_K_2_100.0_SNR_50.0_Q_0.5/simulation_3 --output_dir /Users/tomsayada/spectral_analysis_project/data/K_1_50.0_K_2_100.0_SNR_50.0_Q_0.5/simulation_3/ratio_sym_weighted_nobaseline_fit_results --profile_type sym --lines He4026,He4388,He4471
2025-01-06 11:36:56,774 - ERROR - run_ratio_constrained_fit.py failed (rc=1)
2025-01-06 11:36:56,775 - INFO - Retrying /Users/tomsayada/spectral_analysis_project/data/K_1_50.0_K_2_100.0_SNR_50.0_Q_0.5/simulation_3 (attempt 1)
2025-01-06 11:36:56,776 - INFO - Found 25 observation files in /Users/tomsayada/spectral_analysis_project/data/K_1_50.0_K_2_100.0_SNR_50.0_Q_0.5/simulation_3
2025-01-06 11:36:56,776 - INFO - Running command: /usr/local/bin/python3.13 /Users/tomsayada/spectral_analysis_project/src/run_ratio_constrained_fit.py --data_dir /Users/tomsayada/spectral_analysis_project/data/K_1_50.0_K_2_100.0_SNR_50.0_Q_0.5/simulation_3 --output_dir /Users/tomsayada/spectral_analysis_project/data/K_1_50.0_K_2_100.0_SNR_50.0_Q_0.5/simulation_3/ratio_sym_weighted_nobaseline_fit_results --profile_type sym --lines He4026,He4388,He4471
2025-01-06 11:41:34,849 - ERROR - run_ratio_constrained_fit.py failed (rc=1)
2025-01-06 11:41:34,850 - INFO - Retrying /Users/tomsayada/spectral_analysis_project/data/K_1_50.0_K_2_100.0_SNR_50.0_Q_0.5/simulation_3 (attempt 2)
2025-01-06 11:41:34,851 - INFO - Found 25 observation files in /Users/tomsayada/spectral_analysis_project/data/K_1_50.0_K_2_100.0_SNR_50.0_Q_0.5/simulation_3
2025-01-06 11:41:34,851 - INFO - Running command: /usr/local/bin/python3.13 /Users/tomsayada/spectral_analysis_project/src/run_ratio_constrained_fit.py --data_dir /Users/tomsayada/spectral_analysis_project/data/K_1_50.0_K_2_100.0_SNR_50.0_Q_0.5/simulation_3 --output_dir /Users/tomsayada/spectral_analysis_project/data/K_1_50.0_K_2_100.0_SNR_50.0_Q_0.5/simulation_3/ratio_sym_weighted_nobaseline_fit_results --profile_type sym --lines He4026,He4388,He4471
2025-01-06 11:46:12,205 - ERROR - run_ratio_constrained_fit.py failed (rc=1)
2025-01-06 11:46:12,207 - INFO - Retrying /Users/tomsayada/spectral_analysis_project/data/K_1_50.0_K_2_100.0_SNR_50.0_Q_0.5/simulation_3 (attempt 3)
2025-01-06 11:46:12,207 - INFO - Found 25 observation files in /Users/tomsayada/spectral_analysis_project/data/K_1_50.0_K_2_100.0_SNR_50.0_Q_0.5/simulation_3
2025-01-06 11:46:12,207 - INFO - Running command: /usr/local/bin/python3.13 /Users/tomsayada/spectral_analysis_project/src/run_ratio_constrained_fit.py --data_dir /Users/tomsayada/spectral_analysis_project/data/K_1_50.0_K_2_100.0_SNR_50.0_Q_0.5/simulation_3 --output_dir /Users/tomsayada/spectral_analysis_project/data/K_1_50.0_K_2_100.0_SNR_50.0_Q_0.5/simulation_3/ratio_sym_weighted_nobaseline_fit_results --profile_type sym --lines He4026,He4388,He4471
2025-01-06 11:50:55,403 - ERROR - run_ratio_constrained_fit.py failed (rc=1)
2025-01-06 11:50:55,405 - INFO - Found 25 observation files in /Users/tomsayada/spectral_analysis_project/data/K_1_50.0_K_2_100.0_SNR_50.0_Q_0.5/simulation_4
2025-01-06 11:50:55,405 - INFO - Running command: /usr/local/bin/python3.13 /Users/tomsayada/spectral_analysis_project/src/run_ratio_constrained_fit.py --data_dir /Users/tomsayada/spectral_analysis_project/data/K_1_50.0_K_2_100.0_SNR_50.0_Q_0.5/simulation_4 --output_dir /Users/tomsayada/spectral_analysis_project/data/K_1_50.0_K_2_100.0_SNR_50.0_Q_0.5/simulation_4/ratio_sym_weighted_nobaseline_fit_results --profile_type sym --lines He4026,He4388,He4471
2025-01-06 11:55:50,304 - ERROR - run_ratio_constrained_fit.py failed (rc=1)
2025-01-06 11:55:50,305 - INFO - Retrying /Users/tomsayada/spectral_analysis_project/data/K_1_50.0_K_2_100.0_SNR_50.0_Q_0.5/simulation_4 (attempt 1)
2025-01-06 11:55:50,306 - INFO - Found 25 observation files in /Users/tomsayada/spectral_analysis_project/data/K_1_50.0_K_2_100.0_SNR_50.0_Q_0.5/simulation_4
2025-01-06 11:55:50,306 - INFO - Running command: /usr/local/bin/python3.13 /Users/tomsayada/spectral_analysis_project/src/run_ratio_constrained_fit.py --data_dir /Users/tomsayada/spectral_analysis_project/data/K_1_50.0_K_2_100.0_SNR_50.0_Q_0.5/simulation_4 --output_dir /Users/tomsayada/spectral_analysis_project/data/K_1_50.0_K_2_100.0_SNR_50.0_Q_0.5/simulation_4/ratio_sym_weighted_nobaseline_fit_results --profile_type sym --lines He4026,He4388,He4471
2025-01-06 12:00:15,531 - ERROR - run_ratio_constrained_fit.py failed (rc=1)
2025-01-06 12:00:15,533 - INFO - Retrying /Users/tomsayada/spectral_analysis_project/data/K_1_50.0_K_2_100.0_SNR_50.0_Q_0.5/simulation_4 (attempt 2)
2025-01-06 12:00:15,533 - INFO - Found 25 observation files in /Users/tomsayada/spectral_analysis_project/data/K_1_50.0_K_2_100.0_SNR_50.0_Q_0.5/simulation_4
2025-01-06 12:00:15,533 - INFO - Running command: /usr/local/bin/python3.13 /Users/tomsayada/spectral_analysis_project/src/run_ratio_constrained_fit.py --data_dir /Users/tomsayada/spectral_analysis_project/data/K_1_50.0_K_2_100.0_SNR_50.0_Q_0.5/simulation_4 --output_dir /Users/tomsayada/spectral_analysis_project/data/K_1_50.0_K_2_100.0_SNR_50.0_Q_0.5/simulation_4/ratio_sym_weighted_nobaseline_fit_results --profile_type sym --lines He4026,He4388,He4471
2025-01-06 12:07:38,691 - ERROR - run_ratio_constrained_fit.py failed (rc=1)
2025-01-06 12:07:38,693 - INFO - Retrying /Users/tomsayada/spectral_analysis_project/data/K_1_50.0_K_2_100.0_SNR_50.0_Q_0.5/simulation_4 (attempt 3)
2025-01-06 12:07:38,693 - INFO - Found 25 observation files in /Users/tomsayada/spectral_analysis_project/data/K_1_50.0_K_2_100.0_SNR_50.0_Q_0.5/simulation_4
2025-01-06 12:07:38,693 - INFO - Running command: /usr/local/bin/python3.13 /Users/tomsayada/spectral_analysis_project/src/run_ratio_constrained_fit.py --data_dir /Users/tomsayada/spectral_analysis_project/data/K_1_50.0_K_2_100.0_SNR_50.0_Q_0.5/simulation_4 --output_dir /Users/tomsayada/spectral_analysis_project/data/K_1_50.0_K_2_100.0_SNR_50.0_Q_0.5/simulation_4/ratio_sym_weighted_nobaseline_fit_results --profile_type sym --lines He4026,He4388,He4471
2025-01-06 13:47:49,525 - ERROR - run_ratio_constrained_fit.py failed (rc=1)
2025-01-06 13:47:49,527 - INFO - Found 25 observation files in /Users/tomsayada/spectral_analysis_project/data/K_1_50.0_K_2_100.0_SNR_50.0_Q_0.5/simulation_5
2025-01-06 13:47:49,527 - INFO - Running command: /usr/local/bin/python3.13 /Users/tomsayada/spectral_analysis_project/src/run_ratio_constrained_fit.py --data_dir /Users/tomsayada/spectral_analysis_project/data/K_1_50.0_K_2_100.0_SNR_50.0_Q_0.5/simulation_5 --output_dir /Users/tomsayada/spectral_analysis_project/data/K_1_50.0_K_2_100.0_SNR_50.0_Q_0.5/simulation_5/ratio_sym_weighted_nobaseline_fit_results --profile_type sym --lines He4026,He4388,He4471
2025-01-06 14:10:09,391 - ERROR - run_ratio_constrained_fit.py failed (rc=1)
2025-01-06 14:10:09,392 - INFO - Retrying /Users/tomsayada/spectral_analysis_project/data/K_1_50.0_K_2_100.0_SNR_50.0_Q_0.5/simulation_5 (attempt 1)
2025-01-06 14:10:09,392 - INFO - Found 25 observation files in /Users/tomsayada/spectral_analysis_project/data/K_1_50.0_K_2_100.0_SNR_50.0_Q_0.5/simulation_5
2025-01-06 14:10:09,392 - INFO - Running command: /usr/local/bin/python3.13 /Users/tomsayada/spectral_analysis_project/src/run_ratio_constrained_fit.py --data_dir /Users/tomsayada/spectral_analysis_project/data/K_1_50.0_K_2_100.0_SNR_50.0_Q_0.5/simulation_5 --output_dir /Users/tomsayada/spectral_analysis_project/data/K_1_50.0_K_2_100.0_SNR_50.0_Q_0.5/simulation_5/ratio_sym_weighted_nobaseline_fit_results --profile_type sym --lines He4026,He4388,He4471
2025-01-06 16:47:30,622 - ERROR - run_ratio_constrained_fit.py failed (rc=1)
2025-01-06 16:47:30,622 - INFO - Retrying /Users/tomsayada/spectral_analysis_project/data/K_1_50.0_K_2_100.0_SNR_50.0_Q_0.5/simulation_5 (attempt 2)
2025-01-06 16:47:30,623 - INFO - Found 25 observation files in /Users/tomsayada/spectral_analysis_project/data/K_1_50.0_K_2_100.0_SNR_50.0_Q_0.5/simulation_5
2025-01-06 16:47:30,623 - INFO - Running command: /usr/local/bin/python3.13 /Users/tomsayada/spectral_analysis_project/src/run_ratio_constrained_fit.py --data_dir /Users/tomsayada/spectral_analysis_project/data/K_1_50.0_K_2_100.0_SNR_50.0_Q_0.5/simulation_5 --output_dir /Users/tomsayada/spectral_analysis_project/data/K_1_50.0_K_2_100.0_SNR_50.0_Q_0.5/simulation_5/ratio_sym_weighted_nobaseline_fit_results --profile_type sym --lines He4026,He4388,He4471
2025-01-06 19:48:48,422 - ERROR - run_ratio_constrained_fit.py failed (rc=1)
2025-01-06 19:48:48,423 - INFO - Retrying /Users/tomsayada/spectral_analysis_project/data/K_1_50.0_K_2_100.0_SNR_50.0_Q_0.5/simulation_5 (attempt 3)
2025-01-06 19:48:48,424 - INFO - Found 25 observation files in /Users/tomsayada/spectral_analysis_project/data/K_1_50.0_K_2_100.0_SNR_50.0_Q_0.5/simulation_5
2025-01-06 19:48:48,424 - INFO - Running command: /usr/local/bin/python3.13 /Users/tomsayada/spectral_analysis_project/src/run_ratio_constrained_fit.py --data_dir /Users/tomsayada/spectral_analysis_project/data/K_1_50.0_K_2_100.0_SNR_50.0_Q_0.5/simulation_5 --output_dir /Users/tomsayada/spectral_analysis_project/data/K_1_50.0_K_2_100.0_SNR_50.0_Q_0.5/simulation_5/ratio_sym_weighted_nobaseline_fit_results --profile_type sym --lines He4026,He4388,He4471
2025-01-06 23:01:06,302 - ERROR - run_ratio_constrained_fit.py failed (rc=1)
2025-01-06 23:01:06,305 - INFO - Found 25 observation files in /Users/tomsayada/spectral_analysis_project/data/K_1_50.0_K_2_100.0_SNR_50.0_Q_0.5/simulation_6
2025-01-06 23:01:06,305 - INFO - Running command: /usr/local/bin/python3.13 /Users/tomsayada/spectral_analysis_project/src/run_ratio_constrained_fit.py --data_dir /Users/tomsayada/spectral_analysis_project/data/K_1_50.0_K_2_100.0_SNR_50.0_Q_0.5/simulation_6 --output_dir /Users/tomsayada/spectral_analysis_project/data/K_1_50.0_K_2_100.0_SNR_50.0_Q_0.5/simulation_6/ratio_sym_weighted_nobaseline_fit_results --profile_type sym --lines He4026,He4388,He4471
2025-01-07 03:05:01,329 - ERROR - run_ratio_constrained_fit.py failed (rc=1)
2025-01-07 03:05:01,331 - INFO - Retrying /Users/tomsayada/spectral_analysis_project/data/K_1_50.0_K_2_100.0_SNR_50.0_Q_0.5/simulation_6 (attempt 1)
2025-01-07 03:05:01,331 - INFO - Found 25 observation files in /Users/tomsayada/spectral_analysis_project/data/K_1_50.0_K_2_100.0_SNR_50.0_Q_0.5/simulation_6
2025-01-07 03:05:01,331 - INFO - Running command: /usr/local/bin/python3.13 /Users/tomsayada/spectral_analysis_project/src/run_ratio_constrained_fit.py --data_dir /Users/tomsayada/spectral_analysis_project/data/K_1_50.0_K_2_100.0_SNR_50.0_Q_0.5/simulation_6 --output_dir /Users/tomsayada/spectral_analysis_project/data/K_1_50.0_K_2_100.0_SNR_50.0_Q_0.5/simulation_6/ratio_sym_weighted_nobaseline_fit_results --profile_type sym --lines He4026,He4388,He4471
2025-01-07 07:57:27,258 - ERROR - run_ratio_constrained_fit.py failed (rc=1)
2025-01-07 07:57:27,259 - INFO - Retrying /Users/tomsayada/spectral_analysis_project/data/K_1_50.0_K_2_100.0_SNR_50.0_Q_0.5/simulation_6 (attempt 2)
2025-01-07 07:57:27,260 - INFO - Found 25 observation files in /Users/tomsayada/spectral_analysis_project/data/K_1_50.0_K_2_100.0_SNR_50.0_Q_0.5/simulation_6
2025-01-07 07:57:27,260 - INFO - Running command: /usr/local/bin/python3.13 /Users/tomsayada/spectral_analysis_project/src/run_ratio_constrained_fit.py --data_dir /Users/tomsayada/spectral_analysis_project/data/K_1_50.0_K_2_100.0_SNR_50.0_Q_0.5/simulation_6 --output_dir /Users/tomsayada/spectral_analysis_project/data/K_1_50.0_K_2_100.0_SNR_50.0_Q_0.5/simulation_6/ratio_sym_weighted_nobaseline_fit_results --profile_type sym --lines He4026,He4388,He4471
2025-01-07 08:08:33,607 - ERROR - run_ratio_constrained_fit.py failed (rc=1)
2025-01-07 08:08:33,609 - INFO - Retrying /Users/tomsayada/spectral_analysis_project/data/K_1_50.0_K_2_100.0_SNR_50.0_Q_0.5/simulation_6 (attempt 3)
2025-01-07 08:08:33,609 - INFO - Found 25 observation files in /Users/tomsayada/spectral_analysis_project/data/K_1_50.0_K_2_100.0_SNR_50.0_Q_0.5/simulation_6
2025-01-07 08:08:33,609 - INFO - Running command: /usr/local/bin/python3.13 /Users/tomsayada/spectral_analysis_project/src/run_ratio_constrained_fit.py --data_dir /Users/tomsayada/spectral_analysis_project/data/K_1_50.0_K_2_100.0_SNR_50.0_Q_0.5/simulation_6 --output_dir /Users/tomsayada/spectral_analysis_project/data/K_1_50.0_K_2_100.0_SNR_50.0_Q_0.5/simulation_6/ratio_sym_weighted_nobaseline_fit_results --profile_type sym --lines He4026,He4388,He4471
2025-01-07 08:13:27,420 - ERROR - run_ratio_constrained_fit.py failed (rc=1)
2025-01-07 08:13:27,422 - INFO - Found 25 observation files in /Users/tomsayada/spectral_analysis_project/data/K_1_50.0_K_2_100.0_SNR_50.0_Q_0.5/simulation_7
2025-01-07 08:13:27,422 - INFO - Running command: /usr/local/bin/python3.13 /Users/tomsayada/spectral_analysis_project/src/run_ratio_constrained_fit.py --data_dir /Users/tomsayada/spectral_analysis_project/data/K_1_50.0_K_2_100.0_SNR_50.0_Q_0.5/simulation_7 --output_dir /Users/tomsayada/spectral_analysis_project/data/K_1_50.0_K_2_100.0_SNR_50.0_Q_0.5/simulation_7/ratio_sym_weighted_nobaseline_fit_results --profile_type sym --lines He4026,He4388,He4471
2025-01-07 08:18:19,062 - ERROR - run_ratio_constrained_fit.py failed (rc=1)
2025-01-07 08:18:19,063 - INFO - Retrying /Users/tomsayada/spectral_analysis_project/data/K_1_50.0_K_2_100.0_SNR_50.0_Q_0.5/simulation_7 (attempt 1)
2025-01-07 08:18:19,064 - INFO - Found 25 observation files in /Users/tomsayada/spectral_analysis_project/data/K_1_50.0_K_2_100.0_SNR_50.0_Q_0.5/simulation_7
2025-01-07 08:18:19,064 - INFO - Running command: /usr/local/bin/python3.13 /Users/tomsayada/spectral_analysis_project/src/run_ratio_constrained_fit.py --data_dir /Users/tomsayada/spectral_analysis_project/data/K_1_50.0_K_2_100.0_SNR_50.0_Q_0.5/simulation_7 --output_dir /Users/tomsayada/spectral_analysis_project/data/K_1_50.0_K_2_100.0_SNR_50.0_Q_0.5/simulation_7/ratio_sym_weighted_nobaseline_fit_results --profile_type sym --lines He4026,He4388,He4471
2025-01-07 08:22:55,532 - ERROR - run_ratio_constrained_fit.py failed (rc=1)
2025-01-07 08:22:55,533 - INFO - Retrying /Users/tomsayada/spectral_analysis_project/data/K_1_50.0_K_2_100.0_SNR_50.0_Q_0.5/simulation_7 (attempt 2)
2025-01-07 08:22:55,534 - INFO - Found 25 observation files in /Users/tomsayada/spectral_analysis_project/data/K_1_50.0_K_2_100.0_SNR_50.0_Q_0.5/simulation_7
2025-01-07 08:22:55,534 - INFO - Running command: /usr/local/bin/python3.13 /Users/tomsayada/spectral_analysis_project/src/run_ratio_constrained_fit.py --data_dir /Users/tomsayada/spectral_analysis_project/data/K_1_50.0_K_2_100.0_SNR_50.0_Q_0.5/simulation_7 --output_dir /Users/tomsayada/spectral_analysis_project/data/K_1_50.0_K_2_100.0_SNR_50.0_Q_0.5/simulation_7/ratio_sym_weighted_nobaseline_fit_results --profile_type sym --lines He4026,He4388,He4471
2025-01-07 08:27:34,202 - ERROR - run_ratio_constrained_fit.py failed (rc=1)
2025-01-07 08:27:34,203 - INFO - Retrying /Users/tomsayada/spectral_analysis_project/data/K_1_50.0_K_2_100.0_SNR_50.0_Q_0.5/simulation_7 (attempt 3)
2025-01-07 08:27:34,204 - INFO - Found 25 observation files in /Users/tomsayada/spectral_analysis_project/data/K_1_50.0_K_2_100.0_SNR_50.0_Q_0.5/simulation_7
2025-01-07 08:27:34,204 - INFO - Running command: /usr/local/bin/python3.13 /Users/tomsayada/spectral_analysis_project/src/run_ratio_constrained_fit.py --data_dir /Users/tomsayada/spectral_analysis_project/data/K_1_50.0_K_2_100.0_SNR_50.0_Q_0.5/simulation_7 --output_dir /Users/tomsayada/spectral_analysis_project/data/K_1_50.0_K_2_100.0_SNR_50.0_Q_0.5/simulation_7/ratio_sym_weighted_nobaseline_fit_results --profile_type sym --lines He4026,He4388,He4471
2025-01-07 08:32:17,926 - ERROR - run_ratio_constrained_fit.py failed (rc=1)
2025-01-07 08:32:17,928 - INFO - Found 25 observation files in /Users/tomsayada/spectral_analysis_project/data/K_1_50.0_K_2_100.0_SNR_50.0_Q_0.5/simulation_8
2025-01-07 08:32:17,928 - INFO - Running command: /usr/local/bin/python3.13 /Users/tomsayada/spectral_analysis_project/src/run_ratio_constrained_fit.py --data_dir /Users/tomsayada/spectral_analysis_project/data/K_1_50.0_K_2_100.0_SNR_50.0_Q_0.5/simulation_8 --output_dir /Users/tomsayada/spectral_analysis_project/data/K_1_50.0_K_2_100.0_SNR_50.0_Q_0.5/simulation_8/ratio_sym_weighted_nobaseline_fit_results --profile_type sym --lines He4026,He4388,He4471
2025-01-07 08:37:16,606 - ERROR - run_ratio_constrained_fit.py failed (rc=1)
2025-01-07 08:37:16,608 - INFO - Retrying /Users/tomsayada/spectral_analysis_project/data/K_1_50.0_K_2_100.0_SNR_50.0_Q_0.5/simulation_8 (attempt 1)
2025-01-07 08:37:16,608 - INFO - Found 25 observation files in /Users/tomsayada/spectral_analysis_project/data/K_1_50.0_K_2_100.0_SNR_50.0_Q_0.5/simulation_8
2025-01-07 08:37:16,608 - INFO - Running command: /usr/local/bin/python3.13 /Users/tomsayada/spectral_analysis_project/src/run_ratio_constrained_fit.py --data_dir /Users/tomsayada/spectral_analysis_project/data/K_1_50.0_K_2_100.0_SNR_50.0_Q_0.5/simulation_8 --output_dir /Users/tomsayada/spectral_analysis_project/data/K_1_50.0_K_2_100.0_SNR_50.0_Q_0.5/simulation_8/ratio_sym_weighted_nobaseline_fit_results --profile_type sym --lines He4026,He4388,He4471
2025-01-07 08:42:04,749 - ERROR - run_ratio_constrained_fit.py failed (rc=1)
2025-01-07 08:42:04,750 - INFO - Retrying /Users/tomsayada/spectral_analysis_project/data/K_1_50.0_K_2_100.0_SNR_50.0_Q_0.5/simulation_8 (attempt 2)
2025-01-07 08:42:04,751 - INFO - Found 25 observation files in /Users/tomsayada/spectral_analysis_project/data/K_1_50.0_K_2_100.0_SNR_50.0_Q_0.5/simulation_8
2025-01-07 08:42:04,751 - INFO - Running command: /usr/local/bin/python3.13 /Users/tomsayada/spectral_analysis_project/src/run_ratio_constrained_fit.py --data_dir /Users/tomsayada/spectral_analysis_project/data/K_1_50.0_K_2_100.0_SNR_50.0_Q_0.5/simulation_8 --output_dir /Users/tomsayada/spectral_analysis_project/data/K_1_50.0_K_2_100.0_SNR_50.0_Q_0.5/simulation_8/ratio_sym_weighted_nobaseline_fit_results --profile_type sym --lines He4026,He4388,He4471
2025-01-07 08:47:02,445 - ERROR - run_ratio_constrained_fit.py failed (rc=1)
2025-01-07 08:47:02,446 - INFO - Retrying /Users/tomsayada/spectral_analysis_project/data/K_1_50.0_K_2_100.0_SNR_50.0_Q_0.5/simulation_8 (attempt 3)
2025-01-07 08:47:02,447 - INFO - Found 25 observation files in /Users/tomsayada/spectral_analysis_project/data/K_1_50.0_K_2_100.0_SNR_50.0_Q_0.5/simulation_8
2025-01-07 08:47:02,447 - INFO - Running command: /usr/local/bin/python3.13 /Users/tomsayada/spectral_analysis_project/src/run_ratio_constrained_fit.py --data_dir /Users/tomsayada/spectral_analysis_project/data/K_1_50.0_K_2_100.0_SNR_50.0_Q_0.5/simulation_8 --output_dir /Users/tomsayada/spectral_analysis_project/data/K_1_50.0_K_2_100.0_SNR_50.0_Q_0.5/simulation_8/ratio_sym_weighted_nobaseline_fit_results --profile_type sym --lines He4026,He4388,He4471
2025-01-07 08:52:05,251 - ERROR - run_ratio_constrained_fit.py failed (rc=1)
2025-01-07 08:52:05,253 - INFO - Found 25 observation files in /Users/tomsayada/spectral_analysis_project/data/K_1_50.0_K_2_100.0_SNR_50.0_Q_0.5/simulation_9
2025-01-07 08:52:05,253 - INFO - Running command: /usr/local/bin/python3.13 /Users/tomsayada/spectral_analysis_project/src/run_ratio_constrained_fit.py --data_dir /Users/tomsayada/spectral_analysis_project/data/K_1_50.0_K_2_100.0_SNR_50.0_Q_0.5/simulation_9 --output_dir /Users/tomsayada/spectral_analysis_project/data/K_1_50.0_K_2_100.0_SNR_50.0_Q_0.5/simulation_9/ratio_sym_weighted_nobaseline_fit_results --profile_type sym --lines He4026,He4388,He4471
2025-01-07 09:21:50,542 - ERROR - run_ratio_constrained_fit.py failed (rc=1)
2025-01-07 09:21:50,548 - INFO - Retrying /Users/tomsayada/spectral_analysis_project/data/K_1_50.0_K_2_100.0_SNR_50.0_Q_0.5/simulation_9 (attempt 1)
2025-01-07 09:21:50,549 - INFO - Found 25 observation files in /Users/tomsayada/spectral_analysis_project/data/K_1_50.0_K_2_100.0_SNR_50.0_Q_0.5/simulation_9
2025-01-07 09:21:50,550 - INFO - Running command: /usr/local/bin/python3.13 /Users/tomsayada/spectral_analysis_project/src/run_ratio_constrained_fit.py --data_dir /Users/tomsayada/spectral_analysis_project/data/K_1_50.0_K_2_100.0_SNR_50.0_Q_0.5/simulation_9 --output_dir /Users/tomsayada/spectral_analysis_project/data/K_1_50.0_K_2_100.0_SNR_50.0_Q_0.5/simulation_9/ratio_sym_weighted_nobaseline_fit_results --profile_type sym --lines He4026,He4388,He4471
2025-01-07 12:29:52,977 - ERROR - run_ratio_constrained_fit.py failed (rc=1)
2025-01-07 12:29:52,978 - INFO - Retrying /Users/tomsayada/spectral_analysis_project/data/K_1_50.0_K_2_100.0_SNR_50.0_Q_0.5/simulation_9 (attempt 2)
2025-01-07 12:29:52,979 - INFO - Found 25 observation files in /Users/tomsayada/spectral_analysis_project/data/K_1_50.0_K_2_100.0_SNR_50.0_Q_0.5/simulation_9
2025-01-07 12:29:52,979 - INFO - Running command: /usr/local/bin/python3.13 /Users/tomsayada/spectral_analysis_project/src/run_ratio_constrained_fit.py --data_dir /Users/tomsayada/spectral_analysis_project/data/K_1_50.0_K_2_100.0_SNR_50.0_Q_0.5/simulation_9 --output_dir /Users/tomsayada/spectral_analysis_project/data/K_1_50.0_K_2_100.0_SNR_50.0_Q_0.5/simulation_9/ratio_sym_weighted_nobaseline_fit_results --profile_type sym --lines He4026,He4388,He4471
2025-01-07 12:35:07,866 - ERROR - run_ratio_constrained_fit.py failed (rc=1)
2025-01-07 12:35:07,866 - INFO - Retrying /Users/tomsayada/spectral_analysis_project/data/K_1_50.0_K_2_100.0_SNR_50.0_Q_0.5/simulation_9 (attempt 3)
2025-01-07 12:35:07,866 - INFO - Found 25 observation files in /Users/tomsayada/spectral_analysis_project/data/K_1_50.0_K_2_100.0_SNR_50.0_Q_0.5/simulation_9
2025-01-07 12:35:07,866 - INFO - Running command: /usr/local/bin/python3.13 /Users/tomsayada/spectral_analysis_project/src/run_ratio_constrained_fit.py --data_dir /Users/tomsayada/spectral_analysis_project/data/K_1_50.0_K_2_100.0_SNR_50.0_Q_0.5/simulation_9 --output_dir /Users/tomsayada/spectral_analysis_project/data/K_1_50.0_K_2_100.0_SNR_50.0_Q_0.5/simulation_9/ratio_sym_weighted_nobaseline_fit_results --profile_type sym --lines He4026,He4388,He4471
2025-01-07 12:39:50,771 - ERROR - run_ratio_constrained_fit.py failed (rc=1)
2025-01-07 12:39:50,773 - INFO - Found 25 observation files in /Users/tomsayada/spectral_analysis_project/data/K_1_50.0_K_2_100.0_SNR_50.0_Q_0.5/simulation_10
2025-01-07 12:39:50,773 - INFO - Running command: /usr/local/bin/python3.13 /Users/tomsayada/spectral_analysis_project/src/run_ratio_constrained_fit.py --data_dir /Users/tomsayada/spectral_analysis_project/data/K_1_50.0_K_2_100.0_SNR_50.0_Q_0.5/simulation_10 --output_dir /Users/tomsayada/spectral_analysis_project/data/K_1_50.0_K_2_100.0_SNR_50.0_Q_0.5/simulation_10/ratio_sym_weighted_nobaseline_fit_results --profile_type sym --lines He4026,He4388,He4471
2025-01-07 12:44:38,633 - ERROR - run_ratio_constrained_fit.py failed (rc=1)
2025-01-07 12:44:38,633 - INFO - Retrying /Users/tomsayada/spectral_analysis_project/data/K_1_50.0_K_2_100.0_SNR_50.0_Q_0.5/simulation_10 (attempt 1)
2025-01-07 12:44:38,634 - INFO - Found 25 observation files in /Users/tomsayada/spectral_analysis_project/data/K_1_50.0_K_2_100.0_SNR_50.0_Q_0.5/simulation_10
2025-01-07 12:44:38,634 - INFO - Running command: /usr/local/bin/python3.13 /Users/tomsayada/spectral_analysis_project/src/run_ratio_constrained_fit.py --data_dir /Users/tomsayada/spectral_analysis_project/data/K_1_50.0_K_2_100.0_SNR_50.0_Q_0.5/simulation_10 --output_dir /Users/tomsayada/spectral_analysis_project/data/K_1_50.0_K_2_100.0_SNR_50.0_Q_0.5/simulation_10/ratio_sym_weighted_nobaseline_fit_results --profile_type sym --lines He4026,He4388,He4471
2025-01-07 12:49:54,048 - ERROR - run_ratio_constrained_fit.py failed (rc=1)
2025-01-07 12:49:54,049 - INFO - Retrying /Users/tomsayada/spectral_analysis_project/data/K_1_50.0_K_2_100.0_SNR_50.0_Q_0.5/simulation_10 (attempt 2)
2025-01-07 12:49:54,049 - INFO - Found 25 observation files in /Users/tomsayada/spectral_analysis_project/data/K_1_50.0_K_2_100.0_SNR_50.0_Q_0.5/simulation_10
2025-01-07 12:49:54,049 - INFO - Running command: /usr/local/bin/python3.13 /Users/tomsayada/spectral_analysis_project/src/run_ratio_constrained_fit.py --data_dir /Users/tomsayada/spectral_analysis_project/data/K_1_50.0_K_2_100.0_SNR_50.0_Q_0.5/simulation_10 --output_dir /Users/tomsayada/spectral_analysis_project/data/K_1_50.0_K_2_100.0_SNR_50.0_Q_0.5/simulation_10/ratio_sym_weighted_nobaseline_fit_results --profile_type sym --lines He4026,He4388,He4471
2025-01-07 12:54:51,359 - ERROR - run_ratio_constrained_fit.py failed (rc=1)
2025-01-07 12:54:51,360 - INFO - Retrying /Users/tomsayada/spectral_analysis_project/data/K_1_50.0_K_2_100.0_SNR_50.0_Q_0.5/simulation_10 (attempt 3)
2025-01-07 12:54:51,360 - INFO - Found 25 observation files in /Users/tomsayada/spectral_analysis_project/data/K_1_50.0_K_2_100.0_SNR_50.0_Q_0.5/simulation_10
2025-01-07 12:54:51,360 - INFO - Running command: /usr/local/bin/python3.13 /Users/tomsayada/spectral_analysis_project/src/run_ratio_constrained_fit.py --data_dir /Users/tomsayada/spectral_analysis_project/data/K_1_50.0_K_2_100.0_SNR_50.0_Q_0.5/simulation_10 --output_dir /Users/tomsayada/spectral_analysis_project/data/K_1_50.0_K_2_100.0_SNR_50.0_Q_0.5/simulation_10/ratio_sym_weighted_nobaseline_fit_results --profile_type sym --lines He4026,He4388,He4471
2025-01-07 12:59:59,325 - ERROR - run_ratio_constrained_fit.py failed (rc=1)
2025-01-07 12:59:59,328 - INFO - Analysis complete => 0/10 successful
2025-01-07 12:59:59,331 - INFO - Saved summary: /Users/tomsayada/spectral_analysis_project/data/K_1_50.0_K_2_100.0_SNR_50.0_Q_0.5/analysis_results_20250106_105055/analysis_summary.json
2025-01-07 12:59:59,331 - WARNING - Some folders failed; check logs or analysis_summary.json
2025-01-07 14:41:00,919 - INFO - Select the parent data folder:
2025-01-07 14:41:11,863 - INFO - User selected folder: /Users/tomsayada/spectral_analysis_project/data/K_1_50.0_K_2_100.0_SNR_50.0_Q_0.5
2025-01-07 14:41:11,864 - INFO - Data folder set to: /Users/tomsayada/spectral_analysis_project/data/K_1_50.0_K_2_100.0_SNR_50.0_Q_0.5
2025-01-07 14:41:11,864 - INFO - Base output: /Users/tomsayada/spectral_analysis_project/data/K_1_50.0_K_2_100.0_SNR_50.0_Q_0.5/analysis_results_20250107_144111
2025-01-07 14:41:11,874 - INFO - Found 25 observation files in /Users/tomsayada/spectral_analysis_project/data/K_1_50.0_K_2_100.0_SNR_50.0_Q_0.5/simulation_1
2025-01-07 14:41:11,874 - INFO - Running command: /usr/local/bin/python3.13 /Users/tomsayada/spectral_analysis_project/src/run_standard_fit.py --data_dir /Users/tomsayada/spectral_analysis_project/data/K_1_50.0_K_2_100.0_SNR_50.0_Q_0.5/simulation_1 --output_dir /Users/tomsayada/spectral_analysis_project/data/K_1_50.0_K_2_100.0_SNR_50.0_Q_0.5/simulation_1/standard_sym_weighted_nobaseline_fit_results --profile_type sym --lines He4026,He4388,He4471,H4340
2025-01-07 14:48:49,408 - INFO - Analysis complete for /Users/tomsayada/spectral_analysis_project/data/K_1_50.0_K_2_100.0_SNR_50.0_Q_0.5/simulation_1. Results in: /Users/tomsayada/spectral_analysis_project/data/K_1_50.0_K_2_100.0_SNR_50.0_Q_0.5/simulation_1/standard_sym_weighted_nobaseline_fit_results
2025-01-07 14:48:49,409 - INFO - Found 25 observation files in /Users/tomsayada/spectral_analysis_project/data/K_1_50.0_K_2_100.0_SNR_50.0_Q_0.5/simulation_2
2025-01-07 14:48:49,409 - INFO - Running command: /usr/local/bin/python3.13 /Users/tomsayada/spectral_analysis_project/src/run_standard_fit.py --data_dir /Users/tomsayada/spectral_analysis_project/data/K_1_50.0_K_2_100.0_SNR_50.0_Q_0.5/simulation_2 --output_dir /Users/tomsayada/spectral_analysis_project/data/K_1_50.0_K_2_100.0_SNR_50.0_Q_0.5/simulation_2/standard_sym_weighted_nobaseline_fit_results --profile_type sym --lines He4026,He4388,He4471,H4340
2025-01-07 14:56:30,190 - INFO - Analysis complete for /Users/tomsayada/spectral_analysis_project/data/K_1_50.0_K_2_100.0_SNR_50.0_Q_0.5/simulation_2. Results in: /Users/tomsayada/spectral_analysis_project/data/K_1_50.0_K_2_100.0_SNR_50.0_Q_0.5/simulation_2/standard_sym_weighted_nobaseline_fit_results
2025-01-07 14:56:30,191 - INFO - Found 25 observation files in /Users/tomsayada/spectral_analysis_project/data/K_1_50.0_K_2_100.0_SNR_50.0_Q_0.5/simulation_3
2025-01-07 14:56:30,191 - INFO - Running command: /usr/local/bin/python3.13 /Users/tomsayada/spectral_analysis_project/src/run_standard_fit.py --data_dir /Users/tomsayada/spectral_analysis_project/data/K_1_50.0_K_2_100.0_SNR_50.0_Q_0.5/simulation_3 --output_dir /Users/tomsayada/spectral_analysis_project/data/K_1_50.0_K_2_100.0_SNR_50.0_Q_0.5/simulation_3/standard_sym_weighted_nobaseline_fit_results --profile_type sym --lines He4026,He4388,He4471,H4340
2025-01-07 15:04:04,979 - INFO - Analysis complete for /Users/tomsayada/spectral_analysis_project/data/K_1_50.0_K_2_100.0_SNR_50.0_Q_0.5/simulation_3. Results in: /Users/tomsayada/spectral_analysis_project/data/K_1_50.0_K_2_100.0_SNR_50.0_Q_0.5/simulation_3/standard_sym_weighted_nobaseline_fit_results
2025-01-07 15:04:04,981 - INFO - Found 25 observation files in /Users/tomsayada/spectral_analysis_project/data/K_1_50.0_K_2_100.0_SNR_50.0_Q_0.5/simulation_4
2025-01-07 15:04:04,981 - INFO - Running command: /usr/local/bin/python3.13 /Users/tomsayada/spectral_analysis_project/src/run_standard_fit.py --data_dir /Users/tomsayada/spectral_analysis_project/data/K_1_50.0_K_2_100.0_SNR_50.0_Q_0.5/simulation_4 --output_dir /Users/tomsayada/spectral_analysis_project/data/K_1_50.0_K_2_100.0_SNR_50.0_Q_0.5/simulation_4/standard_sym_weighted_nobaseline_fit_results --profile_type sym --lines He4026,He4388,He4471,H4340
2025-01-07 16:27:01,305 - INFO - Analysis complete for /Users/tomsayada/spectral_analysis_project/data/K_1_50.0_K_2_100.0_SNR_50.0_Q_0.5/simulation_4. Results in: /Users/tomsayada/spectral_analysis_project/data/K_1_50.0_K_2_100.0_SNR_50.0_Q_0.5/simulation_4/standard_sym_weighted_nobaseline_fit_results
2025-01-07 16:27:01,307 - INFO - Found 25 observation files in /Users/tomsayada/spectral_analysis_project/data/K_1_50.0_K_2_100.0_SNR_50.0_Q_0.5/simulation_5
2025-01-07 16:27:01,307 - INFO - Running command: /usr/local/bin/python3.13 /Users/tomsayada/spectral_analysis_project/src/run_standard_fit.py --data_dir /Users/tomsayada/spectral_analysis_project/data/K_1_50.0_K_2_100.0_SNR_50.0_Q_0.5/simulation_5 --output_dir /Users/tomsayada/spectral_analysis_project/data/K_1_50.0_K_2_100.0_SNR_50.0_Q_0.5/simulation_5/standard_sym_weighted_nobaseline_fit_results --profile_type sym --lines He4026,He4388,He4471,H4340
2025-01-07 17:43:10,469 - INFO - Analysis complete for /Users/tomsayada/spectral_analysis_project/data/K_1_50.0_K_2_100.0_SNR_50.0_Q_0.5/simulation_5. Results in: /Users/tomsayada/spectral_analysis_project/data/K_1_50.0_K_2_100.0_SNR_50.0_Q_0.5/simulation_5/standard_sym_weighted_nobaseline_fit_results
2025-01-07 17:43:10,471 - INFO - Found 25 observation files in /Users/tomsayada/spectral_analysis_project/data/K_1_50.0_K_2_100.0_SNR_50.0_Q_0.5/simulation_6
2025-01-07 17:43:10,471 - INFO - Running command: /usr/local/bin/python3.13 /Users/tomsayada/spectral_analysis_project/src/run_standard_fit.py --data_dir /Users/tomsayada/spectral_analysis_project/data/K_1_50.0_K_2_100.0_SNR_50.0_Q_0.5/simulation_6 --output_dir /Users/tomsayada/spectral_analysis_project/data/K_1_50.0_K_2_100.0_SNR_50.0_Q_0.5/simulation_6/standard_sym_weighted_nobaseline_fit_results --profile_type sym --lines He4026,He4388,He4471,H4340
2025-01-07 17:50:39,884 - INFO - Analysis complete for /Users/tomsayada/spectral_analysis_project/data/K_1_50.0_K_2_100.0_SNR_50.0_Q_0.5/simulation_6. Results in: /Users/tomsayada/spectral_analysis_project/data/K_1_50.0_K_2_100.0_SNR_50.0_Q_0.5/simulation_6/standard_sym_weighted_nobaseline_fit_results
2025-01-07 17:50:39,886 - INFO - Found 25 observation files in /Users/tomsayada/spectral_analysis_project/data/K_1_50.0_K_2_100.0_SNR_50.0_Q_0.5/simulation_7
2025-01-07 17:50:39,886 - INFO - Running command: /usr/local/bin/python3.13 /Users/tomsayada/spectral_analysis_project/src/run_standard_fit.py --data_dir /Users/tomsayada/spectral_analysis_project/data/K_1_50.0_K_2_100.0_SNR_50.0_Q_0.5/simulation_7 --output_dir /Users/tomsayada/spectral_analysis_project/data/K_1_50.0_K_2_100.0_SNR_50.0_Q_0.5/simulation_7/standard_sym_weighted_nobaseline_fit_results --profile_type sym --lines He4026,He4388,He4471,H4340
2025-01-07 17:58:22,977 - INFO - Analysis complete for /Users/tomsayada/spectral_analysis_project/data/K_1_50.0_K_2_100.0_SNR_50.0_Q_0.5/simulation_7. Results in: /Users/tomsayada/spectral_analysis_project/data/K_1_50.0_K_2_100.0_SNR_50.0_Q_0.5/simulation_7/standard_sym_weighted_nobaseline_fit_results
2025-01-07 17:58:22,979 - INFO - Found 25 observation files in /Users/tomsayada/spectral_analysis_project/data/K_1_50.0_K_2_100.0_SNR_50.0_Q_0.5/simulation_8
2025-01-07 17:58:22,979 - INFO - Running command: /usr/local/bin/python3.13 /Users/tomsayada/spectral_analysis_project/src/run_standard_fit.py --data_dir /Users/tomsayada/spectral_analysis_project/data/K_1_50.0_K_2_100.0_SNR_50.0_Q_0.5/simulation_8 --output_dir /Users/tomsayada/spectral_analysis_project/data/K_1_50.0_K_2_100.0_SNR_50.0_Q_0.5/simulation_8/standard_sym_weighted_nobaseline_fit_results --profile_type sym --lines He4026,He4388,He4471,H4340
2025-01-07 18:05:59,212 - INFO - Analysis complete for /Users/tomsayada/spectral_analysis_project/data/K_1_50.0_K_2_100.0_SNR_50.0_Q_0.5/simulation_8. Results in: /Users/tomsayada/spectral_analysis_project/data/K_1_50.0_K_2_100.0_SNR_50.0_Q_0.5/simulation_8/standard_sym_weighted_nobaseline_fit_results
2025-01-07 18:05:59,214 - INFO - Found 25 observation files in /Users/tomsayada/spectral_analysis_project/data/K_1_50.0_K_2_100.0_SNR_50.0_Q_0.5/simulation_9
2025-01-07 18:05:59,214 - INFO - Running command: /usr/local/bin/python3.13 /Users/tomsayada/spectral_analysis_project/src/run_standard_fit.py --data_dir /Users/tomsayada/spectral_analysis_project/data/K_1_50.0_K_2_100.0_SNR_50.0_Q_0.5/simulation_9 --output_dir /Users/tomsayada/spectral_analysis_project/data/K_1_50.0_K_2_100.0_SNR_50.0_Q_0.5/simulation_9/standard_sym_weighted_nobaseline_fit_results --profile_type sym --lines He4026,He4388,He4471,H4340
2025-01-07 18:13:38,047 - INFO - Analysis complete for /Users/tomsayada/spectral_analysis_project/data/K_1_50.0_K_2_100.0_SNR_50.0_Q_0.5/simulation_9. Results in: /Users/tomsayada/spectral_analysis_project/data/K_1_50.0_K_2_100.0_SNR_50.0_Q_0.5/simulation_9/standard_sym_weighted_nobaseline_fit_results
2025-01-07 18:13:38,049 - INFO - Found 25 observation files in /Users/tomsayada/spectral_analysis_project/data/K_1_50.0_K_2_100.0_SNR_50.0_Q_0.5/simulation_10
2025-01-07 18:13:38,049 - INFO - Running command: /usr/local/bin/python3.13 /Users/tomsayada/spectral_analysis_project/src/run_standard_fit.py --data_dir /Users/tomsayada/spectral_analysis_project/data/K_1_50.0_K_2_100.0_SNR_50.0_Q_0.5/simulation_10 --output_dir /Users/tomsayada/spectral_analysis_project/data/K_1_50.0_K_2_100.0_SNR_50.0_Q_0.5/simulation_10/standard_sym_weighted_nobaseline_fit_results --profile_type sym --lines He4026,He4388,He4471,H4340
2025-01-07 18:21:13,670 - INFO - Analysis complete for /Users/tomsayada/spectral_analysis_project/data/K_1_50.0_K_2_100.0_SNR_50.0_Q_0.5/simulation_10. Results in: /Users/tomsayada/spectral_analysis_project/data/K_1_50.0_K_2_100.0_SNR_50.0_Q_0.5/simulation_10/standard_sym_weighted_nobaseline_fit_results
2025-01-07 18:21:13,671 - INFO - Analysis complete => 10/10 successful
2025-01-07 18:21:13,671 - INFO - Saved summary: /Users/tomsayada/spectral_analysis_project/data/K_1_50.0_K_2_100.0_SNR_50.0_Q_0.5/analysis_results_20250107_144111/analysis_summary.json
2025-01-08 20:01:40,657 - INFO - Analysis complete for /Users/tomsayada/spectral_analysis_project/data/K_1_50.0_K_2_100.0_SNR_50.0_Q_0.5/simulation_5. Results in: /Users/tomsayada/spectral_analysis_project/data/K_1_50.0_K_2_100.0_SNR_50.0_Q_0.5/simulation_5/standard_sym_weighted_nobaseline_fit_results
2025-01-09 12:12:26,525 - INFO - Select the parent data folder:
2025-01-09 12:12:41,146 - INFO - User selected folder: /Users/tomsayada/spectral_analysis_project/data/K_1_50.0_K_2_100.0_SNR_50.0_Q_0.5
2025-01-09 12:12:41,147 - INFO - Data folder set to: /Users/tomsayada/spectral_analysis_project/data/K_1_50.0_K_2_100.0_SNR_50.0_Q_0.5
2025-01-09 12:12:41,147 - INFO - Base output: /Users/tomsayada/spectral_analysis_project/data/K_1_50.0_K_2_100.0_SNR_50.0_Q_0.5/analysis_results_20250109_121241
2025-01-09 12:12:41,211 - INFO - Found 25 observation files in /Users/tomsayada/spectral_analysis_project/data/K_1_50.0_K_2_100.0_SNR_50.0_Q_0.5/simulation_1
2025-01-09 12:12:41,211 - INFO - Running command: /usr/local/bin/python3.13 /Users/tomsayada/spectral_analysis_project/src/run_standard_fit.py --data_dir /Users/tomsayada/spectral_analysis_project/data/K_1_50.0_K_2_100.0_SNR_50.0_Q_0.5/simulation_1 --output_dir /Users/tomsayada/spectral_analysis_project/data/K_1_50.0_K_2_100.0_SNR_50.0_Q_0.5/simulation_1/standard_sym_weighted_nobaseline_fit_results --profile_type sym --lines He4026,He4388,He4471,H4340
2025-01-09 12:12:41,214 - INFO - Found 25 observation files in /Users/tomsayada/spectral_analysis_project/data/K_1_50.0_K_2_100.0_SNR_50.0_Q_0.5/simulation_2
2025-01-09 12:12:41,214 - INFO - Running command: /usr/local/bin/python3.13 /Users/tomsayada/spectral_analysis_project/src/run_standard_fit.py --data_dir /Users/tomsayada/spectral_analysis_project/data/K_1_50.0_K_2_100.0_SNR_50.0_Q_0.5/simulation_2 --output_dir /Users/tomsayada/spectral_analysis_project/data/K_1_50.0_K_2_100.0_SNR_50.0_Q_0.5/simulation_2/standard_sym_weighted_nobaseline_fit_results --profile_type sym --lines He4026,He4388,He4471,H4340
2025-01-09 12:12:41,218 - INFO - Found 25 observation files in /Users/tomsayada/spectral_analysis_project/data/K_1_50.0_K_2_100.0_SNR_50.0_Q_0.5/simulation_3
2025-01-09 12:12:41,219 - INFO - Running command: /usr/local/bin/python3.13 /Users/tomsayada/spectral_analysis_project/src/run_standard_fit.py --data_dir /Users/tomsayada/spectral_analysis_project/data/K_1_50.0_K_2_100.0_SNR_50.0_Q_0.5/simulation_3 --output_dir /Users/tomsayada/spectral_analysis_project/data/K_1_50.0_K_2_100.0_SNR_50.0_Q_0.5/simulation_3/standard_sym_weighted_nobaseline_fit_results --profile_type sym --lines He4026,He4388,He4471,H4340
2025-01-09 12:12:41,224 - INFO - Found 25 observation files in /Users/tomsayada/spectral_analysis_project/data/K_1_50.0_K_2_100.0_SNR_50.0_Q_0.5/simulation_4
2025-01-09 12:12:41,224 - INFO - Running command: /usr/local/bin/python3.13 /Users/tomsayada/spectral_analysis_project/src/run_standard_fit.py --data_dir /Users/tomsayada/spectral_analysis_project/data/K_1_50.0_K_2_100.0_SNR_50.0_Q_0.5/simulation_4 --output_dir /Users/tomsayada/spectral_analysis_project/data/K_1_50.0_K_2_100.0_SNR_50.0_Q_0.5/simulation_4/standard_sym_weighted_nobaseline_fit_results --profile_type sym --lines He4026,He4388,He4471,H4340
2025-01-09 12:20:21,897 - INFO - Analysis complete for /Users/tomsayada/spectral_analysis_project/data/K_1_50.0_K_2_100.0_SNR_50.0_Q_0.5/simulation_4. Results in: /Users/tomsayada/spectral_analysis_project/data/K_1_50.0_K_2_100.0_SNR_50.0_Q_0.5/simulation_4/standard_sym_weighted_nobaseline_fit_results
2025-01-09 12:20:21,899 - INFO - Found 25 observation files in /Users/tomsayada/spectral_analysis_project/data/K_1_50.0_K_2_100.0_SNR_50.0_Q_0.5/simulation_5
2025-01-09 12:20:21,899 - INFO - Running command: /usr/local/bin/python3.13 /Users/tomsayada/spectral_analysis_project/src/run_standard_fit.py --data_dir /Users/tomsayada/spectral_analysis_project/data/K_1_50.0_K_2_100.0_SNR_50.0_Q_0.5/simulation_5 --output_dir /Users/tomsayada/spectral_analysis_project/data/K_1_50.0_K_2_100.0_SNR_50.0_Q_0.5/simulation_5/standard_sym_weighted_nobaseline_fit_results --profile_type sym --lines He4026,He4388,He4471,H4340
2025-01-09 12:20:31,317 - INFO - Analysis complete for /Users/tomsayada/spectral_analysis_project/data/K_1_50.0_K_2_100.0_SNR_50.0_Q_0.5/simulation_1. Results in: /Users/tomsayada/spectral_analysis_project/data/K_1_50.0_K_2_100.0_SNR_50.0_Q_0.5/simulation_1/standard_sym_weighted_nobaseline_fit_results
2025-01-09 12:20:31,318 - INFO - Found 25 observation files in /Users/tomsayada/spectral_analysis_project/data/K_1_50.0_K_2_100.0_SNR_50.0_Q_0.5/simulation_6
2025-01-09 12:20:31,318 - INFO - Running command: /usr/local/bin/python3.13 /Users/tomsayada/spectral_analysis_project/src/run_standard_fit.py --data_dir /Users/tomsayada/spectral_analysis_project/data/K_1_50.0_K_2_100.0_SNR_50.0_Q_0.5/simulation_6 --output_dir /Users/tomsayada/spectral_analysis_project/data/K_1_50.0_K_2_100.0_SNR_50.0_Q_0.5/simulation_6/standard_sym_weighted_nobaseline_fit_results --profile_type sym --lines He4026,He4388,He4471,H4340
2025-01-09 12:20:33,221 - INFO - Analysis complete for /Users/tomsayada/spectral_analysis_project/data/K_1_50.0_K_2_100.0_SNR_50.0_Q_0.5/simulation_3. Results in: /Users/tomsayada/spectral_analysis_project/data/K_1_50.0_K_2_100.0_SNR_50.0_Q_0.5/simulation_3/standard_sym_weighted_nobaseline_fit_results
2025-01-09 12:20:33,223 - INFO - Found 25 observation files in /Users/tomsayada/spectral_analysis_project/data/K_1_50.0_K_2_100.0_SNR_50.0_Q_0.5/simulation_7
2025-01-09 12:20:33,223 - INFO - Running command: /usr/local/bin/python3.13 /Users/tomsayada/spectral_analysis_project/src/run_standard_fit.py --data_dir /Users/tomsayada/spectral_analysis_project/data/K_1_50.0_K_2_100.0_SNR_50.0_Q_0.5/simulation_7 --output_dir /Users/tomsayada/spectral_analysis_project/data/K_1_50.0_K_2_100.0_SNR_50.0_Q_0.5/simulation_7/standard_sym_weighted_nobaseline_fit_results --profile_type sym --lines He4026,He4388,He4471,H4340
2025-01-09 12:20:39,341 - INFO - Analysis complete for /Users/tomsayada/spectral_analysis_project/data/K_1_50.0_K_2_100.0_SNR_50.0_Q_0.5/simulation_2. Results in: /Users/tomsayada/spectral_analysis_project/data/K_1_50.0_K_2_100.0_SNR_50.0_Q_0.5/simulation_2/standard_sym_weighted_nobaseline_fit_results
2025-01-09 12:20:39,343 - INFO - Found 25 observation files in /Users/tomsayada/spectral_analysis_project/data/K_1_50.0_K_2_100.0_SNR_50.0_Q_0.5/simulation_8
2025-01-09 12:20:39,343 - INFO - Running command: /usr/local/bin/python3.13 /Users/tomsayada/spectral_analysis_project/src/run_standard_fit.py --data_dir /Users/tomsayada/spectral_analysis_project/data/K_1_50.0_K_2_100.0_SNR_50.0_Q_0.5/simulation_8 --output_dir /Users/tomsayada/spectral_analysis_project/data/K_1_50.0_K_2_100.0_SNR_50.0_Q_0.5/simulation_8/standard_sym_weighted_nobaseline_fit_results --profile_type sym --lines He4026,He4388,He4471,H4340
2025-01-09 12:28:02,227 - INFO - Analysis complete for /Users/tomsayada/spectral_analysis_project/data/K_1_50.0_K_2_100.0_SNR_50.0_Q_0.5/simulation_5. Results in: /Users/tomsayada/spectral_analysis_project/data/K_1_50.0_K_2_100.0_SNR_50.0_Q_0.5/simulation_5/standard_sym_weighted_nobaseline_fit_results
2025-01-09 12:28:02,229 - INFO - Found 25 observation files in /Users/tomsayada/spectral_analysis_project/data/K_1_50.0_K_2_100.0_SNR_50.0_Q_0.5/simulation_9
2025-01-09 12:28:02,230 - INFO - Running command: /usr/local/bin/python3.13 /Users/tomsayada/spectral_analysis_project/src/run_standard_fit.py --data_dir /Users/tomsayada/spectral_analysis_project/data/K_1_50.0_K_2_100.0_SNR_50.0_Q_0.5/simulation_9 --output_dir /Users/tomsayada/spectral_analysis_project/data/K_1_50.0_K_2_100.0_SNR_50.0_Q_0.5/simulation_9/standard_sym_weighted_nobaseline_fit_results --profile_type sym --lines He4026,He4388,He4471,H4340
2025-01-09 12:28:08,641 - INFO - Analysis complete for /Users/tomsayada/spectral_analysis_project/data/K_1_50.0_K_2_100.0_SNR_50.0_Q_0.5/simulation_6. Results in: /Users/tomsayada/spectral_analysis_project/data/K_1_50.0_K_2_100.0_SNR_50.0_Q_0.5/simulation_6/standard_sym_weighted_nobaseline_fit_results
2025-01-09 12:28:08,642 - INFO - Found 25 observation files in /Users/tomsayada/spectral_analysis_project/data/K_1_50.0_K_2_100.0_SNR_50.0_Q_0.5/simulation_10
2025-01-09 12:28:08,642 - INFO - Running command: /usr/local/bin/python3.13 /Users/tomsayada/spectral_analysis_project/src/run_standard_fit.py --data_dir /Users/tomsayada/spectral_analysis_project/data/K_1_50.0_K_2_100.0_SNR_50.0_Q_0.5/simulation_10 --output_dir /Users/tomsayada/spectral_analysis_project/data/K_1_50.0_K_2_100.0_SNR_50.0_Q_0.5/simulation_10/standard_sym_weighted_nobaseline_fit_results --profile_type sym --lines He4026,He4388,He4471,H4340
2025-01-09 12:28:21,039 - INFO - Analysis complete for /Users/tomsayada/spectral_analysis_project/data/K_1_50.0_K_2_100.0_SNR_50.0_Q_0.5/simulation_7. Results in: /Users/tomsayada/spectral_analysis_project/data/K_1_50.0_K_2_100.0_SNR_50.0_Q_0.5/simulation_7/standard_sym_weighted_nobaseline_fit_results
2025-01-09 12:28:25,087 - INFO - Analysis complete for /Users/tomsayada/spectral_analysis_project/data/K_1_50.0_K_2_100.0_SNR_50.0_Q_0.5/simulation_8. Results in: /Users/tomsayada/spectral_analysis_project/data/K_1_50.0_K_2_100.0_SNR_50.0_Q_0.5/simulation_8/standard_sym_weighted_nobaseline_fit_results
2025-01-09 12:35:42,615 - INFO - Analysis complete for /Users/tomsayada/spectral_analysis_project/data/K_1_50.0_K_2_100.0_SNR_50.0_Q_0.5/simulation_9. Results in: /Users/tomsayada/spectral_analysis_project/data/K_1_50.0_K_2_100.0_SNR_50.0_Q_0.5/simulation_9/standard_sym_weighted_nobaseline_fit_results
2025-01-09 12:35:47,130 - INFO - Analysis complete for /Users/tomsayada/spectral_analysis_project/data/K_1_50.0_K_2_100.0_SNR_50.0_Q_0.5/simulation_10. Results in: /Users/tomsayada/spectral_analysis_project/data/K_1_50.0_K_2_100.0_SNR_50.0_Q_0.5/simulation_10/standard_sym_weighted_nobaseline_fit_results
2025-01-09 12:35:47,141 - INFO - Analysis complete => 10/10 successful
2025-01-09 12:35:47,142 - INFO - Saved summary: /Users/tomsayada/spectral_analysis_project/data/K_1_50.0_K_2_100.0_SNR_50.0_Q_0.5/analysis_results_20250109_121241/analysis_summary.json
2025-01-10 12:22:02,016 - INFO - Select the parent data folder:
2025-01-10 12:22:12,118 - INFO - User selected folder: /Users/tomsayada/spectral_analysis_project/data/K_1_100.0_K_2_140.0_SNR_30.0_Q_0.5
2025-01-10 12:22:12,119 - INFO - Data folder set to: /Users/tomsayada/spectral_analysis_project/data/K_1_100.0_K_2_140.0_SNR_30.0_Q_0.5
2025-01-10 12:22:12,119 - INFO - Base output: /Users/tomsayada/spectral_analysis_project/data/K_1_100.0_K_2_140.0_SNR_30.0_Q_0.5/analysis_results_20250110_122212
2025-01-10 12:22:12,184 - INFO - Found 25 observation files in /Users/tomsayada/spectral_analysis_project/data/K_1_100.0_K_2_140.0_SNR_30.0_Q_0.5/simulation_1
2025-01-10 12:22:12,184 - INFO - Running command: /usr/local/bin/python3.13 /Users/tomsayada/spectral_analysis_project/src/run_standard_fit.py --data_dir /Users/tomsayada/spectral_analysis_project/data/K_1_100.0_K_2_140.0_SNR_30.0_Q_0.5/simulation_1 --output_dir /Users/tomsayada/spectral_analysis_project/data/K_1_100.0_K_2_140.0_SNR_30.0_Q_0.5/simulation_1/standard_sym_weighted_nobaseline_fit_results --profile_type sym --lines He4026,He4388,He4471,H4340
2025-01-10 12:22:12,186 - INFO - Found 25 observation files in /Users/tomsayada/spectral_analysis_project/data/K_1_100.0_K_2_140.0_SNR_30.0_Q_0.5/simulation_2
2025-01-10 12:22:12,186 - INFO - Running command: /usr/local/bin/python3.13 /Users/tomsayada/spectral_analysis_project/src/run_standard_fit.py --data_dir /Users/tomsayada/spectral_analysis_project/data/K_1_100.0_K_2_140.0_SNR_30.0_Q_0.5/simulation_2 --output_dir /Users/tomsayada/spectral_analysis_project/data/K_1_100.0_K_2_140.0_SNR_30.0_Q_0.5/simulation_2/standard_sym_weighted_nobaseline_fit_results --profile_type sym --lines He4026,He4388,He4471,H4340
2025-01-10 12:22:12,191 - INFO - Found 25 observation files in /Users/tomsayada/spectral_analysis_project/data/K_1_100.0_K_2_140.0_SNR_30.0_Q_0.5/simulation_3
2025-01-10 12:22:12,191 - INFO - Running command: /usr/local/bin/python3.13 /Users/tomsayada/spectral_analysis_project/src/run_standard_fit.py --data_dir /Users/tomsayada/spectral_analysis_project/data/K_1_100.0_K_2_140.0_SNR_30.0_Q_0.5/simulation_3 --output_dir /Users/tomsayada/spectral_analysis_project/data/K_1_100.0_K_2_140.0_SNR_30.0_Q_0.5/simulation_3/standard_sym_weighted_nobaseline_fit_results --profile_type sym --lines He4026,He4388,He4471,H4340
2025-01-10 12:22:12,196 - INFO - Found 25 observation files in /Users/tomsayada/spectral_analysis_project/data/K_1_100.0_K_2_140.0_SNR_30.0_Q_0.5/simulation_4
2025-01-10 12:22:12,196 - INFO - Running command: /usr/local/bin/python3.13 /Users/tomsayada/spectral_analysis_project/src/run_standard_fit.py --data_dir /Users/tomsayada/spectral_analysis_project/data/K_1_100.0_K_2_140.0_SNR_30.0_Q_0.5/simulation_4 --output_dir /Users/tomsayada/spectral_analysis_project/data/K_1_100.0_K_2_140.0_SNR_30.0_Q_0.5/simulation_4/standard_sym_weighted_nobaseline_fit_results --profile_type sym --lines He4026,He4388,He4471,H4340
2025-01-10 12:29:46,018 - INFO - Analysis complete for /Users/tomsayada/spectral_analysis_project/data/K_1_100.0_K_2_140.0_SNR_30.0_Q_0.5/simulation_1. Results in: /Users/tomsayada/spectral_analysis_project/data/K_1_100.0_K_2_140.0_SNR_30.0_Q_0.5/simulation_1/standard_sym_weighted_nobaseline_fit_results
2025-01-10 12:29:46,020 - INFO - Found 25 observation files in /Users/tomsayada/spectral_analysis_project/data/K_1_100.0_K_2_140.0_SNR_30.0_Q_0.5/simulation_5
2025-01-10 12:29:46,020 - INFO - Running command: /usr/local/bin/python3.13 /Users/tomsayada/spectral_analysis_project/src/run_standard_fit.py --data_dir /Users/tomsayada/spectral_analysis_project/data/K_1_100.0_K_2_140.0_SNR_30.0_Q_0.5/simulation_5 --output_dir /Users/tomsayada/spectral_analysis_project/data/K_1_100.0_K_2_140.0_SNR_30.0_Q_0.5/simulation_5/standard_sym_weighted_nobaseline_fit_results --profile_type sym --lines He4026,He4388,He4471,H4340
2025-01-10 12:29:50,975 - INFO - Analysis complete for /Users/tomsayada/spectral_analysis_project/data/K_1_100.0_K_2_140.0_SNR_30.0_Q_0.5/simulation_3. Results in: /Users/tomsayada/spectral_analysis_project/data/K_1_100.0_K_2_140.0_SNR_30.0_Q_0.5/simulation_3/standard_sym_weighted_nobaseline_fit_results
2025-01-10 12:29:50,976 - INFO - Found 25 observation files in /Users/tomsayada/spectral_analysis_project/data/K_1_100.0_K_2_140.0_SNR_30.0_Q_0.5/simulation_6
2025-01-10 12:29:50,976 - INFO - Running command: /usr/local/bin/python3.13 /Users/tomsayada/spectral_analysis_project/src/run_standard_fit.py --data_dir /Users/tomsayada/spectral_analysis_project/data/K_1_100.0_K_2_140.0_SNR_30.0_Q_0.5/simulation_6 --output_dir /Users/tomsayada/spectral_analysis_project/data/K_1_100.0_K_2_140.0_SNR_30.0_Q_0.5/simulation_6/standard_sym_weighted_nobaseline_fit_results --profile_type sym --lines He4026,He4388,He4471,H4340
2025-01-10 12:29:51,551 - INFO - Analysis complete for /Users/tomsayada/spectral_analysis_project/data/K_1_100.0_K_2_140.0_SNR_30.0_Q_0.5/simulation_2. Results in: /Users/tomsayada/spectral_analysis_project/data/K_1_100.0_K_2_140.0_SNR_30.0_Q_0.5/simulation_2/standard_sym_weighted_nobaseline_fit_results
2025-01-10 12:29:51,551 - INFO - Found 25 observation files in /Users/tomsayada/spectral_analysis_project/data/K_1_100.0_K_2_140.0_SNR_30.0_Q_0.5/simulation_7
2025-01-10 12:29:51,552 - INFO - Running command: /usr/local/bin/python3.13 /Users/tomsayada/spectral_analysis_project/src/run_standard_fit.py --data_dir /Users/tomsayada/spectral_analysis_project/data/K_1_100.0_K_2_140.0_SNR_30.0_Q_0.5/simulation_7 --output_dir /Users/tomsayada/spectral_analysis_project/data/K_1_100.0_K_2_140.0_SNR_30.0_Q_0.5/simulation_7/standard_sym_weighted_nobaseline_fit_results --profile_type sym --lines He4026,He4388,He4471,H4340
2025-01-10 12:29:56,969 - INFO - Analysis complete for /Users/tomsayada/spectral_analysis_project/data/K_1_100.0_K_2_140.0_SNR_30.0_Q_0.5/simulation_4. Results in: /Users/tomsayada/spectral_analysis_project/data/K_1_100.0_K_2_140.0_SNR_30.0_Q_0.5/simulation_4/standard_sym_weighted_nobaseline_fit_results
2025-01-10 12:29:56,970 - INFO - Found 25 observation files in /Users/tomsayada/spectral_analysis_project/data/K_1_100.0_K_2_140.0_SNR_30.0_Q_0.5/simulation_8
2025-01-10 12:29:56,970 - INFO - Running command: /usr/local/bin/python3.13 /Users/tomsayada/spectral_analysis_project/src/run_standard_fit.py --data_dir /Users/tomsayada/spectral_analysis_project/data/K_1_100.0_K_2_140.0_SNR_30.0_Q_0.5/simulation_8 --output_dir /Users/tomsayada/spectral_analysis_project/data/K_1_100.0_K_2_140.0_SNR_30.0_Q_0.5/simulation_8/standard_sym_weighted_nobaseline_fit_results --profile_type sym --lines He4026,He4388,He4471,H4340
2025-01-10 12:37:26,552 - INFO - Analysis complete for /Users/tomsayada/spectral_analysis_project/data/K_1_100.0_K_2_140.0_SNR_30.0_Q_0.5/simulation_5. Results in: /Users/tomsayada/spectral_analysis_project/data/K_1_100.0_K_2_140.0_SNR_30.0_Q_0.5/simulation_5/standard_sym_weighted_nobaseline_fit_results
2025-01-10 12:37:26,553 - INFO - Found 25 observation files in /Users/tomsayada/spectral_analysis_project/data/K_1_100.0_K_2_140.0_SNR_30.0_Q_0.5/simulation_9
2025-01-10 12:37:26,553 - INFO - Running command: /usr/local/bin/python3.13 /Users/tomsayada/spectral_analysis_project/src/run_standard_fit.py --data_dir /Users/tomsayada/spectral_analysis_project/data/K_1_100.0_K_2_140.0_SNR_30.0_Q_0.5/simulation_9 --output_dir /Users/tomsayada/spectral_analysis_project/data/K_1_100.0_K_2_140.0_SNR_30.0_Q_0.5/simulation_9/standard_sym_weighted_nobaseline_fit_results --profile_type sym --lines He4026,He4388,He4471,H4340
2025-01-10 12:37:28,848 - INFO - Analysis complete for /Users/tomsayada/spectral_analysis_project/data/K_1_100.0_K_2_140.0_SNR_30.0_Q_0.5/simulation_6. Results in: /Users/tomsayada/spectral_analysis_project/data/K_1_100.0_K_2_140.0_SNR_30.0_Q_0.5/simulation_6/standard_sym_weighted_nobaseline_fit_results
2025-01-10 12:37:28,850 - INFO - Found 25 observation files in /Users/tomsayada/spectral_analysis_project/data/K_1_100.0_K_2_140.0_SNR_30.0_Q_0.5/simulation_10
2025-01-10 12:37:28,850 - INFO - Running command: /usr/local/bin/python3.13 /Users/tomsayada/spectral_analysis_project/src/run_standard_fit.py --data_dir /Users/tomsayada/spectral_analysis_project/data/K_1_100.0_K_2_140.0_SNR_30.0_Q_0.5/simulation_10 --output_dir /Users/tomsayada/spectral_analysis_project/data/K_1_100.0_K_2_140.0_SNR_30.0_Q_0.5/simulation_10/standard_sym_weighted_nobaseline_fit_results --profile_type sym --lines He4026,He4388,He4471,H4340
2025-01-10 12:37:29,186 - INFO - Analysis complete for /Users/tomsayada/spectral_analysis_project/data/K_1_100.0_K_2_140.0_SNR_30.0_Q_0.5/simulation_7. Results in: /Users/tomsayada/spectral_analysis_project/data/K_1_100.0_K_2_140.0_SNR_30.0_Q_0.5/simulation_7/standard_sym_weighted_nobaseline_fit_results
2025-01-10 12:37:35,744 - INFO - Analysis complete for /Users/tomsayada/spectral_analysis_project/data/K_1_100.0_K_2_140.0_SNR_30.0_Q_0.5/simulation_8. Results in: /Users/tomsayada/spectral_analysis_project/data/K_1_100.0_K_2_140.0_SNR_30.0_Q_0.5/simulation_8/standard_sym_weighted_nobaseline_fit_results
2025-01-10 12:44:49,154 - INFO - Analysis complete for /Users/tomsayada/spectral_analysis_project/data/K_1_100.0_K_2_140.0_SNR_30.0_Q_0.5/simulation_9. Results in: /Users/tomsayada/spectral_analysis_project/data/K_1_100.0_K_2_140.0_SNR_30.0_Q_0.5/simulation_9/standard_sym_weighted_nobaseline_fit_results
2025-01-10 12:45:06,564 - INFO - Analysis complete for /Users/tomsayada/spectral_analysis_project/data/K_1_100.0_K_2_140.0_SNR_30.0_Q_0.5/simulation_10. Results in: /Users/tomsayada/spectral_analysis_project/data/K_1_100.0_K_2_140.0_SNR_30.0_Q_0.5/simulation_10/standard_sym_weighted_nobaseline_fit_results
2025-01-10 12:45:06,575 - INFO - Analysis complete => 10/10 successful
2025-01-10 12:45:06,576 - INFO - Saved summary: /Users/tomsayada/spectral_analysis_project/data/K_1_100.0_K_2_140.0_SNR_30.0_Q_0.5/analysis_results_20250110_122212/analysis_summary.json
2025-01-10 12:49:46,248 - INFO - Select the parent data folder:
2025-01-10 12:49:55,806 - INFO - User selected folder: /Users/tomsayada/spectral_analysis_project/data/K_1_100.0_K_2_140.0_SNR_30.0_Q_0.5
2025-01-10 12:49:55,807 - INFO - Data folder set to: /Users/tomsayada/spectral_analysis_project/data/K_1_100.0_K_2_140.0_SNR_30.0_Q_0.5
2025-01-10 12:49:55,807 - INFO - Base output: /Users/tomsayada/spectral_analysis_project/data/K_1_100.0_K_2_140.0_SNR_30.0_Q_0.5/analysis_results_20250110_124955
2025-01-10 12:49:55,870 - INFO - Found 25 observation files in /Users/tomsayada/spectral_analysis_project/data/K_1_100.0_K_2_140.0_SNR_30.0_Q_0.5/simulation_1
2025-01-10 12:49:55,870 - INFO - Running command: /usr/local/bin/python3.13 /Users/tomsayada/spectral_analysis_project/src/run_ratio_constrained_fit.py --data_dir /Users/tomsayada/spectral_analysis_project/data/K_1_100.0_K_2_140.0_SNR_30.0_Q_0.5/simulation_1 --output_dir /Users/tomsayada/spectral_analysis_project/data/K_1_100.0_K_2_140.0_SNR_30.0_Q_0.5/simulation_1/ratio_sym_weighted_nobaseline_fit_results --profile_type sym --lines He4026,He4388,He4471,H4340
2025-01-10 12:49:55,873 - INFO - Found 25 observation files in /Users/tomsayada/spectral_analysis_project/data/K_1_100.0_K_2_140.0_SNR_30.0_Q_0.5/simulation_2
2025-01-10 12:49:55,873 - INFO - Running command: /usr/local/bin/python3.13 /Users/tomsayada/spectral_analysis_project/src/run_ratio_constrained_fit.py --data_dir /Users/tomsayada/spectral_analysis_project/data/K_1_100.0_K_2_140.0_SNR_30.0_Q_0.5/simulation_2 --output_dir /Users/tomsayada/spectral_analysis_project/data/K_1_100.0_K_2_140.0_SNR_30.0_Q_0.5/simulation_2/ratio_sym_weighted_nobaseline_fit_results --profile_type sym --lines He4026,He4388,He4471,H4340
2025-01-10 12:49:55,878 - INFO - Found 25 observation files in /Users/tomsayada/spectral_analysis_project/data/K_1_100.0_K_2_140.0_SNR_30.0_Q_0.5/simulation_3
2025-01-10 12:49:55,878 - INFO - Running command: /usr/local/bin/python3.13 /Users/tomsayada/spectral_analysis_project/src/run_ratio_constrained_fit.py --data_dir /Users/tomsayada/spectral_analysis_project/data/K_1_100.0_K_2_140.0_SNR_30.0_Q_0.5/simulation_3 --output_dir /Users/tomsayada/spectral_analysis_project/data/K_1_100.0_K_2_140.0_SNR_30.0_Q_0.5/simulation_3/ratio_sym_weighted_nobaseline_fit_results --profile_type sym --lines He4026,He4388,He4471,H4340
2025-01-10 12:49:55,883 - INFO - Found 25 observation files in /Users/tomsayada/spectral_analysis_project/data/K_1_100.0_K_2_140.0_SNR_30.0_Q_0.5/simulation_4
2025-01-10 12:49:55,883 - INFO - Running command: /usr/local/bin/python3.13 /Users/tomsayada/spectral_analysis_project/src/run_ratio_constrained_fit.py --data_dir /Users/tomsayada/spectral_analysis_project/data/K_1_100.0_K_2_140.0_SNR_30.0_Q_0.5/simulation_4 --output_dir /Users/tomsayada/spectral_analysis_project/data/K_1_100.0_K_2_140.0_SNR_30.0_Q_0.5/simulation_4/ratio_sym_weighted_nobaseline_fit_results --profile_type sym --lines He4026,He4388,He4471,H4340
2025-01-10 12:58:05,375 - ERROR - run_ratio_constrained_fit.py failed (rc=1)
2025-01-10 12:58:05,376 - INFO - Retrying /Users/tomsayada/spectral_analysis_project/data/K_1_100.0_K_2_140.0_SNR_30.0_Q_0.5/simulation_1 (attempt 1)
2025-01-10 12:58:05,377 - INFO - Found 25 observation files in /Users/tomsayada/spectral_analysis_project/data/K_1_100.0_K_2_140.0_SNR_30.0_Q_0.5/simulation_1
2025-01-10 12:58:05,377 - INFO - Running command: /usr/local/bin/python3.13 /Users/tomsayada/spectral_analysis_project/src/run_ratio_constrained_fit.py --data_dir /Users/tomsayada/spectral_analysis_project/data/K_1_100.0_K_2_140.0_SNR_30.0_Q_0.5/simulation_1 --output_dir /Users/tomsayada/spectral_analysis_project/data/K_1_100.0_K_2_140.0_SNR_30.0_Q_0.5/simulation_1/ratio_sym_weighted_nobaseline_fit_results --profile_type sym --lines He4026,He4388,He4471,H4340
2025-01-10 12:58:18,131 - ERROR - run_ratio_constrained_fit.py failed (rc=1)
2025-01-10 12:58:18,131 - INFO - Retrying /Users/tomsayada/spectral_analysis_project/data/K_1_100.0_K_2_140.0_SNR_30.0_Q_0.5/simulation_3 (attempt 1)
2025-01-10 12:58:18,132 - INFO - Found 25 observation files in /Users/tomsayada/spectral_analysis_project/data/K_1_100.0_K_2_140.0_SNR_30.0_Q_0.5/simulation_3
2025-01-10 12:58:18,132 - INFO - Running command: /usr/local/bin/python3.13 /Users/tomsayada/spectral_analysis_project/src/run_ratio_constrained_fit.py --data_dir /Users/tomsayada/spectral_analysis_project/data/K_1_100.0_K_2_140.0_SNR_30.0_Q_0.5/simulation_3 --output_dir /Users/tomsayada/spectral_analysis_project/data/K_1_100.0_K_2_140.0_SNR_30.0_Q_0.5/simulation_3/ratio_sym_weighted_nobaseline_fit_results --profile_type sym --lines He4026,He4388,He4471,H4340
2025-01-10 12:58:28,792 - ERROR - run_ratio_constrained_fit.py failed (rc=1)
2025-01-10 12:58:28,792 - INFO - Retrying /Users/tomsayada/spectral_analysis_project/data/K_1_100.0_K_2_140.0_SNR_30.0_Q_0.5/simulation_4 (attempt 1)
2025-01-10 12:58:28,793 - INFO - Found 25 observation files in /Users/tomsayada/spectral_analysis_project/data/K_1_100.0_K_2_140.0_SNR_30.0_Q_0.5/simulation_4
2025-01-10 12:58:28,793 - INFO - Running command: /usr/local/bin/python3.13 /Users/tomsayada/spectral_analysis_project/src/run_ratio_constrained_fit.py --data_dir /Users/tomsayada/spectral_analysis_project/data/K_1_100.0_K_2_140.0_SNR_30.0_Q_0.5/simulation_4 --output_dir /Users/tomsayada/spectral_analysis_project/data/K_1_100.0_K_2_140.0_SNR_30.0_Q_0.5/simulation_4/ratio_sym_weighted_nobaseline_fit_results --profile_type sym --lines He4026,He4388,He4471,H4340
2025-01-10 12:59:44,507 - ERROR - run_ratio_constrained_fit.py failed (rc=1)
2025-01-10 12:59:44,509 - INFO - Retrying /Users/tomsayada/spectral_analysis_project/data/K_1_100.0_K_2_140.0_SNR_30.0_Q_0.5/simulation_2 (attempt 1)
2025-01-10 12:59:44,510 - INFO - Found 25 observation files in /Users/tomsayada/spectral_analysis_project/data/K_1_100.0_K_2_140.0_SNR_30.0_Q_0.5/simulation_2
2025-01-10 12:59:44,510 - INFO - Running command: /usr/local/bin/python3.13 /Users/tomsayada/spectral_analysis_project/src/run_ratio_constrained_fit.py --data_dir /Users/tomsayada/spectral_analysis_project/data/K_1_100.0_K_2_140.0_SNR_30.0_Q_0.5/simulation_2 --output_dir /Users/tomsayada/spectral_analysis_project/data/K_1_100.0_K_2_140.0_SNR_30.0_Q_0.5/simulation_2/ratio_sym_weighted_nobaseline_fit_results --profile_type sym --lines He4026,He4388,He4471,H4340
2025-01-10 13:11:16,335 - ERROR - run_ratio_constrained_fit.py failed (rc=1)
2025-01-10 13:11:16,338 - INFO - Retrying /Users/tomsayada/spectral_analysis_project/data/K_1_100.0_K_2_140.0_SNR_30.0_Q_0.5/simulation_1 (attempt 2)
2025-01-10 13:11:16,339 - INFO - Found 25 observation files in /Users/tomsayada/spectral_analysis_project/data/K_1_100.0_K_2_140.0_SNR_30.0_Q_0.5/simulation_1
2025-01-10 13:11:16,340 - INFO - Running command: /usr/local/bin/python3.13 /Users/tomsayada/spectral_analysis_project/src/run_ratio_constrained_fit.py --data_dir /Users/tomsayada/spectral_analysis_project/data/K_1_100.0_K_2_140.0_SNR_30.0_Q_0.5/simulation_1 --output_dir /Users/tomsayada/spectral_analysis_project/data/K_1_100.0_K_2_140.0_SNR_30.0_Q_0.5/simulation_1/ratio_sym_weighted_nobaseline_fit_results --profile_type sym --lines He4026,He4388,He4471,H4340
2025-01-10 13:11:39,627 - ERROR - run_ratio_constrained_fit.py failed (rc=1)
2025-01-10 13:11:39,631 - INFO - Retrying /Users/tomsayada/spectral_analysis_project/data/K_1_100.0_K_2_140.0_SNR_30.0_Q_0.5/simulation_3 (attempt 2)
2025-01-10 13:11:39,631 - INFO - Found 25 observation files in /Users/tomsayada/spectral_analysis_project/data/K_1_100.0_K_2_140.0_SNR_30.0_Q_0.5/simulation_3
2025-01-10 13:11:39,632 - INFO - Running command: /usr/local/bin/python3.13 /Users/tomsayada/spectral_analysis_project/src/run_ratio_constrained_fit.py --data_dir /Users/tomsayada/spectral_analysis_project/data/K_1_100.0_K_2_140.0_SNR_30.0_Q_0.5/simulation_3 --output_dir /Users/tomsayada/spectral_analysis_project/data/K_1_100.0_K_2_140.0_SNR_30.0_Q_0.5/simulation_3/ratio_sym_weighted_nobaseline_fit_results --profile_type sym --lines He4026,He4388,He4471,H4340
2025-01-10 13:11:39,721 - ERROR - run_ratio_constrained_fit.py failed (rc=1)
2025-01-10 13:11:39,723 - INFO - Retrying /Users/tomsayada/spectral_analysis_project/data/K_1_100.0_K_2_140.0_SNR_30.0_Q_0.5/simulation_4 (attempt 2)
2025-01-10 13:11:39,725 - INFO - Found 25 observation files in /Users/tomsayada/spectral_analysis_project/data/K_1_100.0_K_2_140.0_SNR_30.0_Q_0.5/simulation_4
2025-01-10 13:11:39,726 - INFO - Running command: /usr/local/bin/python3.13 /Users/tomsayada/spectral_analysis_project/src/run_ratio_constrained_fit.py --data_dir /Users/tomsayada/spectral_analysis_project/data/K_1_100.0_K_2_140.0_SNR_30.0_Q_0.5/simulation_4 --output_dir /Users/tomsayada/spectral_analysis_project/data/K_1_100.0_K_2_140.0_SNR_30.0_Q_0.5/simulation_4/ratio_sym_weighted_nobaseline_fit_results --profile_type sym --lines He4026,He4388,He4471,H4340
2025-01-10 13:13:07,895 - ERROR - run_ratio_constrained_fit.py failed (rc=1)
2025-01-10 13:13:07,897 - INFO - Retrying /Users/tomsayada/spectral_analysis_project/data/K_1_100.0_K_2_140.0_SNR_30.0_Q_0.5/simulation_2 (attempt 2)
2025-01-10 13:13:07,898 - INFO - Found 25 observation files in /Users/tomsayada/spectral_analysis_project/data/K_1_100.0_K_2_140.0_SNR_30.0_Q_0.5/simulation_2
2025-01-10 13:13:07,898 - INFO - Running command: /usr/local/bin/python3.13 /Users/tomsayada/spectral_analysis_project/src/run_ratio_constrained_fit.py --data_dir /Users/tomsayada/spectral_analysis_project/data/K_1_100.0_K_2_140.0_SNR_30.0_Q_0.5/simulation_2 --output_dir /Users/tomsayada/spectral_analysis_project/data/K_1_100.0_K_2_140.0_SNR_30.0_Q_0.5/simulation_2/ratio_sym_weighted_nobaseline_fit_results --profile_type sym --lines He4026,He4388,He4471,H4340
2025-01-10 13:18:22,520 - ERROR - run_ratio_constrained_fit.py failed (rc=1)
2025-01-10 13:18:22,521 - INFO - Retrying /Users/tomsayada/spectral_analysis_project/data/K_1_100.0_K_2_140.0_SNR_30.0_Q_0.5/simulation_1 (attempt 3)
2025-01-10 13:18:22,521 - INFO - Found 25 observation files in /Users/tomsayada/spectral_analysis_project/data/K_1_100.0_K_2_140.0_SNR_30.0_Q_0.5/simulation_1
2025-01-10 13:18:22,521 - INFO - Running command: /usr/local/bin/python3.13 /Users/tomsayada/spectral_analysis_project/src/run_ratio_constrained_fit.py --data_dir /Users/tomsayada/spectral_analysis_project/data/K_1_100.0_K_2_140.0_SNR_30.0_Q_0.5/simulation_1 --output_dir /Users/tomsayada/spectral_analysis_project/data/K_1_100.0_K_2_140.0_SNR_30.0_Q_0.5/simulation_1/ratio_sym_weighted_nobaseline_fit_results --profile_type sym --lines He4026,He4388,He4471,H4340
2025-01-10 13:18:46,551 - ERROR - run_ratio_constrained_fit.py failed (rc=1)
2025-01-10 13:18:46,552 - INFO - Retrying /Users/tomsayada/spectral_analysis_project/data/K_1_100.0_K_2_140.0_SNR_30.0_Q_0.5/simulation_4 (attempt 3)
2025-01-10 13:18:46,552 - INFO - Found 25 observation files in /Users/tomsayada/spectral_analysis_project/data/K_1_100.0_K_2_140.0_SNR_30.0_Q_0.5/simulation_4
2025-01-10 13:18:46,552 - INFO - Running command: /usr/local/bin/python3.13 /Users/tomsayada/spectral_analysis_project/src/run_ratio_constrained_fit.py --data_dir /Users/tomsayada/spectral_analysis_project/data/K_1_100.0_K_2_140.0_SNR_30.0_Q_0.5/simulation_4 --output_dir /Users/tomsayada/spectral_analysis_project/data/K_1_100.0_K_2_140.0_SNR_30.0_Q_0.5/simulation_4/ratio_sym_weighted_nobaseline_fit_results --profile_type sym --lines He4026,He4388,He4471,H4340
2025-01-10 13:18:50,094 - ERROR - run_ratio_constrained_fit.py failed (rc=1)
2025-01-10 13:18:50,094 - INFO - Retrying /Users/tomsayada/spectral_analysis_project/data/K_1_100.0_K_2_140.0_SNR_30.0_Q_0.5/simulation_3 (attempt 3)
2025-01-10 13:18:50,094 - INFO - Found 25 observation files in /Users/tomsayada/spectral_analysis_project/data/K_1_100.0_K_2_140.0_SNR_30.0_Q_0.5/simulation_3
2025-01-10 13:18:50,094 - INFO - Running command: /usr/local/bin/python3.13 /Users/tomsayada/spectral_analysis_project/src/run_ratio_constrained_fit.py --data_dir /Users/tomsayada/spectral_analysis_project/data/K_1_100.0_K_2_140.0_SNR_30.0_Q_0.5/simulation_3 --output_dir /Users/tomsayada/spectral_analysis_project/data/K_1_100.0_K_2_140.0_SNR_30.0_Q_0.5/simulation_3/ratio_sym_weighted_nobaseline_fit_results --profile_type sym --lines He4026,He4388,He4471,H4340
2025-01-10 13:20:54,446 - ERROR - run_ratio_constrained_fit.py failed (rc=1)
2025-01-10 13:20:54,447 - INFO - Retrying /Users/tomsayada/spectral_analysis_project/data/K_1_100.0_K_2_140.0_SNR_30.0_Q_0.5/simulation_2 (attempt 3)
2025-01-10 13:20:54,447 - INFO - Found 25 observation files in /Users/tomsayada/spectral_analysis_project/data/K_1_100.0_K_2_140.0_SNR_30.0_Q_0.5/simulation_2
2025-01-10 13:20:54,447 - INFO - Running command: /usr/local/bin/python3.13 /Users/tomsayada/spectral_analysis_project/src/run_ratio_constrained_fit.py --data_dir /Users/tomsayada/spectral_analysis_project/data/K_1_100.0_K_2_140.0_SNR_30.0_Q_0.5/simulation_2 --output_dir /Users/tomsayada/spectral_analysis_project/data/K_1_100.0_K_2_140.0_SNR_30.0_Q_0.5/simulation_2/ratio_sym_weighted_nobaseline_fit_results --profile_type sym --lines He4026,He4388,He4471,H4340
2025-01-10 13:20:54,952 - ERROR - run_ratio_constrained_fit.py failed (rc=1)
2025-01-10 13:20:54,956 - INFO - Found 25 observation files in /Users/tomsayada/spectral_analysis_project/data/K_1_100.0_K_2_140.0_SNR_30.0_Q_0.5/simulation_5
2025-01-10 13:20:54,956 - INFO - Running command: /usr/local/bin/python3.13 /Users/tomsayada/spectral_analysis_project/src/run_ratio_constrained_fit.py --data_dir /Users/tomsayada/spectral_analysis_project/data/K_1_100.0_K_2_140.0_SNR_30.0_Q_0.5/simulation_5 --output_dir /Users/tomsayada/spectral_analysis_project/data/K_1_100.0_K_2_140.0_SNR_30.0_Q_0.5/simulation_5/ratio_sym_weighted_nobaseline_fit_results --profile_type sym --lines He4026,He4388,He4471,H4340
2025-01-10 13:20:55,441 - ERROR - run_ratio_constrained_fit.py failed (rc=1)
2025-01-10 13:20:55,441 - INFO - Retrying /Users/tomsayada/spectral_analysis_project/data/K_1_100.0_K_2_140.0_SNR_30.0_Q_0.5/simulation_5 (attempt 1)
2025-01-10 13:20:55,442 - INFO - Found 25 observation files in /Users/tomsayada/spectral_analysis_project/data/K_1_100.0_K_2_140.0_SNR_30.0_Q_0.5/simulation_5
2025-01-10 13:20:55,442 - INFO - Running command: /usr/local/bin/python3.13 /Users/tomsayada/spectral_analysis_project/src/run_ratio_constrained_fit.py --data_dir /Users/tomsayada/spectral_analysis_project/data/K_1_100.0_K_2_140.0_SNR_30.0_Q_0.5/simulation_5 --output_dir /Users/tomsayada/spectral_analysis_project/data/K_1_100.0_K_2_140.0_SNR_30.0_Q_0.5/simulation_5/ratio_sym_weighted_nobaseline_fit_results --profile_type sym --lines He4026,He4388,He4471,H4340
2025-01-10 13:20:55,929 - ERROR - run_ratio_constrained_fit.py failed (rc=1)
2025-01-10 13:20:55,930 - INFO - Retrying /Users/tomsayada/spectral_analysis_project/data/K_1_100.0_K_2_140.0_SNR_30.0_Q_0.5/simulation_5 (attempt 2)
2025-01-10 13:20:55,930 - INFO - Found 25 observation files in /Users/tomsayada/spectral_analysis_project/data/K_1_100.0_K_2_140.0_SNR_30.0_Q_0.5/simulation_5
2025-01-10 13:20:55,930 - INFO - Running command: /usr/local/bin/python3.13 /Users/tomsayada/spectral_analysis_project/src/run_ratio_constrained_fit.py --data_dir /Users/tomsayada/spectral_analysis_project/data/K_1_100.0_K_2_140.0_SNR_30.0_Q_0.5/simulation_5 --output_dir /Users/tomsayada/spectral_analysis_project/data/K_1_100.0_K_2_140.0_SNR_30.0_Q_0.5/simulation_5/ratio_sym_weighted_nobaseline_fit_results --profile_type sym --lines He4026,He4388,He4471,H4340
2025-01-10 13:20:56,412 - ERROR - run_ratio_constrained_fit.py failed (rc=1)
2025-01-10 13:20:56,413 - INFO - Retrying /Users/tomsayada/spectral_analysis_project/data/K_1_100.0_K_2_140.0_SNR_30.0_Q_0.5/simulation_5 (attempt 3)
2025-01-10 13:20:56,413 - INFO - Found 25 observation files in /Users/tomsayada/spectral_analysis_project/data/K_1_100.0_K_2_140.0_SNR_30.0_Q_0.5/simulation_5
2025-01-10 13:20:56,413 - INFO - Running command: /usr/local/bin/python3.13 /Users/tomsayada/spectral_analysis_project/src/run_ratio_constrained_fit.py --data_dir /Users/tomsayada/spectral_analysis_project/data/K_1_100.0_K_2_140.0_SNR_30.0_Q_0.5/simulation_5 --output_dir /Users/tomsayada/spectral_analysis_project/data/K_1_100.0_K_2_140.0_SNR_30.0_Q_0.5/simulation_5/ratio_sym_weighted_nobaseline_fit_results --profile_type sym --lines He4026,He4388,He4471,H4340
2025-01-10 13:20:56,908 - ERROR - run_ratio_constrained_fit.py failed (rc=1)
2025-01-10 13:20:56,908 - INFO - Found 25 observation files in /Users/tomsayada/spectral_analysis_project/data/K_1_100.0_K_2_140.0_SNR_30.0_Q_0.5/simulation_6
2025-01-10 13:20:56,908 - INFO - Running command: /usr/local/bin/python3.13 /Users/tomsayada/spectral_analysis_project/src/run_ratio_constrained_fit.py --data_dir /Users/tomsayada/spectral_analysis_project/data/K_1_100.0_K_2_140.0_SNR_30.0_Q_0.5/simulation_6 --output_dir /Users/tomsayada/spectral_analysis_project/data/K_1_100.0_K_2_140.0_SNR_30.0_Q_0.5/simulation_6/ratio_sym_weighted_nobaseline_fit_results --profile_type sym --lines He4026,He4388,He4471,H4340
2025-01-10 13:20:57,399 - ERROR - run_ratio_constrained_fit.py failed (rc=1)
2025-01-10 13:20:57,400 - INFO - Retrying /Users/tomsayada/spectral_analysis_project/data/K_1_100.0_K_2_140.0_SNR_30.0_Q_0.5/simulation_6 (attempt 1)
2025-01-10 13:20:57,400 - INFO - Found 25 observation files in /Users/tomsayada/spectral_analysis_project/data/K_1_100.0_K_2_140.0_SNR_30.0_Q_0.5/simulation_6
2025-01-10 13:20:57,400 - INFO - Running command: /usr/local/bin/python3.13 /Users/tomsayada/spectral_analysis_project/src/run_ratio_constrained_fit.py --data_dir /Users/tomsayada/spectral_analysis_project/data/K_1_100.0_K_2_140.0_SNR_30.0_Q_0.5/simulation_6 --output_dir /Users/tomsayada/spectral_analysis_project/data/K_1_100.0_K_2_140.0_SNR_30.0_Q_0.5/simulation_6/ratio_sym_weighted_nobaseline_fit_results --profile_type sym --lines He4026,He4388,He4471,H4340
2025-01-10 13:20:57,890 - ERROR - run_ratio_constrained_fit.py failed (rc=1)
2025-01-10 13:20:57,890 - INFO - Retrying /Users/tomsayada/spectral_analysis_project/data/K_1_100.0_K_2_140.0_SNR_30.0_Q_0.5/simulation_6 (attempt 2)
2025-01-10 13:20:57,890 - INFO - Found 25 observation files in /Users/tomsayada/spectral_analysis_project/data/K_1_100.0_K_2_140.0_SNR_30.0_Q_0.5/simulation_6
2025-01-10 13:20:57,890 - INFO - Running command: /usr/local/bin/python3.13 /Users/tomsayada/spectral_analysis_project/src/run_ratio_constrained_fit.py --data_dir /Users/tomsayada/spectral_analysis_project/data/K_1_100.0_K_2_140.0_SNR_30.0_Q_0.5/simulation_6 --output_dir /Users/tomsayada/spectral_analysis_project/data/K_1_100.0_K_2_140.0_SNR_30.0_Q_0.5/simulation_6/ratio_sym_weighted_nobaseline_fit_results --profile_type sym --lines He4026,He4388,He4471,H4340
2025-01-10 13:20:58,382 - ERROR - run_ratio_constrained_fit.py failed (rc=1)
2025-01-10 13:20:58,382 - INFO - Retrying /Users/tomsayada/spectral_analysis_project/data/K_1_100.0_K_2_140.0_SNR_30.0_Q_0.5/simulation_6 (attempt 3)
2025-01-10 13:20:58,382 - INFO - Found 25 observation files in /Users/tomsayada/spectral_analysis_project/data/K_1_100.0_K_2_140.0_SNR_30.0_Q_0.5/simulation_6
2025-01-10 13:20:58,382 - INFO - Running command: /usr/local/bin/python3.13 /Users/tomsayada/spectral_analysis_project/src/run_ratio_constrained_fit.py --data_dir /Users/tomsayada/spectral_analysis_project/data/K_1_100.0_K_2_140.0_SNR_30.0_Q_0.5/simulation_6 --output_dir /Users/tomsayada/spectral_analysis_project/data/K_1_100.0_K_2_140.0_SNR_30.0_Q_0.5/simulation_6/ratio_sym_weighted_nobaseline_fit_results --profile_type sym --lines He4026,He4388,He4471,H4340
2025-01-10 13:20:58,873 - ERROR - run_ratio_constrained_fit.py failed (rc=1)
2025-01-10 13:20:58,874 - INFO - Found 25 observation files in /Users/tomsayada/spectral_analysis_project/data/K_1_100.0_K_2_140.0_SNR_30.0_Q_0.5/simulation_7
2025-01-10 13:20:58,874 - INFO - Running command: /usr/local/bin/python3.13 /Users/tomsayada/spectral_analysis_project/src/run_ratio_constrained_fit.py --data_dir /Users/tomsayada/spectral_analysis_project/data/K_1_100.0_K_2_140.0_SNR_30.0_Q_0.5/simulation_7 --output_dir /Users/tomsayada/spectral_analysis_project/data/K_1_100.0_K_2_140.0_SNR_30.0_Q_0.5/simulation_7/ratio_sym_weighted_nobaseline_fit_results --profile_type sym --lines He4026,He4388,He4471,H4340
2025-01-10 13:20:59,363 - ERROR - run_ratio_constrained_fit.py failed (rc=1)
2025-01-10 13:20:59,363 - INFO - Retrying /Users/tomsayada/spectral_analysis_project/data/K_1_100.0_K_2_140.0_SNR_30.0_Q_0.5/simulation_7 (attempt 1)
2025-01-10 13:20:59,363 - INFO - Found 25 observation files in /Users/tomsayada/spectral_analysis_project/data/K_1_100.0_K_2_140.0_SNR_30.0_Q_0.5/simulation_7
2025-01-10 13:20:59,363 - INFO - Running command: /usr/local/bin/python3.13 /Users/tomsayada/spectral_analysis_project/src/run_ratio_constrained_fit.py --data_dir /Users/tomsayada/spectral_analysis_project/data/K_1_100.0_K_2_140.0_SNR_30.0_Q_0.5/simulation_7 --output_dir /Users/tomsayada/spectral_analysis_project/data/K_1_100.0_K_2_140.0_SNR_30.0_Q_0.5/simulation_7/ratio_sym_weighted_nobaseline_fit_results --profile_type sym --lines He4026,He4388,He4471,H4340
2025-01-10 13:20:59,853 - ERROR - run_ratio_constrained_fit.py failed (rc=1)
2025-01-10 13:20:59,853 - INFO - Retrying /Users/tomsayada/spectral_analysis_project/data/K_1_100.0_K_2_140.0_SNR_30.0_Q_0.5/simulation_7 (attempt 2)
2025-01-10 13:20:59,853 - INFO - Found 25 observation files in /Users/tomsayada/spectral_analysis_project/data/K_1_100.0_K_2_140.0_SNR_30.0_Q_0.5/simulation_7
2025-01-10 13:20:59,853 - INFO - Running command: /usr/local/bin/python3.13 /Users/tomsayada/spectral_analysis_project/src/run_ratio_constrained_fit.py --data_dir /Users/tomsayada/spectral_analysis_project/data/K_1_100.0_K_2_140.0_SNR_30.0_Q_0.5/simulation_7 --output_dir /Users/tomsayada/spectral_analysis_project/data/K_1_100.0_K_2_140.0_SNR_30.0_Q_0.5/simulation_7/ratio_sym_weighted_nobaseline_fit_results --profile_type sym --lines He4026,He4388,He4471,H4340
2025-01-10 13:21:00,355 - ERROR - run_ratio_constrained_fit.py failed (rc=1)
2025-01-10 13:21:00,355 - INFO - Retrying /Users/tomsayada/spectral_analysis_project/data/K_1_100.0_K_2_140.0_SNR_30.0_Q_0.5/simulation_7 (attempt 3)
2025-01-10 13:21:00,355 - INFO - Found 25 observation files in /Users/tomsayada/spectral_analysis_project/data/K_1_100.0_K_2_140.0_SNR_30.0_Q_0.5/simulation_7
2025-01-10 13:21:00,355 - INFO - Running command: /usr/local/bin/python3.13 /Users/tomsayada/spectral_analysis_project/src/run_ratio_constrained_fit.py --data_dir /Users/tomsayada/spectral_analysis_project/data/K_1_100.0_K_2_140.0_SNR_30.0_Q_0.5/simulation_7 --output_dir /Users/tomsayada/spectral_analysis_project/data/K_1_100.0_K_2_140.0_SNR_30.0_Q_0.5/simulation_7/ratio_sym_weighted_nobaseline_fit_results --profile_type sym --lines He4026,He4388,He4471,H4340
2025-01-10 13:21:00,858 - ERROR - run_ratio_constrained_fit.py failed (rc=1)
2025-01-10 13:21:00,858 - INFO - Found 25 observation files in /Users/tomsayada/spectral_analysis_project/data/K_1_100.0_K_2_140.0_SNR_30.0_Q_0.5/simulation_8
2025-01-10 13:21:00,859 - INFO - Running command: /usr/local/bin/python3.13 /Users/tomsayada/spectral_analysis_project/src/run_ratio_constrained_fit.py --data_dir /Users/tomsayada/spectral_analysis_project/data/K_1_100.0_K_2_140.0_SNR_30.0_Q_0.5/simulation_8 --output_dir /Users/tomsayada/spectral_analysis_project/data/K_1_100.0_K_2_140.0_SNR_30.0_Q_0.5/simulation_8/ratio_sym_weighted_nobaseline_fit_results --profile_type sym --lines He4026,He4388,He4471,H4340
2025-01-10 13:21:01,348 - ERROR - run_ratio_constrained_fit.py failed (rc=1)
2025-01-10 13:21:01,348 - INFO - Retrying /Users/tomsayada/spectral_analysis_project/data/K_1_100.0_K_2_140.0_SNR_30.0_Q_0.5/simulation_8 (attempt 1)
2025-01-10 13:21:01,349 - INFO - Found 25 observation files in /Users/tomsayada/spectral_analysis_project/data/K_1_100.0_K_2_140.0_SNR_30.0_Q_0.5/simulation_8
2025-01-10 13:21:01,349 - INFO - Running command: /usr/local/bin/python3.13 /Users/tomsayada/spectral_analysis_project/src/run_ratio_constrained_fit.py --data_dir /Users/tomsayada/spectral_analysis_project/data/K_1_100.0_K_2_140.0_SNR_30.0_Q_0.5/simulation_8 --output_dir /Users/tomsayada/spectral_analysis_project/data/K_1_100.0_K_2_140.0_SNR_30.0_Q_0.5/simulation_8/ratio_sym_weighted_nobaseline_fit_results --profile_type sym --lines He4026,He4388,He4471,H4340
2025-01-10 13:21:01,843 - ERROR - run_ratio_constrained_fit.py failed (rc=1)
2025-01-10 13:21:01,843 - INFO - Retrying /Users/tomsayada/spectral_analysis_project/data/K_1_100.0_K_2_140.0_SNR_30.0_Q_0.5/simulation_8 (attempt 2)
2025-01-10 13:21:01,844 - INFO - Found 25 observation files in /Users/tomsayada/spectral_analysis_project/data/K_1_100.0_K_2_140.0_SNR_30.0_Q_0.5/simulation_8
2025-01-10 13:21:01,844 - INFO - Running command: /usr/local/bin/python3.13 /Users/tomsayada/spectral_analysis_project/src/run_ratio_constrained_fit.py --data_dir /Users/tomsayada/spectral_analysis_project/data/K_1_100.0_K_2_140.0_SNR_30.0_Q_0.5/simulation_8 --output_dir /Users/tomsayada/spectral_analysis_project/data/K_1_100.0_K_2_140.0_SNR_30.0_Q_0.5/simulation_8/ratio_sym_weighted_nobaseline_fit_results --profile_type sym --lines He4026,He4388,He4471,H4340
2025-01-10 13:21:02,346 - ERROR - run_ratio_constrained_fit.py failed (rc=1)
2025-01-10 13:21:02,346 - INFO - Retrying /Users/tomsayada/spectral_analysis_project/data/K_1_100.0_K_2_140.0_SNR_30.0_Q_0.5/simulation_8 (attempt 3)
2025-01-10 13:21:02,346 - INFO - Found 25 observation files in /Users/tomsayada/spectral_analysis_project/data/K_1_100.0_K_2_140.0_SNR_30.0_Q_0.5/simulation_8
2025-01-10 13:21:02,347 - INFO - Running command: /usr/local/bin/python3.13 /Users/tomsayada/spectral_analysis_project/src/run_ratio_constrained_fit.py --data_dir /Users/tomsayada/spectral_analysis_project/data/K_1_100.0_K_2_140.0_SNR_30.0_Q_0.5/simulation_8 --output_dir /Users/tomsayada/spectral_analysis_project/data/K_1_100.0_K_2_140.0_SNR_30.0_Q_0.5/simulation_8/ratio_sym_weighted_nobaseline_fit_results --profile_type sym --lines He4026,He4388,He4471,H4340
2025-01-10 13:21:02,851 - ERROR - run_ratio_constrained_fit.py failed (rc=1)
2025-01-10 13:21:02,852 - INFO - Found 25 observation files in /Users/tomsayada/spectral_analysis_project/data/K_1_100.0_K_2_140.0_SNR_30.0_Q_0.5/simulation_9
2025-01-10 13:21:02,852 - INFO - Running command: /usr/local/bin/python3.13 /Users/tomsayada/spectral_analysis_project/src/run_ratio_constrained_fit.py --data_dir /Users/tomsayada/spectral_analysis_project/data/K_1_100.0_K_2_140.0_SNR_30.0_Q_0.5/simulation_9 --output_dir /Users/tomsayada/spectral_analysis_project/data/K_1_100.0_K_2_140.0_SNR_30.0_Q_0.5/simulation_9/ratio_sym_weighted_nobaseline_fit_results --profile_type sym --lines He4026,He4388,He4471,H4340
2025-01-10 13:21:03,368 - ERROR - run_ratio_constrained_fit.py failed (rc=1)
2025-01-10 13:21:03,368 - INFO - Retrying /Users/tomsayada/spectral_analysis_project/data/K_1_100.0_K_2_140.0_SNR_30.0_Q_0.5/simulation_9 (attempt 1)
2025-01-10 13:21:03,368 - INFO - Found 25 observation files in /Users/tomsayada/spectral_analysis_project/data/K_1_100.0_K_2_140.0_SNR_30.0_Q_0.5/simulation_9
2025-01-10 13:21:03,368 - INFO - Running command: /usr/local/bin/python3.13 /Users/tomsayada/spectral_analysis_project/src/run_ratio_constrained_fit.py --data_dir /Users/tomsayada/spectral_analysis_project/data/K_1_100.0_K_2_140.0_SNR_30.0_Q_0.5/simulation_9 --output_dir /Users/tomsayada/spectral_analysis_project/data/K_1_100.0_K_2_140.0_SNR_30.0_Q_0.5/simulation_9/ratio_sym_weighted_nobaseline_fit_results --profile_type sym --lines He4026,He4388,He4471,H4340
2025-01-10 13:21:03,861 - ERROR - run_ratio_constrained_fit.py failed (rc=1)
2025-01-10 13:21:03,862 - INFO - Retrying /Users/tomsayada/spectral_analysis_project/data/K_1_100.0_K_2_140.0_SNR_30.0_Q_0.5/simulation_9 (attempt 2)
2025-01-10 13:21:03,862 - INFO - Found 25 observation files in /Users/tomsayada/spectral_analysis_project/data/K_1_100.0_K_2_140.0_SNR_30.0_Q_0.5/simulation_9
2025-01-10 13:21:03,862 - INFO - Running command: /usr/local/bin/python3.13 /Users/tomsayada/spectral_analysis_project/src/run_ratio_constrained_fit.py --data_dir /Users/tomsayada/spectral_analysis_project/data/K_1_100.0_K_2_140.0_SNR_30.0_Q_0.5/simulation_9 --output_dir /Users/tomsayada/spectral_analysis_project/data/K_1_100.0_K_2_140.0_SNR_30.0_Q_0.5/simulation_9/ratio_sym_weighted_nobaseline_fit_results --profile_type sym --lines He4026,He4388,He4471,H4340
2025-01-10 13:21:04,352 - ERROR - run_ratio_constrained_fit.py failed (rc=1)
2025-01-10 13:21:04,352 - INFO - Retrying /Users/tomsayada/spectral_analysis_project/data/K_1_100.0_K_2_140.0_SNR_30.0_Q_0.5/simulation_9 (attempt 3)
2025-01-10 13:21:04,352 - INFO - Found 25 observation files in /Users/tomsayada/spectral_analysis_project/data/K_1_100.0_K_2_140.0_SNR_30.0_Q_0.5/simulation_9
2025-01-10 13:21:04,352 - INFO - Running command: /usr/local/bin/python3.13 /Users/tomsayada/spectral_analysis_project/src/run_ratio_constrained_fit.py --data_dir /Users/tomsayada/spectral_analysis_project/data/K_1_100.0_K_2_140.0_SNR_30.0_Q_0.5/simulation_9 --output_dir /Users/tomsayada/spectral_analysis_project/data/K_1_100.0_K_2_140.0_SNR_30.0_Q_0.5/simulation_9/ratio_sym_weighted_nobaseline_fit_results --profile_type sym --lines He4026,He4388,He4471,H4340
2025-01-10 13:21:04,842 - ERROR - run_ratio_constrained_fit.py failed (rc=1)
2025-01-10 13:21:04,843 - INFO - Found 25 observation files in /Users/tomsayada/spectral_analysis_project/data/K_1_100.0_K_2_140.0_SNR_30.0_Q_0.5/simulation_10
2025-01-10 13:21:04,843 - INFO - Running command: /usr/local/bin/python3.13 /Users/tomsayada/spectral_analysis_project/src/run_ratio_constrained_fit.py --data_dir /Users/tomsayada/spectral_analysis_project/data/K_1_100.0_K_2_140.0_SNR_30.0_Q_0.5/simulation_10 --output_dir /Users/tomsayada/spectral_analysis_project/data/K_1_100.0_K_2_140.0_SNR_30.0_Q_0.5/simulation_10/ratio_sym_weighted_nobaseline_fit_results --profile_type sym --lines He4026,He4388,He4471,H4340
2025-01-10 13:21:05,340 - ERROR - run_ratio_constrained_fit.py failed (rc=1)
2025-01-10 13:21:05,340 - INFO - Retrying /Users/tomsayada/spectral_analysis_project/data/K_1_100.0_K_2_140.0_SNR_30.0_Q_0.5/simulation_10 (attempt 1)
2025-01-10 13:21:05,341 - INFO - Found 25 observation files in /Users/tomsayada/spectral_analysis_project/data/K_1_100.0_K_2_140.0_SNR_30.0_Q_0.5/simulation_10
2025-01-10 13:21:05,341 - INFO - Running command: /usr/local/bin/python3.13 /Users/tomsayada/spectral_analysis_project/src/run_ratio_constrained_fit.py --data_dir /Users/tomsayada/spectral_analysis_project/data/K_1_100.0_K_2_140.0_SNR_30.0_Q_0.5/simulation_10 --output_dir /Users/tomsayada/spectral_analysis_project/data/K_1_100.0_K_2_140.0_SNR_30.0_Q_0.5/simulation_10/ratio_sym_weighted_nobaseline_fit_results --profile_type sym --lines He4026,He4388,He4471,H4340
2025-01-10 13:21:05,831 - ERROR - run_ratio_constrained_fit.py failed (rc=1)
2025-01-10 13:21:05,831 - INFO - Retrying /Users/tomsayada/spectral_analysis_project/data/K_1_100.0_K_2_140.0_SNR_30.0_Q_0.5/simulation_10 (attempt 2)
2025-01-10 13:21:05,831 - INFO - Found 25 observation files in /Users/tomsayada/spectral_analysis_project/data/K_1_100.0_K_2_140.0_SNR_30.0_Q_0.5/simulation_10
2025-01-10 13:21:05,831 - INFO - Running command: /usr/local/bin/python3.13 /Users/tomsayada/spectral_analysis_project/src/run_ratio_constrained_fit.py --data_dir /Users/tomsayada/spectral_analysis_project/data/K_1_100.0_K_2_140.0_SNR_30.0_Q_0.5/simulation_10 --output_dir /Users/tomsayada/spectral_analysis_project/data/K_1_100.0_K_2_140.0_SNR_30.0_Q_0.5/simulation_10/ratio_sym_weighted_nobaseline_fit_results --profile_type sym --lines He4026,He4388,He4471,H4340
2025-01-10 13:21:06,321 - ERROR - run_ratio_constrained_fit.py failed (rc=1)
2025-01-10 13:21:06,321 - INFO - Retrying /Users/tomsayada/spectral_analysis_project/data/K_1_100.0_K_2_140.0_SNR_30.0_Q_0.5/simulation_10 (attempt 3)
2025-01-10 13:21:06,321 - INFO - Found 25 observation files in /Users/tomsayada/spectral_analysis_project/data/K_1_100.0_K_2_140.0_SNR_30.0_Q_0.5/simulation_10
2025-01-10 13:21:06,321 - INFO - Running command: /usr/local/bin/python3.13 /Users/tomsayada/spectral_analysis_project/src/run_ratio_constrained_fit.py --data_dir /Users/tomsayada/spectral_analysis_project/data/K_1_100.0_K_2_140.0_SNR_30.0_Q_0.5/simulation_10 --output_dir /Users/tomsayada/spectral_analysis_project/data/K_1_100.0_K_2_140.0_SNR_30.0_Q_0.5/simulation_10/ratio_sym_weighted_nobaseline_fit_results --profile_type sym --lines He4026,He4388,He4471,H4340
2025-01-10 13:21:06,803 - ERROR - run_ratio_constrained_fit.py failed (rc=1)
2025-01-10 13:25:13,500 - ERROR - run_ratio_constrained_fit.py failed (rc=1)
2025-01-10 13:25:45,549 - ERROR - run_ratio_constrained_fit.py failed (rc=1)
2025-01-10 13:25:56,412 - ERROR - run_ratio_constrained_fit.py failed (rc=1)
2025-01-10 13:25:56,428 - INFO - Analysis complete => 0/10 successful
2025-01-10 13:25:56,430 - INFO - Saved summary: /Users/tomsayada/spectral_analysis_project/data/K_1_100.0_K_2_140.0_SNR_30.0_Q_0.5/analysis_results_20250110_124955/analysis_summary.json
2025-01-10 13:25:56,430 - WARNING - Some folders failed; check logs or analysis_summary.json
2025-01-10 13:40:18,715 - INFO - Select the parent data folder:
2025-01-10 13:40:30,298 - INFO - User selected folder: /Users/tomsayada/spectral_analysis_project/data/K_1_100.0_K_2_150.0_SNR_40.0_Q_0.5
2025-01-10 13:40:30,299 - INFO - Data folder set to: /Users/tomsayada/spectral_analysis_project/data/K_1_100.0_K_2_150.0_SNR_40.0_Q_0.5
2025-01-10 13:40:30,299 - INFO - Base output: /Users/tomsayada/spectral_analysis_project/data/K_1_100.0_K_2_150.0_SNR_40.0_Q_0.5/analysis_results_20250110_134030
2025-01-10 13:40:30,316 - INFO - Found 25 observation files in /Users/tomsayada/spectral_analysis_project/data/K_1_100.0_K_2_150.0_SNR_40.0_Q_0.5/simulation_1
2025-01-10 13:40:30,316 - INFO - Running command: /usr/local/bin/python3.13 /Users/tomsayada/spectral_analysis_project/src/run_standard_fit.py --data_dir /Users/tomsayada/spectral_analysis_project/data/K_1_100.0_K_2_150.0_SNR_40.0_Q_0.5/simulation_1 --output_dir /Users/tomsayada/spectral_analysis_project/data/K_1_100.0_K_2_150.0_SNR_40.0_Q_0.5/simulation_1/standard_sym_weighted_nobaseline_fit_results --profile_type sym --lines He4026,He4388,He4471,H4340
2025-01-10 13:41:04,272 - INFO - Analysis complete for /Users/tomsayada/spectral_analysis_project/data/K_1_100.0_K_2_150.0_SNR_40.0_Q_0.5/simulation_1. Results in: /Users/tomsayada/spectral_analysis_project/data/K_1_100.0_K_2_150.0_SNR_40.0_Q_0.5/simulation_1/standard_sym_weighted_nobaseline_fit_results
2025-01-10 13:41:04,272 - INFO - Analysis complete => 1/1 successful
2025-01-10 13:41:04,272 - INFO - Saved summary: /Users/tomsayada/spectral_analysis_project/data/K_1_100.0_K_2_150.0_SNR_40.0_Q_0.5/analysis_results_20250110_134030/analysis_summary.json
2025-01-10 13:52:30,013 - INFO - Select the parent data folder:
2025-01-10 13:52:40,000 - INFO - User selected folder: /Users/tomsayada/spectral_analysis_project/data/K_1_100.0_K_2_150.0_SNR_40.0_Q_0.5
2025-01-10 13:52:40,001 - INFO - Data folder set to: /Users/tomsayada/spectral_analysis_project/data/K_1_100.0_K_2_150.0_SNR_40.0_Q_0.5
2025-01-10 13:52:40,002 - INFO - Base output: /Users/tomsayada/spectral_analysis_project/data/K_1_100.0_K_2_150.0_SNR_40.0_Q_0.5/analysis_results_20250110_135240
2025-01-10 13:52:40,011 - INFO - Found 25 observation files in /Users/tomsayada/spectral_analysis_project/data/K_1_100.0_K_2_150.0_SNR_40.0_Q_0.5/simulation_1
2025-01-10 13:52:40,011 - INFO - Running command: /usr/local/bin/python3.13 /Users/tomsayada/spectral_analysis_project/src/run_standard_fit.py --data_dir /Users/tomsayada/spectral_analysis_project/data/K_1_100.0_K_2_150.0_SNR_40.0_Q_0.5/simulation_1 --output_dir /Users/tomsayada/spectral_analysis_project/data/K_1_100.0_K_2_150.0_SNR_40.0_Q_0.5/simulation_1/standard_sym_weighted_nobaseline_fit_results --profile_type sym --lines He4026,He4388,He4471,H4340
2025-01-10 13:53:13,977 - INFO - Analysis complete for /Users/tomsayada/spectral_analysis_project/data/K_1_100.0_K_2_150.0_SNR_40.0_Q_0.5/simulation_1. Results in: /Users/tomsayada/spectral_analysis_project/data/K_1_100.0_K_2_150.0_SNR_40.0_Q_0.5/simulation_1/standard_sym_weighted_nobaseline_fit_results
2025-01-10 13:53:13,977 - INFO - Analysis complete => 1/1 successful
2025-01-10 13:53:13,978 - INFO - Saved summary: /Users/tomsayada/spectral_analysis_project/data/K_1_100.0_K_2_150.0_SNR_40.0_Q_0.5/analysis_results_20250110_135240/analysis_summary.json
2025-01-10 16:15:14,019 - INFO - Analysis complete for /Users/tomsayada/spectral_analysis_project/data/K_1_50.0_K_2_100.0_SNR_50.0_Q_0.5/simulation_5. Results in: /Users/tomsayada/spectral_analysis_project/data/K_1_50.0_K_2_100.0_SNR_50.0_Q_0.5/simulation_5/standard_sym_weighted_nobaseline_fit_results
